{
  "seasons": {
    "2023-2024": {
      "season": "2023-2024",
      "generated_at": "2025-10-22T14:25:36.455313",
      "total_games": 1312,
      "teams": {
        "NSH": {
          "games_played": 82,
          "xg_sum": 281.1225451091524,
          "hdc_sum": 802.0,
          "gs_sum": 406.3750000000002,
          "xg_avg": 3.4283237208433217,
          "hdc_avg": 9.78048780487805,
          "gs_avg": 4.955792682926832
        },
        "TBL": {
          "games_played": 82,
          "xg_sum": 262.14646936001174,
          "hdc_sum": 757.0,
          "gs_sum": 400.7250000000001,
          "xg_avg": 3.1969081629269724,
          "hdc_avg": 9.231707317073171,
          "gs_avg": 4.88689024390244
        },
        "CHI": {
          "games_played": 82,
          "xg_sum": 216.32950980035338,
          "hdc_sum": 495.0,
          "gs_sum": 300.875,
          "xg_avg": 2.638164753662846,
          "hdc_avg": 6.036585365853658,
          "gs_avg": 3.669207317073171
        },
        "PIT": {
          "games_played": 82,
          "xg_sum": 287.53703236838476,
          "hdc_sum": 797.0,
          "gs_sum": 413.10000000000014,
          "xg_avg": 3.506549175224204,
          "hdc_avg": 9.71951219512195,
          "gs_avg": 5.0378048780487825
        },
        "SEA": {
          "games_played": 82,
          "xg_sum": 256.62255562403635,
          "hdc_sum": 646.0,
          "gs_sum": 365.4250000000001,
          "xg_avg": 3.129543361268736,
          "hdc_avg": 7.878048780487805,
          "gs_avg": 4.456402439024392
        },
        "VGK": {
          "games_played": 82,
          "xg_sum": 263.72717317092673,
          "hdc_sum": 553.0,
          "gs_sum": 408.575,
          "xg_avg": 3.2161850386698383,
          "hdc_avg": 6.7439024390243905,
          "gs_avg": 4.982621951219512
        },
        "OTT": {
          "games_played": 82,
          "xg_sum": 262.70542971388073,
          "hdc_sum": 739.0,
          "gs_sum": 389.04999999999995,
          "xg_avg": 3.2037247526083017,
          "hdc_avg": 9.012195121951219,
          "gs_avg": 4.744512195121951
        },
        "CAR": {
          "games_played": 82,
          "xg_sum": 295.2020316493951,
          "hdc_sum": 533.0,
          "gs_sum": 435.2750000000001,
          "xg_avg": 3.6000247762121353,
          "hdc_avg": 6.5,
          "gs_avg": 5.308231707317074
        },
        "MTL": {
          "games_played": 82,
          "xg_sum": 248.7041584727063,
          "hdc_sum": 519.0,
          "gs_sum": 348.67500000000007,
          "xg_avg": 3.0329775423500767,
          "hdc_avg": 6.329268292682927,
          "gs_avg": 4.252134146341464
        },
        "TOR": {
          "games_played": 82,
          "xg_sum": 290.98008990642444,
          "hdc_sum": 608.0,
          "gs_sum": 432.2000000000001,
          "xg_avg": 3.548537681785664,
          "hdc_avg": 7.414634146341464,
          "gs_avg": 5.270731707317075
        },
        "BOS": {
          "games_played": 82,
          "xg_sum": 258.14120759034245,
          "hdc_sum": 758.0,
          "gs_sum": 376.425,
          "xg_avg": 3.148063507199298,
          "hdc_avg": 9.24390243902439,
          "gs_avg": 4.590548780487805
        },
        "WPG": {
          "games_played": 82,
          "xg_sum": 247.90831223330431,
          "hdc_sum": 513.0,
          "gs_sum": 385.90000000000003,
          "xg_avg": 3.02327210040615,
          "hdc_avg": 6.2560975609756095,
          "gs_avg": 4.706097560975611
        },
        "CGY": {
          "games_played": 82,
          "xg_sum": 261.7468490959115,
          "hdc_sum": 524.0,
          "gs_sum": 393.1999999999999,
          "xg_avg": 3.1920347450720916,
          "hdc_avg": 6.390243902439025,
          "gs_avg": 4.79512195121951
        },
        "COL": {
          "games_played": 82,
          "xg_sum": 285.9795257321112,
          "hdc_sum": 582.0,
          "gs_sum": 437.85,
          "xg_avg": 3.4875551918550145,
          "hdc_avg": 7.097560975609756,
          "gs_avg": 5.339634146341464
        },
        "LAK": {
          "games_played": 82,
          "xg_sum": 263.71952587587305,
          "hdc_sum": 515.0,
          "gs_sum": 400.34999999999997,
          "xg_avg": 3.2160917789740617,
          "hdc_avg": 6.280487804878049,
          "gs_avg": 4.882317073170731
        },
        "EDM": {
          "games_played": 82,
          "xg_sum": 313.2161085413657,
          "hdc_sum": 881.0,
          "gs_sum": 433.57499999999993,
          "xg_avg": 3.8197086407483622,
          "hdc_avg": 10.74390243902439,
          "gs_avg": 5.287499999999999
        },
        "VAN": {
          "games_played": 82,
          "xg_sum": 267.22110472888113,
          "hdc_sum": 532.0,
          "gs_sum": 383.8249999999998,
          "xg_avg": 3.2587939601083065,
          "hdc_avg": 6.487804878048781,
          "gs_avg": 4.680792682926827
        },
        "NYR": {
          "games_played": 82,
          "xg_sum": 269.0089417182963,
          "hdc_sum": 538.0,
          "gs_sum": 412.15000000000003,
          "xg_avg": 3.2805968502231253,
          "hdc_avg": 6.560975609756097,
          "gs_avg": 5.026219512195122
        },
        "BUF": {
          "games_played": 82,
          "xg_sum": 240.3482411612564,
          "hdc_sum": 748.0,
          "gs_sum": 379.4250000000001,
          "xg_avg": 2.931076111722639,
          "hdc_avg": 9.121951219512194,
          "gs_avg": 4.627134146341465
        },
        "PHI": {
          "games_played": 82,
          "xg_sum": 264.3568248799972,
          "hdc_sum": 544.0,
          "gs_sum": 387.37500000000017,
          "xg_avg": 3.2238637180487464,
          "hdc_avg": 6.634146341463414,
          "gs_avg": 4.724085365853661
        },
        "CBJ": {
          "games_played": 82,
          "xg_sum": 255.88574136495302,
          "hdc_sum": 702.0,
          "gs_sum": 376.4000000000001,
          "xg_avg": 3.120557821523817,
          "hdc_avg": 8.560975609756097,
          "gs_avg": 4.590243902439026
        },
        "DET": {
          "games_played": 82,
          "xg_sum": 246.19699614571888,
          "hdc_sum": 587.0,
          "gs_sum": 385.47500000000014,
          "xg_avg": 3.002402392020962,
          "hdc_avg": 7.158536585365853,
          "gs_avg": 4.7009146341463435
        },
        "NJD": {
          "games_played": 82,
          "xg_sum": 272.104959728888,
          "hdc_sum": 709.0,
          "gs_sum": 398.5250000000001,
          "xg_avg": 3.3183531674254634,
          "hdc_avg": 8.646341463414634,
          "gs_avg": 4.860060975609757
        },
        "STL": {
          "games_played": 82,
          "xg_sum": 235.8496878958776,
          "hdc_sum": 683.0,
          "gs_sum": 362.62499999999994,
          "xg_avg": 2.876215706047288,
          "hdc_avg": 8.329268292682928,
          "gs_avg": 4.422256097560975
        },
        "DAL": {
          "games_played": 82,
          "xg_sum": 282.8543769826554,
          "hdc_sum": 605.0,
          "gs_sum": 436.19999999999993,
          "xg_avg": 3.4494436217397,
          "hdc_avg": 7.378048780487805,
          "gs_avg": 5.31951219512195
        },
        "FLA": {
          "games_played": 82,
          "xg_sum": 295.9116948279359,
          "hdc_sum": 594.0,
          "gs_sum": 412.90000000000003,
          "xg_avg": 3.6086792052187304,
          "hdc_avg": 7.2439024390243905,
          "gs_avg": 5.035365853658537
        },
        "MIN": {
          "games_played": 82,
          "xg_sum": 261.9906402577105,
          "hdc_sum": 567.0,
          "gs_sum": 375.60000000000014,
          "xg_avg": 3.1950078080208595,
          "hdc_avg": 6.914634146341464,
          "gs_avg": 4.58048780487805
        },
        "SJS": {
          "games_played": 82,
          "xg_sum": 216.30700183783475,
          "hdc_sum": 567.0,
          "gs_sum": 299.5000000000001,
          "xg_avg": 2.637890266315058,
          "hdc_avg": 6.914634146341464,