{
  "updated_at_utc": "2026-04-20T14:19:36Z",
  "xgb_cal_mean_acc": 0.5285714285714287,
  "xgb_cal_mean_logloss": 0.8859199356388828,
  "elo_mean_acc": 0.5493506493506495,
  "elo_mean_logloss": 0.6836639197975485
}