{
  "updated_at_utc": "2026-04-22T11:41:15Z",
  "xgb_champion": "full",
  "variants": {
    "full": {
      "train_n": 868,
      "test_acc": 0.5779816513761468,
      "test_logloss": 0.7107871698521743,
      "recent_eval": {
        "recent_n": 200,
        "xgb_recent_logloss": 0.705069408677176,
        "xgb_recent_acc": 0.6083333333333333,
        "elo_recent_logloss": 0.6794464785626685,
        "elo_recent_acc": 0.5416666666666666,
        "xgb_recent_p05": 0.1888521857559681,
        "xgb_recent_p50": 0.618090946487111,
        "xgb_recent_p95": 0.8858526796102524
      }
    },
    "recent": {
      "train_n": 300,
      "test_acc": 0.5596330275229358,
      "test_logloss": 1.1146629618274446,
      "recent_eval": {
        "recent_n": 200,
        "xgb_recent_logloss": 0.7055880540929278,
        "xgb_recent_acc": 0.6083333333333333,
        "elo_recent_logloss": 0.678328569683858,
        "elo_recent_acc": 0.525,
        "xgb_recent_p05": 0.18949289247393608,
        "xgb_recent_p50": 0.5775172367305095,
        "xgb_recent_p95": 0.8845029681921005
      }
    }
  },
  "xgb_recent_logloss": 0.7055880540929278,
  "elo_recent_logloss": 0.678328569683858,
  "ensemble_mode": "elo_champion",
  "ensemble_weights": {
    "xgb": 0.0,
    "elo": 0.35,
    "specialized": 0.15,
    "player": 0.1,
    "base": 0.05,
    "vegas": 0.15
  },
  "ensemble_shrink_alpha": 0.45481031181860443
}