{
  "updated_at_utc": "2026-04-26T15:24:27Z",
  "xgb_champion": "full",
  "variants": {
    "full": {
      "train_n": 853,
      "test_acc": 0.6542056074766355,
      "test_logloss": 0.649524266553569,
      "recent_eval": {
        "recent_n": 200,
        "xgb_recent_logloss": 0.27735129277088916,
        "xgb_recent_acc": 0.9,
        "elo_recent_logloss": 0.6941468908876937,
        "elo_recent_acc": 0.49166666666666664,
        "xgb_recent_brier": 0.07566152248499029,
        "elo_recent_brier": 0.2504665240711638,
        "xgb_recent_ece": 0.1252564658694323,
        "elo_recent_ece": 0.05865158933187448,
        "xgb_recent_brier_cal": 0.056255056559840484,
        "xgb_recent_ece_cal": 0.051776726474776213,
        "xgb_prob_calibration_points": [
          [
            0.0,
            0.0
          ],
          [
            0.01,
            0.0
          ],
          [
            0.02,
            0.0
          ],
          [
            0.03,
            0.0
          ],
          [
            0.04,
            0.0
          ],
          [
            0.05,
            0.0
          ],
          [
            0.06,
            0.0
          ],
          [
            0.07,
            0.0
          ],
          [
            0.08,
            0.0
          ],
          [
            0.09,
            0.0
          ],
          [
            0.1,
            0.0
          ],
          [
            0.11,
            0.0
          ],
          [
            0.12,
            0.0
          ],
          [
            0.13,
            0.0
          ],
          [
            0.14,
            0.0
          ],
          [
            0.15,
            0.0
          ],
          [
            0.16,
            0.0
          ],
          [
            0.17,
            0.0
          ],
          [
            0.18,
            0.0
          ],
          [
            0.19,
            0.0
          ],
          [
            0.2,
            0.0
          ],
          [
            0.21,
            0.0
          ],
          [
            0.22,
            0.0
          ],
          [
            0.23,
            0.0
          ],
          [
            0.24,
            0.0
          ],
          [
            0.25,
            0.0
          ],
          [
            0.26,
            0.0
          ],
          [
            0.27,
            0.0
          ],
          [
            0.28,
            0.0
          ],
          [
            0.29,
            0.0
          ],
          [
            0.3,
            0.0
          ],
          [
            0.31,
            0.0
          ],
          [
            0.32,
            0.0
          ],
          [
            0.33,
            0.019689356612373185
          ],
          [
            0.34,
            0.09295368428315484
          ],
          [
            0.35000000000000003,
            0.16621801195393648
          ],
          [
            0.36,
            0.23948233962471774
          ],
          [
            0.37,
            0.3127466672954994
          ],
          [
            0.38,
            0.38601099496628105
          ],
          [
            0.39,
            0.4592753226370627
          ],
          [
            0.4,
            0.5
          ],
          [
            0.41000000000000003,
            0.5
          ],
          [
            0.42,
            0.5
          ],
          [
            0.43,
            0.5180831441601734
          ],
          [
            0.44,
            0.5466759276301887
          ],
          [
            0.45,
            0.5752687111002038
          ],
          [
            0.46,
            0.6038614945702191
          ],
          [
            0.47000000000000003,
            0.625
          ],
          [
            0.48,
            0.625
          ],
          [
            0.49,
            0.625
          ],
          [
            0.5,
            0.625
          ],
          [
            0.51,
            0.625
          ],
          [
            0.52,
            0.625
          ],
          [
            0.53,
            0.625
          ],
          [
            0.54,
            0.625
          ],
          [
            0.55,
            0.625
          ],
          [
            0.56,
            0.625
          ],
          [
            0.5700000000000001,
            0.625
          ],
          [
            0.58,
            0.625
          ],
          [
            0.59,
            0.625
          ],
          [
            0.6,
            0.625
          ],
          [
            0.61,
            0.625
          ],
          [
            0.62,
            0.625
          ],
          [
            0.63,
            0.625
          ],
          [
            0.64,
            0.625
          ],
          [
            0.65,
            0.625
          ],
          [
            0.66,
            0.625
          ],
          [
            0.67,
            0.625
          ],
          [
            0.68,
            0.625
          ],
          [
            0.6900000000000001,
            0.625
          ],
          [
            0.7000000000000001,
            0.625
          ],
          [
            0.71,
            0.8196773232671909
          ],
          [
            0.72,
            1.0
          ],
          [
            0.73,
            1.0
          ],
          [
            0.74,
            1.0
          ],
          [
            0.75,
            1.0
          ],
          [
            0.76,
            1.0
          ],
          [
            0.77,
            1.0
          ],
          [
            0.78,
            1.0
          ],
          [
            0.79,
            1.0
          ],
          [
            0.8,
            1.0
          ],
          [
            0.81,
            1.0
          ],
          [
            0.8200000000000001,
            1.0
          ],
          [
            0.8300000000000001,
            1.0
          ],
          [
            0.84,
            1.0
          ],
          [
            0.85,
            1.0
          ],
          [
            0.86,
            1.0
          ],
          [
            0.87,
            1.0
          ],
          [
            0.88,
            1.0
          ],
          [
            0.89,
            1.0
          ],
          [
            0.9,
            1.0
          ],
          [
            0.91,
            1.0
          ],
          [
            0.92,
            1.0
          ],
          [
            0.93,
            1.0
          ],
          [
            0.9400000000000001,
            1.0
          ],
          [
            0.9500000000000001,
            1.0
          ],
          [
            0.96,
            1.0
          ],
          [
            0.97,
            1.0
          ],
          [
            0.98,
            1.0
          ],
          [
            0.99,
            1.0
          ],
          [
            1.0,
            1.0
          ]
        ],
        "xgb_recent_p05": 0.06938368509152602,
        "xgb_recent_p50": 0.6078053451004413,
        "xgb_recent_p95": 0.9518745576430152
      }
    },
    "recent": {
      "train_n": 300,
      "test_acc": 0.5794392523364486,
      "test_logloss": 0.6757877514955535,
      "recent_eval": {
        "recent_n": 200,
        "xgb_recent_logloss": 0.27952049664436895,
        "xgb_recent_acc": 0.9083333333333333,
        "elo_recent_logloss": 0.6945742244238783,
        "elo_recent_acc": 0.5,
        "xgb_recent_brier": 0.07748269214140611,
        "elo_recent_brier": 0.250673273919517,
        "xgb_recent_ece": 0.11210078602846864,
        "elo_recent_ece": 0.050489051437947394,
        "xgb_recent_brier_cal": 0.07630671503608093,
        "xgb_recent_ece_cal": 0.07044061328590726,