{
  "season": "2025-2026",
  "generated_at": "2025-12-06T03:13:03.770132",
  "total_games": 4,
  "teams": {
    "VGK": {
      "games_played": 1,
      "xg_sum": 3.1562438743895,
      "hdc_sum": 3.0,
      "gs_sum": 4.250000000000001,
      "xg_avg": 3.1562438743895,
      "hdc_avg": 3.0,
      "gs_avg": 4.250000000000001
    },
    "NJD": {
      "games_played": 1,
      "xg_sum": 2.5624020616875,
      "hdc_sum": 2.0,
      "gs_sum": 2.7,
      "xg_avg": 2.5624020616875,
      "hdc_avg": 2.0,
      "gs_avg": 2.7
    },
    "BUF": {
      "games_played": 1,
      "xg_sum": 4.346134025925001,
      "hdc_sum": 12.0,
      "gs_sum": 3.400000000000001,
      "xg_avg": 4.346134025925001,
      "hdc_avg": 12.0,
      "gs_avg": 3.400000000000001
    },
    "WPG": {
      "games_played": 1,
      "xg_sum": 2.0342438954874997,
      "hdc_sum": 5.0,
      "gs_sum": 4.325000000000002,
      "xg_avg": 2.0342438954874997,
      "hdc_avg": 5.0,
      "gs_avg": 4.325000000000002
    }
  }
}