{
  "season": "2025-2026",
  "generated_at": "2026-02-04T04:55:07.237325",
  "total_games": 242,
  "teams": {
    "BUF": {
      "games_played": 9,
      "xg_sum": 25.553332395554587,
      "hdc_sum": 57.0,
      "gs_sum": 43.20000000000001,
      "xg_avg": 2.8392591550616206,
      "hdc_avg": 6.333333333333333,
      "gs_avg": 4.800000000000001
    },
    "CAR": {
      "games_played": 7,
      "xg_sum": 23.4605685834697,
      "hdc_sum": 45.0,
      "gs_sum": 33.400000000000006,
      "xg_avg": 3.3515097976385286,
      "hdc_avg": 6.428571428571429,
      "gs_avg": 4.771428571428572
    },
    "WSH": {
      "games_played": 9,
      "xg_sum": 32.250134794260994,
      "hdc_sum": 80.0,
      "gs_sum": 41.77500000000001,
      "xg_avg": 3.583348310473444,
      "hdc_avg": 8.88888888888889,
      "gs_avg": 4.641666666666668
    },
    "COL": {
      "games_played": 8,
      "xg_sum": 27.84387661262435,
      "hdc_sum": 49.0,
      "gs_sum": 38.87500000000001,
      "xg_avg": 3.4804845765780437,
      "hdc_avg": 6.125,
      "gs_avg": 4.859375000000001
    },
    "PIT": {
      "games_played": 8,
      "xg_sum": 25.729063119001506,
      "hdc_sum": 71.0,
      "gs_sum": 44.45000000000001,
      "xg_avg": 3.216132889875188,
      "hdc_avg": 8.875,
      "gs_avg": 5.556250000000001
    },
    "SEA": {
      "games_played": 7,
      "xg_sum": 16.225296994049,
      "hdc_sum": 53.0,
      "gs_sum": 29.75,
      "xg_avg": 2.3178995705784287,
      "hdc_avg": 7.571428571428571,
      "gs_avg": 4.25
    },
    "SJS": {
      "games_played": 7,
      "xg_sum": 20.44132912657193,
      "hdc_sum": 60.0,
      "gs_sum": 28.550000000000004,
      "xg_avg": 2.9201898752245614,
      "hdc_avg": 8.571428571428571,
      "gs_avg": 4.078571428571429
    },
    "FLA": {
      "games_played": 8,
      "xg_sum": 25.006035593050903,
      "hdc_sum": 48.0,
      "gs_sum": 33.40000000000001,
      "xg_avg": 3.125754449131363,
      "hdc_avg": 6.0,
      "gs_avg": 4.175000000000002
    },
    "MIN": {
      "games_played": 8,
      "xg_sum": 26.17019521039155,
      "hdc_sum": 49.0,
      "gs_sum": 42.35000000000001,
      "xg_avg": 3.271274401298944,
      "hdc_avg": 6.125,
      "gs_avg": 5.293750000000001
    },
    "TOR": {
      "games_played": 9,
      "xg_sum": 29.795260373768564,
      "hdc_sum": 60.0,
      "gs_sum": 42.150000000000006,
      "xg_avg": 3.310584485974285,
      "hdc_avg": 6.666666666666667,
      "gs_avg": 4.683333333333334
    },
    "PHI": {
      "games_played": 8,
      "xg_sum": 23.704999663374405,
      "hdc_sum": 46.0,
      "gs_sum": 31.75,
      "xg_avg": 2.9631249579218006,
      "hdc_avg": 5.75,
      "gs_avg": 3.96875
    },
    "VGK": {
      "games_played": 8,
      "xg_sum": 28.306795054590754,
      "hdc_sum": 50.0,
      "gs_sum": 36.37500000000001,
      "xg_avg": 3.5383493818238443,
      "hdc_avg": 6.25,
      "gs_avg": 4.546875000000001
    },
    "WPG": {
      "games_played": 8,
      "xg_sum": 21.482998125745723,
      "hdc_sum": 43.0,
      "gs_sum": 26.450000000000003,
      "xg_avg": 2.6853747657182154,
      "hdc_avg": 5.375,
      "gs_avg": 3.3062500000000004
    },
    "CHI": {
      "games_played": 8,
      "xg_sum": 22.19303846874947,
      "hdc_sum": 53.0,
      "gs_sum": 31.125,
      "xg_avg": 2.774129808593684,
      "hdc_avg": 6.625,
      "gs_avg": 3.890625
    },
    "NJD": {
      "games_played": 8,
      "xg_sum": 22.169351630786526,
      "hdc_sum": 52.0,
      "gs_sum": 31.250000000000004,
      "xg_avg": 2.7711689538483157,
      "hdc_avg": 6.5,
      "gs_avg": 3.9062500000000004
    },
    "CGY": {
      "games_played": 7,
      "xg_sum": 22.25264122744804,
      "hdc_sum": 43.0,
      "gs_sum": 27.550000000000004,
      "xg_avg": 3.1789487467782918,
      "hdc_avg": 6.142857142857143,
      "gs_avg": 3.9357142857142864
    },
    "NYI": {
      "games_played": 9,
      "xg_sum": 25.98772884841865,
      "hdc_sum": 71.0,
      "gs_sum": 36.47500000000001,
      "xg_avg": 2.8875254276020725,
      "hdc_avg": 7.888888888888889,
      "gs_avg": 4.052777777777779
    },
    "VAN": {
      "games_played": 8,
      "xg_sum": 26.407400263343593,
      "hdc_sum": 53.0,
      "gs_sum": 32.650000000000006,
      "xg_avg": 3.300925032917949,
      "hdc_avg": 6.625,
      "gs_avg": 4.081250000000001
    },
    "NYR": {
      "games_played": 7,
      "xg_sum": 20.748168810704932,
      "hdc_sum": 32.0,
      "gs_sum": 26.900000000000006,
      "xg_avg": 2.9640241158149903,
      "hdc_avg": 4.571428571428571,
      "gs_avg": 3.842857142857144
    },
    "ANA": {
      "games_played": 7,
      "xg_sum": 19.784618468608603,
      "hdc_sum": 40.0,
      "gs_sum": 33.10000000000001,
      "xg_avg": 2.826374066944086,
      "hdc_avg": 5.714285714285714,
      "gs_avg": 4.7285714285714295
    },
    "MTL": {
      "games_played": 7,
      "xg_sum": 23.032648045894327,
      "hdc_sum": 39.0,
      "gs_sum": 34.22500000000001,
      "xg_avg": 3.290378292270618,
      "hdc_avg": 5.571428571428571,
      "gs_avg": 4.889285714285715
    },
    "TBL": {
      "games_played": 7,
      "xg_sum": 23.10938383057734,
      "hdc_sum": 74.0,
      "gs_sum": 38.45000000000001,
      "xg_avg": 3.301340547225334,
      "hdc_avg": 10.571428571428571,
      "gs_avg": 5.492857142857145
    },
    "OTT": {
      "games_played": 8,
      "xg_sum": 25.50422974409461,
      "hdc_sum": 70.0,
      "gs_sum": 38.875000000000014,
      "xg_avg": 3.188028718011826,
      "hdc_avg": 8.75,
      "gs_avg": 4.859375000000002
    },
    "CBJ": {
      "games_played": 7,
      "xg_sum": 16.366436599885628,
      "hdc_sum": 44.0,
      "gs_sum": 32.800000000000004,
      "xg_avg": 2.3380623714122324,
      "hdc_avg": 6.285714285714286,
      "gs_avg": 4.685714285714286
    },
    "BOS": {
      "games_played": 7,
      "xg_sum": 19.60905861326,
      "hdc_sum": 56.0,
      "gs_sum": 30.349999999999998,
      "xg_avg": 2.8012940876085715,
      "hdc_avg": 8.0,
      "gs_avg": 4.335714285714285
    },
    "DAL": {
      "games_played": 7,
      "xg_sum": 24.23945236405121,
      "hdc_sum": 47.0,
      "gs_sum": 34.675000000000004,
      "xg_avg": 3.462778909150173,
      "hdc_avg": 6.714285714285714,
      "gs_avg": 4.953571428571429
    },
    "NSH": {
      "games_played": 7,
      "xg_sum": 24.88894962902398,
      "hdc_sum": 54.0,
      "gs_sum": 34.400000000000006,
      "xg_avg": 3.5555642327177113,
      "hdc_avg": 7.714285714285714,
      "gs_avg": 4.9142857142857155
    },
    "STL": {
      "games_played": 7,
      "xg_sum": 19.764189593976802,
      "hdc_sum": 60.0,
      "gs_sum": 32.30000000000001,
      "xg_avg": 2.8234556562824005,
      "hdc_avg": 8.571428571428571,
      "gs_avg": 4.614285714285716
    },
    "EDM": {
      "games_played": 7,
      "xg_sum": 25.955813172164707,
      "hdc_sum": 81.0,
      "gs_sum": 36.55000000000001,
      "xg_avg": 3.7079733103092436,
      "hdc_avg": 11.571428571428571,
      "gs_avg": 5.221428571428573
    },
    "LAK": {
      "games_played": 6,
      "xg_sum": 18.003121312868156,
      "hdc_sum": 33.0,
      "gs_sum": 25.525000000000006,
      "xg_avg": 3.0005202188113596,
      "hdc_avg": 5.5,
      "gs_avg": 4.254166666666667
    },
    "DET": {
      "games_played": 7,
      "xg_sum": 23.88452449869855,
      "hdc_sum": 46.0,
      "gs_sum": 31.25,
      "xg_avg": 3.412074928385507,
      "hdc_avg": 6.571428571428571,
      "gs_avg": 4.464285714285714
    },
    "UTA": {
      "games_played": 7,
      "xg_sum": 20.10228975213372,
      "hdc_sum": 47.0,
      "gs_sum": 28.975000000000005,
      "xg_avg": 2.8717556788762457,
      "hdc_avg": 6.714285714285714,
      "gs_avg": 4.139285714285715
    }
  }
}