{
  "season": "2025-2026",
  "generated_at": "2026-04-27T02:50:37.862954",
  "total_games": 884,
  "teams": {
    "SJS": {
      "games_played": 17,
      "xg_sum": 47.74499897480443,
      "hdc_sum": 119.0,
      "gs_sum": 68.95000000000002,
      "xg_avg": 2.808529351459084,
      "hdc_avg": 7.0,
      "gs_avg": 4.055882352941177
    },
    "BOS": {
      "games_played": 36,
      "xg_sum": 103.86965235767876,
      "hdc_sum": 339.0,
      "gs_sum": 119.34999999999991,
      "xg_avg": 2.885268121046632,
      "hdc_avg": 9.416666666666666,
      "gs_avg": 3.315277777777775
    },
    "WSH": {
      "games_played": 15,
      "xg_sum": 43.70830892071101,
      "hdc_sum": 74.0,
      "gs_sum": 59.7,
      "xg_avg": 2.9138872613807343,
      "hdc_avg": 4.933333333333334,
      "gs_avg": 3.98
    },
    "BUF": {
      "games_played": 36,
      "xg_sum": 124.89813619766265,
      "hdc_sum": 227.0,
      "gs_sum": 172.04999999999995,
      "xg_avg": 3.469392672157296,
      "hdc_avg": 6.305555555555555,
      "gs_avg": 4.779166666666665
    },
    "ANA": {
      "games_played": 43,
      "xg_sum": 161.32988236370196,
      "hdc_sum": 444.0,
      "gs_sum": 268.6999999999999,
      "xg_avg": 3.7518577293884174,
      "hdc_avg": 10.325581395348838,
      "gs_avg": 6.248837209302323
    },
    "TOR": {
      "games_played": 15,
      "xg_sum": 37.31639427613013,
      "hdc_sum": 70.0,
      "gs_sum": 50.92500000000001,
      "xg_avg": 2.4877596184086754,
      "hdc_avg": 4.666666666666667,
      "gs_avg": 3.395000000000001
    },
    "DET": {
      "games_played": 14,
      "xg_sum": 42.45687992070684,
      "hdc_sum": 82.0,
      "gs_sum": 60.95000000000001,
      "xg_avg": 3.0326342800504884,
      "hdc_avg": 5.857142857142857,
      "gs_avg": 4.3535714285714295
    },
    "TBL": {
      "games_played": 36,
      "xg_sum": 103.52353784277584,
      "hdc_sum": 276.0,
      "gs_sum": 125.82500000000006,
      "xg_avg": 2.8756538289659956,
      "hdc_avg": 7.666666666666667,
      "gs_avg": 3.4951388888888903
    },
    "CBJ": {
      "games_played": 16,
      "xg_sum": 54.63523806232921,
      "hdc_sum": 150.0,
      "gs_sum": 70.92500000000003,
      "xg_avg": 3.4147023788955755,
      "hdc_avg": 9.375,
      "gs_avg": 4.432812500000002
    },
    "FLA": {
      "games_played": 17,
      "xg_sum": 53.04131810652355,
      "hdc_sum": 105.0,
      "gs_sum": 74.725,
      "xg_avg": 3.1200775356778556,
      "hdc_avg": 6.176470588235294,
      "gs_avg": 4.395588235294118
    },
    "CGY": {
      "games_played": 16,
      "xg_sum": 41.33669659863371,
      "hdc_sum": 99.0,
      "gs_sum": 67.42500000000001,
      "xg_avg": 2.5835435374146067,
      "hdc_avg": 6.1875,
      "gs_avg": 4.214062500000001
    },
    "NJD": {
      "games_played": 15,
      "xg_sum": 48.05434292526162,
      "hdc_sum": 126.0,
      "gs_sum": 68.475,
      "xg_avg": 3.2036228616841083,
      "hdc_avg": 8.4,
      "gs_avg": 4.5649999999999995
    },
    "STL": {
      "games_played": 15,
      "xg_sum": 44.01898429903766,
      "hdc_sum": 130.0,
      "gs_sum": 68.10000000000001,
      "xg_avg": 2.9345989532691776,
      "hdc_avg": 8.666666666666666,
      "gs_avg": 4.540000000000001
    },
    "CAR": {
      "games_played": 49,
      "xg_sum": 187.20461731348655,
      "hdc_sum": 224.0,
      "gs_sum": 219.9500000000001,
      "xg_avg": 3.8205023941527867,
      "hdc_avg": 4.571428571428571,
      "gs_avg": 4.488775510204084
    },
    "EDM": {
      "games_played": 43,
      "xg_sum": 122.74674052314934,
      "hdc_sum": 417.0,
      "gs_sum": 206.52499999999984,
      "xg_avg": 2.854575361003473,
      "hdc_avg": 9.69767441860465,
      "gs_avg": 4.8029069767441825
    },
    "DAL": {
      "games_played": 45,
      "xg_sum": 150.77159303206764,
      "hdc_sum": 384.0,
      "gs_sum": 211.82500000000013,
      "xg_avg": 3.3504798451570585,
      "hdc_avg": 8.533333333333333,
      "gs_avg": 4.707222222222225
    },
    "PHI": {
      "games_played": 42,
      "xg_sum": 136.5074899083827,
      "hdc_sum": 291.0,
      "gs_sum": 171.025,
      "xg_avg": 3.250178331151969,
      "hdc_avg": 6.928571428571429,
      "gs_avg": 4.0720238095238095
    },
    "MIN": {
      "games_played": 43,
      "xg_sum": 151.27769929056328,
      "hdc_sum": 249.0,
      "gs_sum": 216.67500000000015,
      "xg_avg": 3.5180860300130994,
      "hdc_avg": 5.790697674418604,
      "gs_avg": 5.038953488372097
    },
    "NYR": {
      "games_played": 19,
      "xg_sum": 55.11042114915968,
      "hdc_sum": 114.0,
      "gs_sum": 81.49999999999999,
      "xg_avg": 2.90054848153472,
      "hdc_avg": 6.0,
      "gs_avg": 4.289473684210526
    },
    "WPG": {
      "games_played": 17,
      "xg_sum": 48.656952694130354,
      "hdc_sum": 95.0,
      "gs_sum": 70.72500000000001,
      "xg_avg": 2.862173687890021,
      "hdc_avg": 5.588235294117647,
      "gs_avg": 4.16029411764706
    },
    "CHI": {
      "games_played": 16,
      "xg_sum": 40.95959503049232,
      "hdc_sum": 96.0,
      "gs_sum": 55.85000000000001,
      "xg_avg": 2.55997468940577,
      "hdc_avg": 6.0,
      "gs_avg": 3.4906250000000005
    },
    "UTA": {
      "games_played": 33,
      "xg_sum": 80.74865053329897,
      "hdc_sum": 181.0,
      "gs_sum": 135.925,
      "xg_avg": 2.446928804039363,
      "hdc_avg": 5.484848484848484,
      "gs_avg": 4.118939393939394
    },
    "NSH": {
      "games_played": 16,
      "xg_sum": 47.53674217654653,
      "hdc_sum": 115.0,
      "gs_sum": 62.5,
      "xg_avg": 2.9710463860341583,
      "hdc_avg": 7.1875,
      "gs_avg": 3.90625
    },
    "VAN": {
      "games_played": 15,
      "xg_sum": 40.8151848045925,
      "hdc_sum": 84.0,
      "gs_sum": 56.100000000000016,
      "xg_avg": 2.7210123203061665,
      "hdc_avg": 5.6,
      "gs_avg": 3.740000000000001
    },
    "PIT": {
      "games_played": 42,
      "xg_sum": 111.67968704499845,
      "hdc_sum": 348.0,
      "gs_sum": 172.87500000000003,
      "xg_avg": 2.659040167738058,
      "hdc_avg": 8.285714285714286,
      "gs_avg": 4.116071428571429
    },
    "VGK": {
      "games_played": 33,
      "xg_sum": 121.13609826557798,
      "hdc_sum": 203.0,
      "gs_sum": 148.72500000000005,
      "xg_avg": 3.6707908565326663,
      "hdc_avg": 6.151515151515151,
      "gs_avg": 4.506818181818184
    },
    "COL": {
      "games_played": 33,
      "xg_sum": 108.51796899649108,
      "hdc_sum": 237.0,
      "gs_sum": 162.7249999999999,
      "xg_avg": 3.288423302923972,
      "hdc_avg": 7.181818181818182,
      "gs_avg": 4.931060606060603
    },
    "SEA": {
      "games_played": 17,
      "xg_sum": 43.72124245097605,
      "hdc_sum": 123.0,
      "gs_sum": 67.20000000000002,
      "xg_avg": 2.5718377912338855,
      "hdc_avg": 7.235294117647059,
      "gs_avg": 3.9529411764705893
    },
    "LAK": {
      "games_played": 32,
      "xg_sum": 106.5692976119569,
      "hdc_sum": 196.0,
      "gs_sum": 129.40000000000006,
      "xg_avg": 3.330290550373653,
      "hdc_avg": 6.125,
      "gs_avg": 4.043750000000002
    },
    "NYI": {
      "games_played": 15,
      "xg_sum": 52.970843760935885,
      "hdc_sum": 156.0,
      "gs_sum": 62.90000000000001,
      "xg_avg": 3.5313895840623926,
      "hdc_avg": 10.4,
      "gs_avg": 4.193333333333334
    },
    "OTT": {
      "games_played": 49,
      "xg_sum": 170.76192828091402,
      "hdc_sum": 343.0,
      "gs_sum": 163.20000000000016,
      "xg_avg": 3.484937311855388,
      "hdc_avg": 7.0,
      "gs_avg": 3.3306122448979623
    },
    "MTL": {
      "games_played": 34,
      "xg_sum": 100.96007054802226,
      "hdc_sum": 187.0,
      "gs_sum": 130.85000000000005,
      "xg_avg": 2.9694138396477134,
      "hdc_avg": 5.5,
      "gs_avg": 3.8485294117647073
    }
  }
}