{
  "season": "2025-2026",
  "generated_at": "2026-01-22T05:01:34.213112",
  "total_games": 42,
  "teams": {
    "BUF": {
      "games_played": 2,
      "xg_sum": 4.305427824612501,
      "hdc_sum": 14.0,
      "gs_sum": 7.525000000000001,
      "xg_avg": 2.1527139123062504,
      "hdc_avg": 7.0,
      "gs_avg": 3.7625000000000006
    },
    "CAR": {
      "games_played": 1,
      "xg_sum": 2.8830115947325012,
      "hdc_sum": 5.0,
      "gs_sum": 3.600000000000001,
      "xg_avg": 2.8830115947325012,
      "hdc_avg": 5.0,
      "gs_avg": 3.600000000000001
    },
    "WSH": {
      "games_played": 1,
      "xg_sum": 2.9066973967875,
      "hdc_sum": 9.0,
      "gs_sum": 2.85,
      "xg_avg": 2.9066973967875,
      "hdc_avg": 9.0,
      "gs_avg": 2.85
    },
    "COL": {
      "games_played": 2,
      "xg_sum": 9.575681493242453,
      "hdc_sum": 19.0,
      "gs_sum": 12.275000000000002,
      "xg_avg": 4.787840746621226,
      "hdc_avg": 9.5,
      "gs_avg": 6.137500000000001
    },
    "PIT": {
      "games_played": 1,
      "xg_sum": 2.7887618365750013,
      "hdc_sum": 8.0,
      "gs_sum": 6.8,
      "xg_avg": 2.7887618365750013,
      "hdc_avg": 8.0,
      "gs_avg": 6.8
    },
    "SEA": {
      "games_played": 1,
      "xg_sum": 2.9346488698125004,
      "hdc_sum": 9.0,
      "gs_sum": 3.8000000000000007,
      "xg_avg": 2.9346488698125004,
      "hdc_avg": 9.0,
      "gs_avg": 3.8000000000000007
    },
    "SJS": {
      "games_played": 2,
      "xg_sum": 5.1586943882455,
      "hdc_sum": 12.0,
      "gs_sum": 7.450000000000003,
      "xg_avg": 2.57934719412275,
      "hdc_avg": 6.0,
      "gs_avg": 3.7250000000000014
    },
    "FLA": {
      "games_played": 1,
      "xg_sum": 3.7015363920374997,
      "hdc_sum": 2.0,
      "gs_sum": 3.175000000000001,
      "xg_avg": 3.7015363920374997,
      "hdc_avg": 2.0,
      "gs_avg": 3.175000000000001
    },
    "MIN": {
      "games_played": 2,
      "xg_sum": 6.070839178354002,
      "hdc_sum": 14.0,
      "gs_sum": 10.950000000000003,
      "xg_avg": 3.035419589177001,
      "hdc_avg": 7.0,
      "gs_avg": 5.475000000000001
    },
    "TOR": {
      "games_played": 2,
      "xg_sum": 6.843053927371304,
      "hdc_sum": 14.0,
      "gs_sum": 7.825000000000005,
      "xg_avg": 3.421526963685652,
      "hdc_avg": 7.0,
      "gs_avg": 3.9125000000000023
    },
    "PHI": {
      "games_played": 2,
      "xg_sum": 5.740606436687503,
      "hdc_sum": 9.0,
      "gs_sum": 7.15,
      "xg_avg": 2.8703032183437514,
      "hdc_avg": 4.5,
      "gs_avg": 3.575
    },
    "VGK": {
      "games_played": 1,
      "xg_sum": 3.6852412885125,
      "hdc_sum": 6.0,
      "gs_sum": 3.3,
      "xg_avg": 3.6852412885125,
      "hdc_avg": 6.0,
      "gs_avg": 3.3
    },
    "WPG": {
      "games_played": 2,
      "xg_sum": 6.606318198155824,
      "hdc_sum": 13.0,
      "gs_sum": 6.225,
      "xg_avg": 3.303159099077912,
      "hdc_avg": 6.5,
      "gs_avg": 3.1125
    },
    "CHI": {
      "games_played": 1,
      "xg_sum": 2.3656422143875004,
      "hdc_sum": 3.0,
      "gs_sum": 3.5500000000000003,
      "xg_avg": 2.3656422143875004,
      "hdc_avg": 3.0,
      "gs_avg": 3.5500000000000003
    },
    "NJD": {
      "games_played": 2,
      "xg_sum": 4.906751037430292,
      "hdc_sum": 13.0,
      "gs_sum": 6.400000000000002,
      "xg_avg": 2.453375518715146,
      "hdc_avg": 6.5,
      "gs_avg": 3.200000000000001
    },
    "CGY": {
      "games_played": 1,
      "xg_sum": 1.7915052965810996,
      "hdc_sum": 4.0,
      "gs_sum": 2.675000000000001,
      "xg_avg": 1.7915052965810996,
      "hdc_avg": 4.0,
      "gs_avg": 2.675000000000001
    },
    "NYI": {
      "games_played": 1,
      "xg_sum": 3.4066115640750008,
      "hdc_sum": 7.0,
      "gs_sum": 5.300000000000002,
      "xg_avg": 3.4066115640750008,
      "hdc_avg": 7.0,
      "gs_avg": 5.300000000000002
    },
    "VAN": {
      "games_played": 1,
      "xg_sum": 4.819658252092301,
      "hdc_sum": 10.0,
      "gs_sum": 4.925000000000002,
      "xg_avg": 4.819658252092301,
      "hdc_avg": 10.0,
      "gs_avg": 4.925000000000002
    },
    "NYR": {
      "games_played": 2,
      "xg_sum": 6.688547733377751,
      "hdc_sum": 12.0,
      "gs_sum": 8.975000000000003,
      "xg_avg": 3.3442738666888756,
      "hdc_avg": 6.0,
      "gs_avg": 4.487500000000002
    },
    "ANA": {
      "games_played": 2,
      "xg_sum": 5.067767399491876,
      "hdc_sum": 14.0,
      "gs_sum": 9.45,
      "xg_avg": 2.533883699745938,
      "hdc_avg": 7.0,
      "gs_avg": 4.725
    },
    "MTL": {
      "games_played": 1,
      "xg_sum": 4.133858769529625,
      "hdc_sum": 3.0,
      "gs_sum": 5.874999999999998,
      "xg_avg": 4.133858769529625,
      "hdc_avg": 3.0,
      "gs_avg": 5.874999999999998
    },
    "TBL": {
      "games_played": 1,
      "xg_sum": 3.2349194775875003,
      "hdc_sum": 7.0,
      "gs_sum": 5.1,
      "xg_avg": 3.2349194775875003,
      "hdc_avg": 7.0,
      "gs_avg": 5.1
    },
    "OTT": {
      "games_played": 1,
      "xg_sum": 2.3280283931874997,
      "hdc_sum": 1.0,
      "gs_sum": 4.325000000000001,
      "xg_avg": 2.3280283931874997,
      "hdc_avg": 1.0,
      "gs_avg": 4.325000000000001
    },
    "CBJ": {
      "games_played": 1,
      "xg_sum": 3.0659617392375007,
      "hdc_sum": 5.0,
      "gs_sum": 2.5250000000000012,
      "xg_avg": 3.0659617392375007,
      "hdc_avg": 5.0,
      "gs_avg": 2.5250000000000012
    },
    "BOS": {
      "games_played": 1,
      "xg_sum": 2.2746691976849998,
      "hdc_sum": 5.0,
      "gs_sum": 2.75,
      "xg_avg": 2.2746691976849998,
      "hdc_avg": 5.0,
      "gs_avg": 2.75
    },
    "DAL": {
      "games_played": 1,
      "xg_sum": 3.4411510580794618,
      "hdc_sum": 8.0,
      "gs_sum": 7.275,
      "xg_avg": 3.4411510580794618,
      "hdc_avg": 8.0,
      "gs_avg": 7.275
    },
    "NSH": {
      "games_played": 1,
      "xg_sum": 3.6796157150500024,
      "hdc_sum": 8.0,
      "gs_sum": 5.275,
      "xg_avg": 3.6796157150500024,
      "hdc_avg": 8.0,
      "gs_avg": 5.275
    },
    "STL": {
      "games_played": 1,
      "xg_sum": 3.2164986268775015,
      "hdc_sum": 4.0,
      "gs_sum": 3.2999999999999994,
      "xg_avg": 3.2164986268775015,
      "hdc_avg": 4.0,
      "gs_avg": 3.2999999999999994
    },
    "EDM": {
      "games_played": 1,
      "xg_sum": 2.944505466537501,
      "hdc_sum": 10.0,
      "gs_sum": 2.225,
      "xg_avg": 2.944505466537501,
      "hdc_avg": 10.0,
      "gs_avg": 2.225
    },
    "LAK": {
      "games_played": 1,
      "xg_sum": 3.9934308741645017,
      "hdc_sum": 3.0,
      "gs_sum": 5.575,
      "xg_avg": 3.9934308741645017,
      "hdc_avg": 3.0,
      "gs_avg": 5.575
    },
    "DET": {
      "games_played": 1,
      "xg_sum": 3.2989331259500028,
      "hdc_sum": 10.0,
      "gs_sum": 4.875000000000002,
      "xg_avg": 3.2989331259500028,
      "hdc_avg": 10.0,
      "gs_avg": 4.875000000000002
    },
    "UTA": {
      "games_played": 1,
      "xg_sum": 2.8155591061750003,
      "hdc_sum": 8.0,
      "gs_sum": 5.250000000000001,
      "xg_avg": 2.8155591061750003,
      "hdc_avg": 8.0,
      "gs_avg": 5.250000000000001
    }
  }
}