{
  "season": "2025-2026",
  "generated_at": "2026-02-26T07:19:10.153194",
  "total_games": 334,
  "teams": {
    "BUF": {
      "games_played": 12,
      "xg_sum": 34.00151509421959,
      "hdc_sum": 80.0,
      "gs_sum": 54.20000000000002,
      "xg_avg": 2.833459591184966,
      "hdc_avg": 6.666666666666667,
      "gs_avg": 4.516666666666668
    },
    "CAR": {
      "games_played": 8,
      "xg_sum": 27.42175437268939,
      "hdc_sum": 55.0,
      "gs_sum": 38.775000000000006,
      "xg_avg": 3.4277192965861736,
      "hdc_avg": 6.875,
      "gs_avg": 4.846875000000001
    },
    "WSH": {
      "games_played": 12,
      "xg_sum": 42.080141547965496,
      "hdc_sum": 103.0,
      "gs_sum": 56.32500000000001,
      "xg_avg": 3.506678462330458,
      "hdc_avg": 8.583333333333334,
      "gs_avg": 4.6937500000000005
    },
    "COL": {
      "games_played": 10,
      "xg_sum": 36.048451059341296,
      "hdc_sum": 69.0,
      "gs_sum": 49.90000000000001,
      "xg_avg": 3.6048451059341295,
      "hdc_avg": 6.9,
      "gs_avg": 4.990000000000001
    },
    "PIT": {
      "games_played": 9,
      "xg_sum": 29.131537505750256,
      "hdc_sum": 77.0,
      "gs_sum": 49.875000000000014,
      "xg_avg": 3.2368375006389174,
      "hdc_avg": 8.555555555555555,
      "gs_avg": 5.541666666666668
    },
    "SEA": {
      "games_played": 11,
      "xg_sum": 27.144252512913,
      "hdc_sum": 82.0,
      "gs_sum": 41.175,
      "xg_avg": 2.467659319355727,
      "hdc_avg": 7.454545454545454,
      "gs_avg": 3.7431818181818177
    },
    "SJS": {
      "games_played": 8,
      "xg_sum": 22.54765828998443,
      "hdc_sum": 64.0,
      "gs_sum": 31.475000000000005,
      "xg_avg": 2.8184572862480537,
      "hdc_avg": 8.0,
      "gs_avg": 3.9343750000000006
    },
    "FLA": {
      "games_played": 10,
      "xg_sum": 33.322958652061814,
      "hdc_sum": 63.0,
      "gs_sum": 40.725000000000016,
      "xg_avg": 3.3322958652061816,
      "hdc_avg": 6.3,
      "gs_avg": 4.072500000000002
    },
    "MIN": {
      "games_played": 9,
      "xg_sum": 30.346419371293553,
      "hdc_sum": 55.0,
      "gs_sum": 49.95000000000001,
      "xg_avg": 3.3718243745881726,
      "hdc_avg": 6.111111111111111,
      "gs_avg": 5.550000000000001
    },
    "TOR": {
      "games_played": 11,
      "xg_sum": 36.63396695996857,
      "hdc_sum": 80.0,
      "gs_sum": 49.85000000000001,
      "xg_avg": 3.3303606327244153,
      "hdc_avg": 7.2727272727272725,
      "gs_avg": 4.531818181818182
    },
    "PHI": {
      "games_played": 11,
      "xg_sum": 32.550397759833906,
      "hdc_sum": 65.0,
      "gs_sum": 40.525000000000006,
      "xg_avg": 2.9591270690758096,
      "hdc_avg": 5.909090909090909,
      "gs_avg": 3.6840909090909095
    },
    "VGK": {
      "games_played": 11,
      "xg_sum": 36.65953605440154,
      "hdc_sum": 70.0,
      "gs_sum": 52.750000000000014,
      "xg_avg": 3.3326850958546856,
      "hdc_avg": 6.363636363636363,
      "gs_avg": 4.795454545454547
    },
    "WPG": {
      "games_played": 10,
      "xg_sum": 30.265963205329665,
      "hdc_sum": 61.0,
      "gs_sum": 35.32500000000001,
      "xg_avg": 3.0265963205329665,
      "hdc_avg": 6.1,
      "gs_avg": 3.532500000000001
    },
    "CHI": {
      "games_played": 9,
      "xg_sum": 24.64556416098697,
      "hdc_sum": 60.0,
      "gs_sum": 32.95,
      "xg_avg": 2.738396017887441,
      "hdc_avg": 6.666666666666667,
      "gs_avg": 3.6611111111111114
    },
    "NJD": {
      "games_played": 11,
      "xg_sum": 31.63594626101215,
      "hdc_sum": 77.0,
      "gs_sum": 39.62500000000001,
      "xg_avg": 2.8759951146374685,
      "hdc_avg": 7.0,
      "gs_avg": 3.602272727272728
    },
    "CGY": {
      "games_played": 8,
      "xg_sum": 25.50424081006054,
      "hdc_sum": 47.0,
      "gs_sum": 31.975,
      "xg_avg": 3.1880301012575676,
      "hdc_avg": 5.875,
      "gs_avg": 3.996875
    },
    "NYI": {
      "games_played": 10,
      "xg_sum": 28.9402399557969,
      "hdc_sum": 74.0,
      "gs_sum": 40.30000000000001,
      "xg_avg": 2.89402399557969,
      "hdc_avg": 7.4,
      "gs_avg": 4.030000000000001
    },
    "VAN": {
      "games_played": 10,
      "xg_sum": 30.14657709757778,
      "hdc_sum": 58.0,
      "gs_sum": 39.15000000000001,
      "xg_avg": 3.014657709757778,
      "hdc_avg": 5.8,
      "gs_avg": 3.9150000000000014
    },
    "NYR": {
      "games_played": 8,
      "xg_sum": 23.122760234454933,
      "hdc_sum": 36.0,
      "gs_sum": 28.200000000000006,
      "xg_avg": 2.8903450293068667,
      "hdc_avg": 4.5,
      "gs_avg": 3.525000000000001
    },
    "ANA": {
      "games_played": 9,
      "xg_sum": 26.609889002523605,
      "hdc_sum": 63.0,
      "gs_sum": 45.45,
      "xg_avg": 2.956654333613734,
      "hdc_avg": 7.0,
      "gs_avg": 5.050000000000001
    },
    "MTL": {
      "games_played": 8,
      "xg_sum": 26.467495379656828,
      "hdc_sum": 52.0,
      "gs_sum": 39.92500000000001,
      "xg_avg": 3.3084369224571035,
      "hdc_avg": 6.5,
      "gs_avg": 4.990625000000001
    },
    "TBL": {
      "games_played": 10,
      "xg_sum": 33.94853060057734,
      "hdc_sum": 98.0,
      "gs_sum": 54.40000000000002,
      "xg_avg": 3.3948530600577342,
      "hdc_avg": 9.8,
      "gs_avg": 5.440000000000002
    },
    "OTT": {
      "games_played": 9,
      "xg_sum": 28.12093959303211,
      "hdc_sum": 76.0,
      "gs_sum": 42.40000000000001,
      "xg_avg": 3.1245488436702344,
      "hdc_avg": 8.444444444444445,
      "gs_avg": 4.711111111111112
    },
    "CBJ": {
      "games_played": 8,
      "xg_sum": 19.481239060043002,
      "hdc_sum": 51.0,
      "gs_sum": 37.10000000000001,
      "xg_avg": 2.4351548825053753,
      "hdc_avg": 6.375,
      "gs_avg": 4.637500000000001
    },
    "BOS": {
      "games_played": 8,
      "xg_sum": 24.258256732396,
      "hdc_sum": 66.0,
      "gs_sum": 36.225,
      "xg_avg": 3.0322820915495,
      "hdc_avg": 8.25,
      "gs_avg": 4.528125
    },
    "DAL": {
      "games_played": 10,
      "xg_sum": 35.63391562877305,
      "hdc_sum": 65.0,
      "gs_sum": 49.599999999999994,
      "xg_avg": 3.5633915628773054,
      "hdc_avg": 6.5,
      "gs_avg": 4.959999999999999
    },
    "NSH": {
      "games_played": 9,
      "xg_sum": 32.57397980308649,
      "hdc_sum": 72.0,
      "gs_sum": 44.32500000000001,
      "xg_avg": 3.619331089231832,
      "hdc_avg": 8.0,
      "gs_avg": 4.925000000000001
    },
    "STL": {
      "games_played": 8,
      "xg_sum": 22.0604162296868,
      "hdc_sum": 70.0,
      "gs_sum": 36.65000000000001,
      "xg_avg": 2.75755202871085,
      "hdc_avg": 8.75,
      "gs_avg": 4.581250000000002
    },
    "EDM": {
      "games_played": 9,
      "xg_sum": 33.45733790381471,
      "hdc_sum": 101.0,
      "gs_sum": 46.85000000000001,
      "xg_avg": 3.7174819893127458,
      "hdc_avg": 11.222222222222221,
      "gs_avg": 5.205555555555557
    },
    "LAK": {
      "games_played": 9,
      "xg_sum": 29.026990212349318,
      "hdc_sum": 52.0,
      "gs_sum": 37.42500000000001,
      "xg_avg": 3.22522113470548,
      "hdc_avg": 5.777777777777778,
      "gs_avg": 4.158333333333335
    },
    "DET": {
      "games_played": 8,
      "xg_sum": 27.98325242863305,
      "hdc_sum": 51.0,
      "gs_sum": 34.425,
      "xg_avg": 3.4979065535791314,
      "hdc_avg": 6.375,
      "gs_avg": 4.303125
    },
    "UTA": {
      "games_played": 9,
      "xg_sum": 26.562521085786095,
      "hdc_sum": 65.0,
      "gs_sum": 37.300000000000004,
      "xg_avg": 2.9513912317540107,
      "hdc_avg": 7.222222222222222,
      "gs_avg": 4.144444444444445
    },
    "SVK": {
      "games_played": 3,
      "xg_sum": 0.03779617500000001,
      "hdc_sum": 0.0,
      "gs_sum": 5.250000000000001,
      "xg_avg": 0.012598725000000003,
      "hdc_avg": 0.0,
      "gs_avg": 1.7500000000000002
    },
    "FIN": {
      "games_played": 3,
      "xg_sum": 0.060473879999999994,
      "hdc_sum": 0.0,
      "gs_sum": 10.350000000000001,
      "xg_avg": 0.02015796,