{
  "CHI": {
    "games_played": 10,
    "xg_sum": 17.473709034844124,
    "hdc_sum": 33.0,
    "gs_sum": 25.875000000000007,
    "xg_avg": 1.7473709034844123,
    "hdc_avg": 3.3,
    "gs_avg": 2.587500000000001
  },
  "FLA": {
    "games_played": 11,
    "xg_sum": 28.284493954933374,
    "hdc_sum": 41.0,
    "gs_sum": 31.07500000000001,
    "xg_avg": 2.57131763226667,
    "hdc_avg": 3.727272727272727,
    "gs_avg": 2.825000000000001
  },
  "PIT": {
    "games_played": 11,
    "xg_sum": 26.746554712339055,
    "hdc_sum": 66.0,
    "gs_sum": 31.324999999999996,
    "xg_avg": 2.431504973849005,
    "hdc_avg": 6.0,
    "gs_avg": 2.847727272727272
  },
  "NYR": {
    "games_played": 11,
    "xg_sum": 25.8601218118563,
    "hdc_sum": 49.0,
    "gs_sum": 32.2,
    "xg_avg": 2.350920164714209,
    "hdc_avg": 4.454545454545454,
    "gs_avg": 2.9272727272727277
  },
  "COL": {
    "games_played": 11,
    "xg_sum": 23.016778526935102,
    "hdc_sum": 35.0,
    "gs_sum": 38.875,
    "xg_avg": 2.092434411539555,
    "hdc_avg": 3.1818181818181817,
    "gs_avg": 3.534090909090909
  },
  "LAK": {
    "games_played": 11,
    "xg_sum": 21.222073430624032,
    "hdc_sum": 56.0,
    "gs_sum": 30.925000000000004,
    "xg_avg": 1.929279402784003,
    "hdc_avg": 5.090909090909091,
    "gs_avg": 2.811363636363637
  },
  "MTL": {
    "games_played": 11,
    "xg_sum": 22.70106204870369,
    "hdc_sum": 44.0,
    "gs_sum": 32.050000000000004,
    "xg_avg": 2.063732913518517,
    "hdc_avg": 4.0,
    "gs_avg": 2.913636363636364
  },
  "TOR": {
    "games_played": 10,
    "xg_sum": 20.391054217666316,
    "hdc_sum": 37.0,
    "gs_sum": 32.925000000000004,
    "xg_avg": 2.0391054217666316,
    "hdc_avg": 3.7,
    "gs_avg": 3.2925000000000004
  },
  "BOS": {
    "games_played": 12,
    "xg_sum": 21.1079113424234,
    "hdc_sum": 61.0,
    "gs_sum": 32.7,
    "xg_avg": 1.7589926118686166,
    "hdc_avg": 5.083333333333333,
    "gs_avg": 2.725
  },
  "WSH": {
    "games_played": 10,
    "xg_sum": 27.537340813083436,
    "hdc_sum": 55.0,
    "gs_sum": 35.525000000000006,
    "xg_avg": 2.7537340813083437,
    "hdc_avg": 5.5,
    "gs_avg": 3.5525000000000007
  },
  "CGY": {
    "games_played": 11,
    "xg_sum": 21.54914018486275,
    "hdc_sum": 41.0,
    "gs_sum": 23.625000000000007,
    "xg_avg": 1.959012744078432,
    "hdc_avg": 3.727272727272727,
    "gs_avg": 2.1477272727272734
  },
  "EDM": {
    "games_played": 11,
    "xg_sum": 22.903050080110834,
    "hdc_sum": 62.0,
    "gs_sum": 30.22500000000001,
    "xg_avg": 2.0820954618282577,
    "hdc_avg": 5.636363636363637,
    "gs_avg": 2.7477272727272735
  },
  "VGK": {
    "games_played": 10,
    "xg_sum": 21.801090939548104,
    "hdc_sum": 43.0,
    "gs_sum": 40.150000000000006,
    "xg_avg": 2.1801090939548105,
    "hdc_avg": 4.3,
    "gs_avg": 4.015000000000001
  },
  "BUF": {
    "games_played": 10,
    "xg_sum": 17.12645989646102,
    "hdc_sum": 40.0,
    "gs_sum": 23.650000000000006,
    "xg_avg": 1.7126459896461022,
    "hdc_avg": 4.0,
    "gs_avg": 2.3650000000000007
  },
  "DET": {
    "games_played": 10,
    "xg_sum": 16.693846433699477,
    "hdc_sum": 43.0,
    "gs_sum": 28.0,
    "xg_avg": 1.6693846433699477,
    "hdc_avg": 4.3,
    "gs_avg": 2.8
  },
  "OTT": {
    "games_played": 11,
    "xg_sum": 21.631420771118503,
    "hdc_sum": 57.0,
    "gs_sum": 33.30000000000001,
    "xg_avg": 1.9664927973744093,
    "hdc_avg": 5.181818181818182,
    "gs_avg": 3.0272727272727282
  },
  "TBL": {
    "games_played": 10,
    "xg_sum": 16.569939899084503,
    "hdc_sum": 37.0,
    "gs_sum": 21.4,
    "xg_avg": 1.6569939899084503,
    "hdc_avg": 3.7,
    "gs_avg": 2.1399999999999997
  },
  "PHI": {
    "games_played": 9,
    "xg_sum": 15.80699035772319,
    "hdc_sum": 33.0,
    "gs_sum": 21.400000000000002,
    "xg_avg": 1.7563322619692434,
    "hdc_avg": 3.6666666666666665,
    "gs_avg": 2.377777777777778
  },
  "NYI": {
    "games_played": 9,
    "xg_sum": 20.220450125864303,
    "hdc_sum": 56.0,
    "gs_sum": 28.92500000000001,
    "xg_avg": 2.2467166806515895,
    "hdc_avg": 6.222222222222222,
    "gs_avg": 3.2138888888888903
  },
  "NJD": {
    "games_played": 10,
    "xg_sum": 17.295932401764507,
    "hdc_sum": 40.0,
    "gs_sum": 30.25,
    "xg_avg": 1.7295932401764507,
    "hdc_avg": 4.0,
    "gs_avg": 3.025
  },
  "CAR": {
    "games_played": 9,
    "xg_sum": 23.472636810906703,
    "hdc_sum": 49.0,
    "gs_sum": 34.900000000000006,
    "xg_avg": 2.6080707567674115,
    "hdc_avg": 5.444444444444445,
    "gs_avg": 3.877777777777778
  },
  "MIN": {
    "games_played": 11,
    "xg_sum": 20.34255034726675,
    "hdc_sum": 39.0,
    "gs_sum": 31.725000000000005,
    "xg_avg": 1.849322758842432,
    "hdc_avg": 3.5454545454545454,
    "gs_avg": 2.8840909090909097
  },
  "STL": {
    "games_played": 10,
    "xg_sum": 16.851402642737504,
    "hdc_sum": 44.0,
    "gs_sum": 24.450000000000003,
    "xg_avg": 1.6851402642737505,
    "hdc_avg": 4.4,
    "gs_avg": 2.4450000000000003
  },
  "CBJ": {
    "games_played": 9,
    "xg_sum": 17.9369811736803,
    "hdc_sum": 57.0,
    "gs_sum": 28.550000000000004,
    "xg_avg": 1.9929979081867002,
    "hdc_avg": 6.333333333333333,
    "gs_avg": 3.1722222222222225
  },
  "NSH": {
    "games_played": 11,
    "xg_sum": 21.393073762365006,
    "hdc_sum": 42.0,
    "gs_sum": 27.9,
    "xg_avg": 1.9448248874877279,
    "hdc_avg": 3.8181818181818183,
    "gs_avg": 2.536363636363636
  },
  "DAL": {
    "games_played": 10,
    "xg_sum": 19.03680318635058,
    "hdc_sum": 41.0,
    "gs_sum": 25.825000000000006,
    "xg_avg": 1.903680318635058,
    "hdc_avg": 4.1,
    "gs_avg": 2.5825000000000005
  },
  "WPG": {
    "games_played": 10,
    "xg_sum": 18.531810061190203,
    "hdc_sum": 29.0,
    "gs_sum": 25.625000000000004,
    "xg_avg": 1.8531810061190204,
    "hdc_avg": 2.9,
    "gs_avg": 2.5625000000000004
  },
  "UTA": {
    "games_played": 11,
    "xg_sum": 21.139540361566766,
    "hdc_sum": 42.0,
    "gs_sum": 29.325000000000003,
    "xg_avg": 1.9217763965060697,
    "hdc_avg": 3.8181818181818183,
    "gs_avg": 2.665909090909091
  },
  "VAN": {
    "games_played": 11,
    "xg_sum": 22.055555855450866,
    "hdc_sum": 49.0,
    "gs_sum": 27.425000000000004,
    "xg_avg": 2.005050532313715,
    "hdc_avg": 4.454545454545454,
    "gs_avg": 2.4931818181818186
  },
  "SJS": {
    "games_played": 10,
    "xg_sum": 16.34509914320327,
    "hdc_sum": 42.0,
    "gs_sum": 23.175000000000004,
    "xg_avg": 1.634509914320327,
    "hdc_avg": 4.2,
    "gs_avg": 2.3175000000000003
  },
  "ANA": {
    "games_played": 9,
    "xg_sum": 23.09087174613957,
    "hdc_sum": 38.0,
    "gs_sum": 30.725000000000005,
    "xg_avg": 2.56565241623773,
    "hdc_avg": 4.222222222222222,
    "gs_avg": 3.4138888888888896
  },
  "SEA": {
    "games_played": 10,
    "xg_sum": 18.934729557751254,
    "hdc_sum": 49.0,
    "gs_sum": 28.425000000000004,
    "xg_avg": 1.8934729557751253,
    "hdc_avg": 4.9,
    "gs_avg": 2.8425000000000002
  }
}