{
  "season": "2025-2026",
  "generated_at": "2026-03-25T05:37:51.428610",
  "total_games": 216,
  "teams": {
    "SJS": {
      "games_played": 7,
      "xg_sum": 18.956862590982254,
      "hdc_sum": 46.0,
      "gs_sum": 27.075000000000003,
      "xg_avg": 2.708123227283179,
      "hdc_avg": 6.571428571428571,
      "gs_avg": 3.8678571428571433
    },
    "BOS": {
      "games_played": 7,
      "xg_sum": 22.4707742275885,
      "hdc_sum": 77.0,
      "gs_sum": 30.775000000000002,
      "xg_avg": 3.210110603941214,
      "hdc_avg": 11.0,
      "gs_avg": 4.396428571428571
    },
    "WSH": {
      "games_played": 6,
      "xg_sum": 19.2009628838276,
      "hdc_sum": 24.0,
      "gs_sum": 20.025000000000006,
      "xg_avg": 3.2001604806379333,
      "hdc_avg": 4.0,
      "gs_avg": 3.337500000000001
    },
    "BUF": {
      "games_played": 6,
      "xg_sum": 18.697828083203454,
      "hdc_sum": 45.0,
      "gs_sum": 28.575000000000003,
      "xg_avg": 3.116304680533909,
      "hdc_avg": 7.5,
      "gs_avg": 4.7625
    },
    "ANA": {
      "games_played": 7,
      "xg_sum": 24.927349782559013,
      "hdc_sum": 80.0,
      "gs_sum": 32.525000000000006,
      "xg_avg": 3.561049968937002,
      "hdc_avg": 11.428571428571429,
      "gs_avg": 4.646428571428572
    },
    "TOR": {
      "games_played": 7,
      "xg_sum": 17.758505823446725,
      "hdc_sum": 40.0,
      "gs_sum": 24.47500000000001,
      "xg_avg": 2.536929403349532,
      "hdc_avg": 5.714285714285714,
      "gs_avg": 3.4964285714285728
    },
    "DET": {
      "games_played": 6,
      "xg_sum": 19.293384072865127,
      "hdc_sum": 35.0,
      "gs_sum": 23.850000000000005,
      "xg_avg": 3.215564012144188,
      "hdc_avg": 5.833333333333333,
      "gs_avg": 3.975000000000001
    },
    "TBL": {
      "games_played": 7,
      "xg_sum": 23.610649985627106,
      "hdc_sum": 59.0,
      "gs_sum": 38.125,
      "xg_avg": 3.3729499979467295,
      "hdc_avg": 8.428571428571429,
      "gs_avg": 5.446428571428571
    },
    "CBJ": {
      "games_played": 7,
      "xg_sum": 22.384347042242506,
      "hdc_sum": 65.0,
      "gs_sum": 31.750000000000007,
      "xg_avg": 3.1977638631775007,
      "hdc_avg": 9.285714285714286,
      "gs_avg": 4.5357142857142865
    },
    "FLA": {
      "games_played": 6,
      "xg_sum": 19.758667747298002,
      "hdc_sum": 29.0,
      "gs_sum": 22.575000000000006,
      "xg_avg": 3.293111291216334,
      "hdc_avg": 4.833333333333333,
      "gs_avg": 3.762500000000001
    },
    "CGY": {
      "games_played": 7,
      "xg_sum": 18.124498533885,
      "hdc_sum": 46.0,
      "gs_sum": 33.17500000000001,
      "xg_avg": 2.5892140762692857,
      "hdc_avg": 6.571428571428571,
      "gs_avg": 4.739285714285716
    },
    "NJD": {
      "games_played": 6,
      "xg_sum": 21.067248053853874,
      "hdc_sum": 62.0,
      "gs_sum": 34.650000000000006,
      "xg_avg": 3.5112080089756454,
      "hdc_avg": 10.333333333333334,
      "gs_avg": 5.775000000000001
    },
    "STL": {
      "games_played": 6,
      "xg_sum": 17.80618441439915,
      "hdc_sum": 53.0,
      "gs_sum": 22.375000000000007,
      "xg_avg": 2.9676974023998586,
      "hdc_avg": 8.833333333333334,
      "gs_avg": 3.729166666666668
    },
    "CAR": {
      "games_played": 7,
      "xg_sum": 26.8585103252109,
      "hdc_sum": 46.0,
      "gs_sum": 36.22500000000001,
      "xg_avg": 3.8369300464587,
      "hdc_avg": 6.571428571428571,
      "gs_avg": 5.175000000000002
    },
    "EDM": {
      "games_played": 7,
      "xg_sum": 20.41345406561998,
      "hdc_sum": 66.0,
      "gs_sum": 28.775000000000013,
      "xg_avg": 2.9162077236599973,
      "hdc_avg": 9.428571428571429,
      "gs_avg": 4.1107142857142875
    },
    "DAL": {
      "games_played": 7,
      "xg_sum": 21.674074998153568,
      "hdc_sum": 47.0,
      "gs_sum": 27.725,
      "xg_avg": 3.0962964283076526,
      "hdc_avg": 6.714285714285714,
      "gs_avg": 3.960714285714286
    },
    "PHI": {
      "games_played": 6,
      "xg_sum": 20.834921121176503,
      "hdc_sum": 41.0,
      "gs_sum": 24.15000000000001,
      "xg_avg": 3.4724868535294173,
      "hdc_avg": 6.833333333333333,
      "gs_avg": 4.025000000000001
    },
    "MIN": {
      "games_played": 7,
      "xg_sum": 25.754491600285313,
      "hdc_sum": 46.0,
      "gs_sum": 28.57500000000001,
      "xg_avg": 3.6792130857550447,
      "hdc_avg": 6.571428571428571,
      "gs_avg": 4.082142857142858
    },
    "NYR": {
      "games_played": 7,
      "xg_sum": 15.105305864103226,
      "hdc_sum": 30.0,
      "gs_sum": 23.775000000000002,
      "xg_avg": 2.157900837729032,
      "hdc_avg": 4.285714285714286,
      "gs_avg": 3.396428571428572
    },
    "WPG": {
      "games_played": 8,
      "xg_sum": 24.13753369553826,
      "hdc_sum": 46.0,
      "gs_sum": 35.50000000000001,
      "xg_avg": 3.0171917119422824,
      "hdc_avg": 5.75,
      "gs_avg": 4.437500000000001
    },
    "CHI": {
      "games_played": 7,
      "xg_sum": 17.90883935435864,
      "hdc_sum": 43.0,
      "gs_sum": 22.475000000000005,
      "xg_avg": 2.5584056220512346,
      "hdc_avg": 6.142857142857143,
      "gs_avg": 3.2107142857142863
    },
    "UTA": {
      "games_played": 7,
      "xg_sum": 22.024628900122302,
      "hdc_sum": 59.0,
      "gs_sum": 31.850000000000005,
      "xg_avg": 3.146375557160329,
      "hdc_avg": 8.428571428571429,
      "gs_avg": 4.550000000000001
    },
    "NSH": {
      "games_played": 7,
      "xg_sum": 21.251324064984065,
      "hdc_sum": 50.0,
      "gs_sum": 28.85,
      "xg_avg": 3.0359034378548664,
      "hdc_avg": 7.142857142857143,
      "gs_avg": 4.121428571428572
    },
    "VAN": {
      "games_played": 6,
      "xg_sum": 17.961602781500453,
      "hdc_sum": 24.0,
      "gs_sum": 24.175000000000004,
      "xg_avg": 2.993600463583409,
      "hdc_avg": 4.0,
      "gs_avg": 4.029166666666668
    },
    "PIT": {
      "games_played": 7,
      "xg_sum": 22.32543252504545,
      "hdc_sum": 68.0,
      "gs_sum": 33.07500000000001,
      "xg_avg": 3.1893475035779213,
      "hdc_avg": 9.714285714285714,
      "gs_avg": 4.725000000000001
    },
    "VGK": {
      "games_played": 7,
      "xg_sum": 25.26830282545889,
      "hdc_sum": 41.0,
      "gs_sum": 25.849999999999998,
      "xg_avg": 3.609757546494127,
      "hdc_avg": 5.857142857142857,
      "gs_avg": 3.6928571428571426
    },
    "COL": {
      "games_played": 7,
      "xg_sum": 25.747591022847477,
      "hdc_sum": 48.0,
      "gs_sum": 34.5,
      "xg_avg": 3.678227288978211,
      "hdc_avg": 6.857142857142857,
      "gs_avg": 4.928571428571429
    },
    "SEA": {
      "games_played": 7,
      "xg_sum": 17.870708206596007,
      "hdc_sum": 45.0,
      "gs_sum": 28.675000000000004,
      "xg_avg": 2.552958315228001,
      "hdc_avg": 6.428571428571429,
      "gs_avg": 4.096428571428572
    },
    "LAK": {
      "games_played": 7,
      "xg_sum": 23.488368899733285,
      "hdc_sum": 43.0,
      "gs_sum": 33.17500000000001,
      "xg_avg": 3.3554812713904694,
      "hdc_avg": 6.142857142857143,
      "gs_avg": 4.739285714285716
    },
    "NYI": {
      "games_played": 7,
      "xg_sum": 22.487689612888193,
      "hdc_sum": 76.0,
      "gs_sum": 28.625000000000007,
      "xg_avg": 3.2125270875554564,
      "hdc_avg": 10.857142857142858,
      "gs_avg": 4.089285714285715
    },
    "OTT": {
      "games_played": 7,
      "xg_sum": 25.53251545748207,
      "hdc_sum": 64.0,
      "gs_sum": 31.97500000000001,
      "xg_avg": 3.647502208211724,
      "hdc_avg": 9.142857142857142,
      "gs_avg": 4.567857142857144
    },
    "MTL": {
      "games_played": 6,
      "xg_sum": 25.060007667197848,
      "hdc_sum": 39.0,
      "gs_sum": 28.975,
      "xg_avg": 4.176667944532975,
      "hdc_avg": 6.5,
      "gs_avg": 4.829166666666667
    }
  }
}