{
  "season": "2025-2026",
  "generated_at": "2026-03-24T03:57:34.002206",
  "total_games": 186,
  "teams": {
    "SJS": {
      "games_played": 6,
      "xg_sum": 16.279940362054752,
      "hdc_sum": 43.0,
      "gs_sum": 22.300000000000004,
      "xg_avg": 2.713323393675792,
      "hdc_avg": 7.166666666666667,
      "gs_avg": 3.7166666666666672
    },
    "BOS": {
      "games_played": 6,
      "xg_sum": 19.9851117892019,
      "hdc_sum": 68.0,
      "gs_sum": 28.225,
      "xg_avg": 3.330851964866983,
      "hdc_avg": 11.333333333333334,
      "gs_avg": 4.704166666666667
    },
    "WSH": {
      "games_played": 5,
      "xg_sum": 17.2471438961026,
      "hdc_sum": 22.0,
      "gs_sum": 18.700000000000006,
      "xg_avg": 3.44942877922052,
      "hdc_avg": 4.4,
      "gs_avg": 3.740000000000001
    },
    "BUF": {
      "games_played": 6,
      "xg_sum": 18.697828083203454,
      "hdc_sum": 45.0,
      "gs_sum": 28.575000000000003,
      "xg_avg": 3.116304680533909,
      "hdc_avg": 7.5,
      "gs_avg": 4.7625
    },
    "ANA": {
      "games_played": 6,
      "xg_sum": 21.591709955746513,
      "hdc_sum": 68.0,
      "gs_sum": 26.500000000000004,
      "xg_avg": 3.598618325957752,
      "hdc_avg": 11.333333333333334,
      "gs_avg": 4.416666666666667
    },
    "TOR": {
      "games_played": 6,
      "xg_sum": 13.359518701784225,
      "hdc_sum": 31.0,
      "gs_sum": 19.900000000000006,
      "xg_avg": 2.2265864502973707,
      "hdc_avg": 5.166666666666667,
      "gs_avg": 3.3166666666666678
    },
    "DET": {
      "games_played": 5,
      "xg_sum": 16.448541536552625,
      "hdc_sum": 32.0,
      "gs_sum": 19.950000000000003,
      "xg_avg": 3.289708307310525,
      "hdc_avg": 6.4,
      "gs_avg": 3.9900000000000007
    },
    "TBL": {
      "games_played": 6,
      "xg_sum": 19.743529048552105,
      "hdc_sum": 52.0,
      "gs_sum": 32.25,
      "xg_avg": 3.290588174758684,
      "hdc_avg": 8.666666666666666,
      "gs_avg": 5.375
    },
    "CBJ": {
      "games_played": 6,
      "xg_sum": 20.579037042642508,
      "hdc_sum": 63.0,
      "gs_sum": 28.350000000000005,
      "xg_avg": 3.4298395071070846,
      "hdc_avg": 10.5,
      "gs_avg": 4.7250000000000005
    },
    "FLA": {
      "games_played": 5,
      "xg_sum": 15.969729294129651,
      "hdc_sum": 21.0,
      "gs_sum": 16.400000000000006,
      "xg_avg": 3.19394585882593,
      "hdc_avg": 4.2,
      "gs_avg": 3.280000000000001
    },
    "CGY": {
      "games_played": 6,
      "xg_sum": 15.3470839368225,
      "hdc_sum": 42.0,
      "gs_sum": 28.000000000000007,
      "xg_avg": 2.55784732280375,
      "hdc_avg": 7.0,
      "gs_avg": 4.666666666666668
    },
    "NJD": {
      "games_played": 5,
      "xg_sum": 17.258713117891375,
      "hdc_sum": 51.0,
      "gs_sum": 28.575000000000003,
      "xg_avg": 3.451742623578275,
      "hdc_avg": 10.2,
      "gs_avg": 5.715000000000001
    },
    "STL": {
      "games_played": 5,
      "xg_sum": 14.42678324158415,
      "hdc_sum": 43.0,
      "gs_sum": 18.425000000000004,
      "xg_avg": 2.8853566483168303,
      "hdc_avg": 8.6,
      "gs_avg": 3.685000000000001
    },
    "CAR": {
      "games_played": 6,
      "xg_sum": 22.4194849855673,
      "hdc_sum": 33.0,
      "gs_sum": 31.050000000000004,
      "xg_avg": 3.7365808309278834,
      "hdc_avg": 5.5,
      "gs_avg": 5.175000000000001
    },
    "EDM": {
      "games_played": 6,
      "xg_sum": 17.8196858633885,
      "hdc_sum": 60.0,
      "gs_sum": 22.75000000000001,
      "xg_avg": 2.969947643898083,
      "hdc_avg": 10.0,
      "gs_avg": 3.7916666666666683
    },
    "DAL": {
      "games_played": 6,
      "xg_sum": 18.376243088037192,
      "hdc_sum": 41.0,
      "gs_sum": 22.25,
      "xg_avg": 3.062707181339532,
      "hdc_avg": 6.833333333333333,
      "gs_avg": 3.7083333333333335
    },
    "PHI": {
      "games_played": 5,
      "xg_sum": 17.362466638974553,
      "hdc_sum": 37.0,
      "gs_sum": 20.750000000000007,
      "xg_avg": 3.4724933277949104,
      "hdc_avg": 7.4,
      "gs_avg": 4.150000000000001
    },
    "MIN": {
      "games_played": 6,
      "xg_sum": 23.17760891267181,
      "hdc_sum": 43.0,
      "gs_sum": 25.27500000000001,
      "xg_avg": 3.862934818778635,
      "hdc_avg": 7.166666666666667,
      "gs_avg": 4.212500000000001
    },
    "NYR": {
      "games_played": 7,
      "xg_sum": 15.105305864103226,
      "hdc_sum": 30.0,
      "gs_sum": 23.775000000000002,
      "xg_avg": 2.157900837729032,
      "hdc_avg": 4.285714285714286,
      "gs_avg": 3.396428571428572
    },
    "WPG": {
      "games_played": 7,
      "xg_sum": 21.55872900023216,
      "hdc_sum": 41.0,
      "gs_sum": 31.225000000000005,
      "xg_avg": 3.079818428604594,
      "hdc_avg": 5.857142857142857,
      "gs_avg": 4.460714285714286
    },
    "CHI": {
      "games_played": 6,
      "xg_sum": 15.019279901233642,
      "hdc_sum": 36.0,
      "gs_sum": 17.575000000000006,
      "xg_avg": 2.5032133168722734,
      "hdc_avg": 6.0,
      "gs_avg": 2.9291666666666676
    },
    "UTA": {
      "games_played": 6,
      "xg_sum": 19.579481933984802,
      "hdc_sum": 57.0,
      "gs_sum": 27.850000000000005,
      "xg_avg": 3.263246988997467,
      "hdc_avg": 9.5,
      "gs_avg": 4.6416666666666675
    },
    "NSH": {
      "games_played": 6,
      "xg_sum": 19.338617544971566,
      "hdc_sum": 44.0,
      "gs_sum": 23.425000000000004,
      "xg_avg": 3.223102924161928,
      "hdc_avg": 7.333333333333333,
      "gs_avg": 3.9041666666666672
    },
    "VAN": {
      "games_played": 5,
      "xg_sum": 14.844976724767504,
      "hdc_sum": 16.0,
      "gs_sum": 19.800000000000004,
      "xg_avg": 2.968995344953501,
      "hdc_avg": 3.2,
      "gs_avg": 3.960000000000001
    },
    "PIT": {
      "games_played": 6,
      "xg_sum": 18.873328418631,
      "hdc_sum": 54.0,
      "gs_sum": 28.875000000000007,
      "xg_avg": 3.1455547364385,
      "hdc_avg": 9.0,
      "gs_avg": 4.812500000000001
    },
    "VGK": {
      "games_played": 6,
      "xg_sum": 21.395655542430937,
      "hdc_sum": 33.0,
      "gs_sum": 23.299999999999997,
      "xg_avg": 3.565942590405156,
      "hdc_avg": 5.5,
      "gs_avg": 3.883333333333333
    },
    "COL": {
      "games_played": 6,
      "xg_sum": 23.944854912542603,
      "hdc_sum": 47.0,
      "gs_sum": 28.200000000000003,
      "xg_avg": 3.9908091520904336,
      "hdc_avg": 7.833333333333333,
      "gs_avg": 4.7
    },
    "SEA": {
      "games_played": 6,
      "xg_sum": 15.353593014446005,
      "hdc_sum": 36.0,
      "gs_sum": 23.475000000000005,
      "xg_avg": 2.558932169074334,
      "hdc_avg": 6.0,
      "gs_avg": 3.912500000000001
    },
    "LAK": {
      "games_played": 6,
      "xg_sum": 20.808240409385785,
      "hdc_sum": 36.0,
      "gs_sum": 28.700000000000006,
      "xg_avg": 3.4680400682309642,
      "hdc_avg": 6.0,
      "gs_avg": 4.783333333333334
    },
    "NYI": {
      "games_played": 6,
      "xg_sum": 16.773299366629445,
      "hdc_sum": 55.0,
      "gs_sum": 22.475000000000005,
      "xg_avg": 2.7955498944382406,
      "hdc_avg": 9.166666666666666,
      "gs_avg": 3.745833333333334
    },
    "OTT": {
      "games_played": 6,
      "xg_sum": 22.80460190374872,
      "hdc_sum": 57.0,
      "gs_sum": 28.47500000000001,
      "xg_avg": 3.8007669839581197,
      "hdc_avg": 9.5,
      "gs_avg": 4.7458333333333345
    },
    "MTL": {
      "games_played": 5,
      "xg_sum": 22.1842632440166,
      "hdc_sum": 32.0,
      "gs_sum": 23.975,
      "xg_avg": 4.4368526488033195,
      "hdc_avg": 6.4,
      "gs_avg": 4.795
    }
  }
}