{
  "season": "2025-2026",
  "generated_at": "2025-12-12T04:44:03.768739",
  "total_games": 256,
  "teams": {
    "VGK": {
      "games_played": 21,
      "xg_sum": 67.40295276965551,
      "hdc_sum": 71.0,
      "gs_sum": 90.67500000000001,
      "xg_avg": 3.2096644176026436,
      "hdc_avg": 3.380952380952381,
      "gs_avg": 4.317857142857143
    },
    "NJD": {
      "games_played": 21,
      "xg_sum": 56.87460689186915,
      "hdc_sum": 59.0,
      "gs_sum": 63.25000000000002,
      "xg_avg": 2.708314613898531,
      "hdc_avg": 2.8095238095238093,
      "gs_avg": 3.0119047619047628
    },
    "BUF": {
      "games_played": 19,
      "xg_sum": 80.00482115591252,
      "hdc_sum": 220.0,
      "gs_sum": 67.42500000000001,
      "xg_avg": 4.210780060837501,
      "hdc_avg": 11.578947368421053,
      "gs_avg": 3.5486842105263166
    },
    "WPG": {
      "games_played": 20,
      "xg_sum": 44.96119174674724,
      "hdc_sum": 98.0,
      "gs_sum": 86.25000000000004,
      "xg_avg": 2.248059587337362,
      "hdc_avg": 4.9,
      "gs_avg": 4.312500000000002
    },
    "SJS": {
      "games_played": 19,
      "xg_sum": 38.83589947446456,
      "hdc_sum": 140.0,
      "gs_sum": 48.899999999999984,
      "xg_avg": 2.0439947091823454,
      "hdc_avg": 7.368421052631579,
      "gs_avg": 2.573684210526315
    },
    "DAL": {
      "games_played": 19,
      "xg_sum": 52.89347818653603,
      "hdc_sum": 38.0,
      "gs_sum": 80.32500000000002,
      "xg_avg": 2.7838672729755807,
      "hdc_avg": 2.0,
      "gs_avg": 4.22763157894737
    },
    "UTA": {
      "games_played": 17,
      "xg_sum": 49.98205923831736,
      "hdc_sum": 95.0,
      "gs_sum": 67.87499999999999,
      "xg_avg": 2.940121131665727,
      "hdc_avg": 5.588235294117647,
      "gs_avg": 3.9926470588235285
    },
    "VAN": {
      "games_played": 16,
      "xg_sum": 72.8260738318737,
      "hdc_sum": 122.0,
      "gs_sum": 62.249999999999986,
      "xg_avg": 4.551629614492106,
      "hdc_avg": 7.625,
      "gs_avg": 3.890624999999999
    },
    "WSH": {
      "games_played": 12,
      "xg_sum": 45.44452382455353,
      "hdc_sum": 76.0,
      "gs_sum": 55.349999999999994,
      "xg_avg": 3.7870436520461275,
      "hdc_avg": 6.333333333333333,
      "gs_avg": 4.6125
    },
    "ANA": {
      "games_played": 13,
      "xg_sum": 55.81514610836502,
      "hdc_sum": 124.0,
      "gs_sum": 88.725,
      "xg_avg": 4.29347277756654,
      "hdc_avg": 9.538461538461538,
      "gs_avg": 6.824999999999999
    },
    "COL": {
      "games_played": 6,
      "xg_sum": 22.18148295922851,
      "hdc_sum": 81.0,
      "gs_sum": 34.67500000000001,
      "xg_avg": 3.696913826538085,
      "hdc_avg": 13.5,
      "gs_avg": 5.779166666666669
    },
    "NYR": {
      "games_played": 6,
      "xg_sum": 14.380003543125483,
      "hdc_sum": 25.0,
      "gs_sum": 20.1,
      "xg_avg": 2.3966672571875804,
      "hdc_avg": 4.166666666666667,
      "gs_avg": 3.35
    },
    "CBJ": {
      "games_played": 4,
      "xg_sum": 10.390918215143502,
      "hdc_sum": 27.0,
      "gs_sum": 16.650000000000002,
      "xg_avg": 2.5977295537858756,
      "hdc_avg": 6.75,
      "gs_avg": 4.1625000000000005
    },
    "FLA": {
      "games_played": 3,
      "xg_sum": 11.59357231368905,
      "hdc_sum": 20.0,
      "gs_sum": 19.375000000000004,
      "xg_avg": 3.8645241045630168,
      "hdc_avg": 6.666666666666667,
      "gs_avg": 6.458333333333335
    },
    "BOS": {
      "games_played": 3,
      "xg_sum": 8.846787529975,
      "hdc_sum": 22.0,
      "gs_sum": 17.225,
      "xg_avg": 2.9489291766583334,
      "hdc_avg": 7.333333333333333,
      "gs_avg": 5.741666666666667
    },
    "MTL": {
      "games_played": 4,
      "xg_sum": 14.405537788993056,
      "hdc_sum": 29.0,
      "gs_sum": 16.875000000000004,
      "xg_avg": 3.601384447248264,
      "hdc_avg": 7.25,
      "gs_avg": 4.218750000000001
    },
    "TOR": {
      "games_played": 3,
      "xg_sum": 6.471356107888924,
      "hdc_sum": 16.0,
      "gs_sum": 10.300000000000004,
      "xg_avg": 2.1571187026296412,
      "hdc_avg": 5.333333333333333,
      "gs_avg": 3.433333333333335
    },
    "STL": {
      "games_played": 4,
      "xg_sum": 8.814746942084044,
      "hdc_sum": 25.0,
      "gs_sum": 13.450000000000003,
      "xg_avg": 2.203686735521011,
      "hdc_avg": 6.25,
      "gs_avg": 3.3625000000000007
    },
    "OTT": {
      "games_played": 3,
      "xg_sum": 10.35297558698085,
      "hdc_sum": 30.0,
      "gs_sum": 16.050000000000004,
      "xg_avg": 3.45099186232695,
      "hdc_avg": 10.0,
      "gs_avg": 5.350000000000001
    },
    "NYI": {
      "games_played": 4,
      "xg_sum": 10.030152846882547,
      "hdc_sum": 24.0,
      "gs_sum": 17.875000000000004,
      "xg_avg": 2.507538211720637,
      "hdc_avg": 6.0,
      "gs_avg": 4.468750000000001
    },
    "TBL": {
      "games_played": 4,
      "xg_sum": 14.140403744200325,
      "hdc_sum": 38.0,
      "gs_sum": 19.875,
      "xg_avg": 3.5351009360500814,
      "hdc_avg": 9.5,
      "gs_avg": 4.96875
    },
    "NSH": {
      "games_played": 3,
      "xg_sum": 10.260352882691503,
      "hdc_sum": 30.0,
      "gs_sum": 14.950000000000003,
      "xg_avg": 3.4201176275638345,
      "hdc_avg": 10.0,
      "gs_avg": 4.983333333333334
    },
    "CAR": {
      "games_played": 4,
      "xg_sum": 17.529211986183125,
      "hdc_sum": 34.0,
      "gs_sum": 22.400000000000006,
      "xg_avg": 4.382302996545781,
      "hdc_avg": 8.5,
      "gs_avg": 5.600000000000001
    },
    "CGY": {
      "games_played": 3,
      "xg_sum": 9.685540922675004,
      "hdc_sum": 20.0,
      "gs_sum": 14.949999999999998,
      "xg_avg": 3.228513640891668,
      "hdc_avg": 6.666666666666667,
      "gs_avg": 4.9833333333333325
    },
    "CHI": {
      "games_played": 3,
      "xg_sum": 4.6974490877912505,
      "hdc_sum": 11.0,
      "gs_sum": 7.899999999999999,
      "xg_avg": 1.5658163625970836,
      "hdc_avg": 3.6666666666666665,
      "gs_avg": 2.633333333333333
    },
    "LAK": {
      "games_played": 3,
      "xg_sum": 9.515296178944302,
      "hdc_sum": 16.0,
      "gs_sum": 14.575000000000001,
      "xg_avg": 3.1717653929814342,
      "hdc_avg": 5.333333333333333,
      "gs_avg": 4.858333333333333
    },
    "EDM": {
      "games_played": 3,
      "xg_sum": 9.510604309453853,
      "hdc_sum": 35.0,
      "gs_sum": 15.350000000000001,
      "xg_avg": 3.170201436484618,
      "hdc_avg": 11.666666666666666,
      "gs_avg": 5.116666666666667
    },
    "DET": {
      "games_played": 4,
      "xg_sum": 11.542322357934601,
      "hdc_sum": 33.0,
      "gs_sum": 16.800000000000004,
      "xg_avg": 2.8855805894836504,
      "hdc_avg": 8.25,
      "gs_avg": 4.200000000000001
    },
    "SEA": {
      "games_played": 3,
      "xg_sum": 10.03101586908027,
      "hdc_sum": 22.0,
      "gs_sum": 12.825000000000003,
      "xg_avg": 3.3436719563600903,
      "hdc_avg": 7.333333333333333,
      "gs_avg": 4.275000000000001
    },
    "MIN": {
      "games_played": 3,
      "xg_sum": 12.0450757809764,
      "hdc_sum": 30.0,
      "gs_sum": 15.100000000000001,
      "xg_avg": 4.015025260325467,
      "hdc_avg": 10.0,
      "gs_avg": 5.033333333333334
    },
    "PHI": {
      "games_played": 3,
      "xg_sum": 8.43410323667965,
      "hdc_sum": 13.0,
      "gs_sum": 12.850000000000001,
      "xg_avg": 2.8113677455598833,
      "hdc_avg": 4.333333333333333,
      "gs_avg": 4.283333333333334
    },
    "PIT": {
      "games_played": 3,
      "xg_sum": 13.158470512312503,
      "hdc_sum": 48.0,
      "gs_sum": 15.925000000000004,
      "xg_avg": 4.386156837437501,
      "hdc_avg": 16.0,
      "gs_avg": 5.3083333333333345
    }
  }
}