{
  "season": "2025-2026",
  "generated_at": "2026-04-24T02:04:31.949641",
  "total_games": 596,
  "teams": {
    "SJS": {
      "games_played": 17,
      "xg_sum": 47.74499897480443,
      "hdc_sum": 119.0,
      "gs_sum": 68.95000000000002,
      "xg_avg": 2.808529351459084,
      "hdc_avg": 7.0,
      "gs_avg": 4.055882352941177
    },
    "BOS": {
      "games_played": 18,
      "xg_sum": 54.43434787589568,
      "hdc_sum": 156.0,
      "gs_sum": 79.925,
      "xg_avg": 3.02413043754976,
      "hdc_avg": 8.666666666666666,
      "gs_avg": 4.440277777777777
    },
    "WSH": {
      "games_played": 15,
      "xg_sum": 43.70830892071101,
      "hdc_sum": 74.0,
      "gs_sum": 59.7,
      "xg_avg": 2.9138872613807343,
      "hdc_avg": 4.933333333333334,
      "gs_avg": 3.98
    },
    "BUF": {
      "games_played": 18,
      "xg_sum": 58.28799441013523,
      "hdc_sum": 157.0,
      "gs_sum": 85.55,
      "xg_avg": 3.238221911674179,
      "hdc_avg": 8.722222222222221,
      "gs_avg": 4.752777777777777
    },
    "ANA": {
      "games_played": 27,
      "xg_sum": 85.92659842585262,
      "hdc_sum": 236.0,
      "gs_sum": 145.50000000000003,
      "xg_avg": 3.1824666083649116,
      "hdc_avg": 8.74074074074074,
      "gs_avg": 5.38888888888889
    },
    "TOR": {
      "games_played": 15,
      "xg_sum": 37.31639427613013,
      "hdc_sum": 70.0,
      "gs_sum": 50.92500000000001,
      "xg_avg": 2.4877596184086754,
      "hdc_avg": 4.666666666666667,
      "gs_avg": 3.395000000000001
    },
    "DET": {
      "games_played": 14,
      "xg_sum": 42.45687992070684,
      "hdc_sum": 82.0,
      "gs_sum": 60.95000000000001,
      "xg_avg": 3.0326342800504884,
      "hdc_avg": 5.857142857142857,
      "gs_avg": 4.3535714285714295
    },
    "TBL": {
      "games_played": 19,
      "xg_sum": 58.493992811997046,
      "hdc_sum": 139.0,
      "gs_sum": 81.65000000000002,
      "xg_avg": 3.0786312006314236,
      "hdc_avg": 7.315789473684211,
      "gs_avg": 4.297368421052632
    },
    "CBJ": {
      "games_played": 16,
      "xg_sum": 54.63523806232921,
      "hdc_sum": 150.0,
      "gs_sum": 70.92500000000003,
      "xg_avg": 3.4147023788955755,
      "hdc_avg": 9.375,
      "gs_avg": 4.432812500000002
    },
    "FLA": {
      "games_played": 17,
      "xg_sum": 53.04131810652355,
      "hdc_sum": 105.0,
      "gs_sum": 74.725,
      "xg_avg": 3.1200775356778556,
      "hdc_avg": 6.176470588235294,
      "gs_avg": 4.395588235294118
    },
    "CGY": {
      "games_played": 16,
      "xg_sum": 41.33669659863371,
      "hdc_sum": 99.0,
      "gs_sum": 67.42500000000001,
      "xg_avg": 2.5835435374146067,
      "hdc_avg": 6.1875,
      "gs_avg": 4.214062500000001
    },
    "NJD": {
      "games_played": 15,
      "xg_sum": 48.05434292526162,
      "hdc_sum": 126.0,
      "gs_sum": 68.475,
      "xg_avg": 3.2036228616841083,
      "hdc_avg": 8.4,
      "gs_avg": 4.5649999999999995
    },
    "STL": {
      "games_played": 15,
      "xg_sum": 44.01898429903766,
      "hdc_sum": 130.0,
      "gs_sum": 68.10000000000001,
      "xg_avg": 2.9345989532691776,
      "hdc_avg": 8.666666666666666,
      "gs_avg": 4.540000000000001
    },
    "CAR": {
      "games_played": 17,
      "xg_sum": 64.37958469899168,
      "hdc_sum": 115.0,
      "gs_sum": 88.62500000000003,
      "xg_avg": 3.787034394058334,
      "hdc_avg": 6.764705882352941,
      "gs_avg": 5.2132352941176485
    },
    "EDM": {
      "games_played": 27,
      "xg_sum": 85.52397500814935,
      "hdc_sum": 321.0,
      "gs_sum": 139.32500000000002,
      "xg_avg": 3.167554629931457,
      "hdc_avg": 11.88888888888889,
      "gs_avg": 5.160185185185186
    },
    "DAL": {
      "games_played": 29,
      "xg_sum": 95.09349562606755,
      "hdc_sum": 288.0,
      "gs_sum": 131.42500000000004,
      "xg_avg": 3.2790860560712947,
      "hdc_avg": 9.931034482758621,
      "gs_avg": 4.531896551724139
    },
    "PHI": {
      "games_played": 28,
      "xg_sum": 83.19322902604154,
      "hdc_sum": 165.0,
      "gs_sum": 119.92499999999994,
      "xg_avg": 2.971186750930055,
      "hdc_avg": 5.892857142857143,
      "gs_avg": 4.283035714285712
    },
    "MIN": {
      "games_played": 27,
      "xg_sum": 81.54409378912489,
      "hdc_sum": 169.0,
      "gs_sum": 119.925,
      "xg_avg": 3.02015162181944,
      "hdc_avg": 6.2592592592592595,
      "gs_avg": 4.441666666666666
    },
    "NYR": {
      "games_played": 19,
      "xg_sum": 55.11042114915968,
      "hdc_sum": 114.0,
      "gs_sum": 81.49999999999999,
      "xg_avg": 2.90054848153472,
      "hdc_avg": 6.0,
      "gs_avg": 4.289473684210526
    },
    "WPG": {
      "games_played": 17,
      "xg_sum": 48.656952694130354,
      "hdc_sum": 95.0,
      "gs_sum": 70.72500000000001,
      "xg_avg": 2.862173687890021,
      "hdc_avg": 5.588235294117647,
      "gs_avg": 4.16029411764706
    },
    "CHI": {
      "games_played": 16,
      "xg_sum": 40.95959503049232,
      "hdc_sum": 96.0,
      "gs_sum": 55.85000000000001,
      "xg_avg": 2.55997468940577,
      "hdc_avg": 6.0,
      "gs_avg": 3.4906250000000005
    },
    "UTA": {
      "games_played": 17,
      "xg_sum": 54.175348761837014,
      "hdc_sum": 149.0,
      "gs_sum": 80.72500000000001,
      "xg_avg": 3.1867852212845302,
      "hdc_avg": 8.764705882352942,
      "gs_avg": 4.748529411764706
    },
    "NSH": {
      "games_played": 16,
      "xg_sum": 47.53674217654653,
      "hdc_sum": 115.0,
      "gs_sum": 62.5,
      "xg_avg": 2.9710463860341583,
      "hdc_avg": 7.1875,
      "gs_avg": 3.90625
    },
    "VAN": {
      "games_played": 15,
      "xg_sum": 40.8151848045925,
      "hdc_sum": 84.0,
      "gs_sum": 56.100000000000016,
      "xg_avg": 2.7210123203061665,
      "hdc_avg": 5.6,
      "gs_avg": 3.740000000000001
    },
    "PIT": {
      "games_played": 28,
      "xg_sum": 83.89432983395844,
      "hdc_sum": 264.0,
      "gs_sum": 108.12500000000003,
      "xg_avg": 2.9962260654985156,
      "hdc_avg": 9.428571428571429,
      "gs_avg": 3.8616071428571437
    },
    "VGK": {
      "games_played": 17,
      "xg_sum": 60.282156980537955,
      "hdc_sum": 107.0,
      "gs_sum": 75.92500000000003,
      "xg_avg": 3.5460092341492917,
      "hdc_avg": 6.294117647058823,
      "gs_avg": 4.466176470588237
    },
    "COL": {
      "games_played": 18,
      "xg_sum": 71.10376817549289,
      "hdc_sum": 135.0,
      "gs_sum": 92.6,
      "xg_avg": 3.950209343082938,
      "hdc_avg": 7.5,
      "gs_avg": 5.144444444444444
    },
    "SEA": {
      "games_played": 17,
      "xg_sum": 43.72124245097605,
      "hdc_sum": 123.0,
      "gs_sum": 67.20000000000002,
      "xg_avg": 2.5718377912338855,
      "hdc_avg": 7.235294117647059,
      "gs_avg": 3.9529411764705893
    },
    "LAK": {
      "games_played": 17,
      "xg_sum": 56.91516359256075,
      "hdc_sum": 119.0,
      "gs_sum": 75.80000000000001,
      "xg_avg": 3.347950799562397,
      "hdc_avg": 7.0,
      "gs_avg": 4.458823529411766
    },
    "NYI": {
      "games_played": 15,
      "xg_sum": 52.970843760935885,
      "hdc_sum": 156.0,
      "gs_sum": 62.90000000000001,
      "xg_avg": 3.5313895840623926,
      "hdc_avg": 10.4,
      "gs_avg": 4.193333333333334
    },
    "OTT": {
      "games_played": 17,
      "xg_sum": 56.90101702878049,
      "hdc_sum": 152.0,
      "gs_sum": 72.05000000000003,
      "xg_avg": 3.347118648751793,
      "hdc_avg": 8.941176470588236,
      "gs_avg": 4.238235294117649
    },
    "MTL": {
      "games_played": 17,
      "xg_sum": 57.60415993862184,
      "hdc_sum": 103.0,
      "gs_sum": 69.50000000000001,
      "xg_avg": 3.38847999638952,
      "hdc_avg": 6.0588235294117645,
      "gs_avg": 4.088235294117648
    }
  }
}