{
  "season": "2025-2026",
  "generated_at": "2026-02-02T05:58:08.755631",
  "total_games": 210,
  "teams": {
    "BUF": {
      "games_played": 7,
      "xg_sum": 20.40655276646334,
      "hdc_sum": 47.0,
      "gs_sum": 34.00000000000001,
      "xg_avg": 2.915221823780477,
      "hdc_avg": 6.714285714285714,
      "gs_avg": 4.8571428571428585
    },
    "CAR": {
      "games_played": 6,
      "xg_sum": 20.2915858790728,
      "hdc_sum": 42.0,
      "gs_sum": 28.900000000000006,
      "xg_avg": 3.381930979845467,
      "hdc_avg": 7.0,
      "gs_avg": 4.816666666666667
    },
    "WSH": {
      "games_played": 7,
      "xg_sum": 26.189747450925246,
      "hdc_sum": 59.0,
      "gs_sum": 32.97500000000001,
      "xg_avg": 3.7413924929893208,
      "hdc_avg": 8.428571428571429,
      "gs_avg": 4.710714285714287
    },
    "COL": {
      "games_played": 7,
      "xg_sum": 25.299444593049348,
      "hdc_sum": 48.0,
      "gs_sum": 36.75000000000001,
      "xg_avg": 3.614206370435621,
      "hdc_avg": 6.857142857142857,
      "gs_avg": 5.250000000000001
    },
    "PIT": {
      "games_played": 6,
      "xg_sum": 19.326982144687502,
      "hdc_sum": 55.0,
      "gs_sum": 36.275000000000006,
      "xg_avg": 3.22116369078125,
      "hdc_avg": 9.166666666666666,
      "gs_avg": 6.045833333333334
    },
    "SEA": {
      "games_played": 7,
      "xg_sum": 16.225296994049,
      "hdc_sum": 53.0,
      "gs_sum": 29.75,
      "xg_avg": 2.3178995705784287,
      "hdc_avg": 7.571428571428571,
      "gs_avg": 4.25
    },
    "SJS": {
      "games_played": 6,
      "xg_sum": 17.929559653546928,
      "hdc_sum": 51.0,
      "gs_sum": 24.650000000000002,
      "xg_avg": 2.9882599422578213,
      "hdc_avg": 8.5,
      "gs_avg": 4.108333333333333
    },
    "FLA": {
      "games_played": 7,
      "xg_sum": 20.517351957988403,
      "hdc_sum": 37.0,
      "gs_sum": 27.65000000000001,
      "xg_avg": 2.931050279712629,
      "hdc_avg": 5.285714285714286,
      "gs_avg": 3.9500000000000015
    },
    "MIN": {
      "games_played": 7,
      "xg_sum": 23.460088500566552,
      "hdc_sum": 42.0,
      "gs_sum": 37.25000000000001,
      "xg_avg": 3.3514412143666505,
      "hdc_avg": 6.0,
      "gs_avg": 5.321428571428572
    },
    "TOR": {
      "games_played": 7,
      "xg_sum": 24.991990665793566,
      "hdc_sum": 48.0,
      "gs_sum": 31.85000000000001,
      "xg_avg": 3.570284380827652,
      "hdc_avg": 6.857142857142857,
      "gs_avg": 4.550000000000002
    },
    "PHI": {
      "games_played": 7,
      "xg_sum": 21.156230077561904,
      "hdc_sum": 41.0,
      "gs_sum": 26.95,
      "xg_avg": 3.0223185825088437,
      "hdc_avg": 5.857142857142857,
      "gs_avg": 3.85
    },
    "VGK": {
      "games_played": 8,
      "xg_sum": 28.306795054590754,
      "hdc_sum": 50.0,
      "gs_sum": 36.37500000000001,
      "xg_avg": 3.5383493818238443,
      "hdc_avg": 6.25,
      "gs_avg": 4.546875000000001
    },
    "WPG": {
      "games_played": 7,
      "xg_sum": 18.30674438448932,
      "hdc_sum": 38.0,
      "gs_sum": 22.0,
      "xg_avg": 2.6152491977841885,
      "hdc_avg": 5.428571428571429,
      "gs_avg": 3.142857142857143
    },
    "CHI": {
      "games_played": 7,
      "xg_sum": 20.386036355999472,
      "hdc_sum": 47.0,
      "gs_sum": 26.1,
      "xg_avg": 2.9122909079999246,
      "hdc_avg": 6.714285714285714,
      "gs_avg": 3.7285714285714286
    },
    "NJD": {
      "games_played": 7,
      "xg_sum": 20.003072815623092,
      "hdc_sum": 48.0,
      "gs_sum": 29.200000000000003,
      "xg_avg": 2.8575818308032988,
      "hdc_avg": 6.857142857142857,
      "gs_avg": 4.171428571428572
    },
    "CGY": {
      "games_played": 6,
      "xg_sum": 19.34177804500404,
      "hdc_sum": 38.0,
      "gs_sum": 22.700000000000003,
      "xg_avg": 3.22362967416734,
      "hdc_avg": 6.333333333333333,
      "gs_avg": 3.7833333333333337
    },
    "NYI": {
      "games_played": 7,
      "xg_sum": 19.973636749041063,
      "hdc_sum": 55.0,
      "gs_sum": 27.800000000000008,
      "xg_avg": 2.8533766784344374,
      "hdc_avg": 7.857142857142857,
      "gs_avg": 3.9714285714285724
    },
    "VAN": {
      "games_played": 7,
      "xg_sum": 24.250125400181094,
      "hdc_sum": 47.0,
      "gs_sum": 29.525000000000002,
      "xg_avg": 3.4643036285972992,
      "hdc_avg": 6.714285714285714,
      "gs_avg": 4.217857142857143
    },
    "NYR": {
      "games_played": 7,
      "xg_sum": 20.748168810704932,
      "hdc_sum": 32.0,
      "gs_sum": 26.900000000000006,
      "xg_avg": 2.9640241158149903,
      "hdc_avg": 4.571428571428571,
      "gs_avg": 3.842857142857144
    },
    "ANA": {
      "games_played": 7,
      "xg_sum": 19.784618468608603,
      "hdc_sum": 40.0,
      "gs_sum": 33.10000000000001,
      "xg_avg": 2.826374066944086,
      "hdc_avg": 5.714285714285714,
      "gs_avg": 4.7285714285714295
    },
    "MTL": {
      "games_played": 6,
      "xg_sum": 20.539617958575725,
      "hdc_sum": 32.0,
      "gs_sum": 30.35000000000001,
      "xg_avg": 3.423269659762621,
      "hdc_avg": 5.333333333333333,
      "gs_avg": 5.0583333333333345
    },
    "TBL": {
      "games_played": 6,
      "xg_sum": 19.61507415606484,
      "hdc_sum": 62.0,
      "gs_sum": 33.025000000000006,
      "xg_avg": 3.2691790260108067,
      "hdc_avg": 10.333333333333334,
      "gs_avg": 5.504166666666667
    },
    "OTT": {
      "games_played": 6,
      "xg_sum": 17.063247780967504,
      "hdc_sum": 50.0,
      "gs_sum": 29.625000000000007,
      "xg_avg": 2.8438746301612507,
      "hdc_avg": 8.333333333333334,
      "gs_avg": 4.937500000000001
    },
    "CBJ": {
      "games_played": 6,
      "xg_sum": 14.161865989560626,
      "hdc_sum": 38.0,
      "gs_sum": 28.825000000000003,
      "xg_avg": 2.3603109982601045,
      "hdc_avg": 6.333333333333333,
      "gs_avg": 4.804166666666667
    },
    "BOS": {
      "games_played": 7,
      "xg_sum": 19.60905861326,
      "hdc_sum": 56.0,
      "gs_sum": 30.349999999999998,
      "xg_avg": 2.8012940876085715,
      "hdc_avg": 8.0,
      "gs_avg": 4.335714285714285
    },
    "DAL": {
      "games_played": 6,
      "xg_sum": 19.83838869820121,
      "hdc_sum": 41.0,
      "gs_sum": 29.875000000000004,
      "xg_avg": 3.3063981163668683,
      "hdc_avg": 6.833333333333333,
      "gs_avg": 4.979166666666667
    },
    "NSH": {
      "games_played": 6,
      "xg_sum": 21.82118948296573,
      "hdc_sum": 45.0,
      "gs_sum": 27.950000000000003,
      "xg_avg": 3.6368649138276212,
      "hdc_avg": 7.5,
      "gs_avg": 4.658333333333334
    },
    "STL": {
      "games_played": 6,
      "xg_sum": 15.919783793272101,
      "hdc_sum": 49.0,
      "gs_sum": 26.02500000000001,
      "xg_avg": 2.6532972988786834,
      "hdc_avg": 8.166666666666666,
      "gs_avg": 4.337500000000001
    },
    "EDM": {
      "games_played": 6,
      "xg_sum": 22.010071999671105,
      "hdc_sum": 72.0,
      "gs_sum": 32.25000000000001,
      "xg_avg": 3.6683453332785176,
      "hdc_avg": 12.0,
      "gs_avg": 5.375000000000001
    },
    "LAK": {
      "games_played": 6,
      "xg_sum": 18.003121312868156,
      "hdc_sum": 33.0,
      "gs_sum": 25.525000000000006,
      "xg_avg": 3.0005202188113596,
      "hdc_avg": 5.5,
      "gs_avg": 4.254166666666667
    },
    "DET": {
      "games_played": 6,
      "xg_sum": 19.49840116464505,
      "hdc_sum": 36.0,
      "gs_sum": 27.475,
      "xg_avg": 3.2497335274408417,
      "hdc_avg": 6.0,
      "gs_avg": 4.579166666666667
    },
    "UTA": {
      "games_played": 6,
      "xg_sum": 17.58925230070072,
      "hdc_sum": 41.0,
      "gs_sum": 23.575000000000006,
      "xg_avg": 2.931542050116787,
      "hdc_avg": 6.833333333333333,
      "gs_avg": 3.9291666666666676
    }
  }
}