{
  "season": "2025-2026",
  "generated_at": "2026-01-08T02:56:00.015782",
  "total_games": 622,
  "teams": {
    "VGK": {
      "games_played": 31,
      "xg_sum": 100.37969926543626,
      "hdc_sum": 131.0,
      "gs_sum": 137.40000000000003,
      "xg_avg": 3.2380548150140727,
      "hdc_avg": 4.225806451612903,
      "gs_avg": 4.43225806451613
    },
    "NJD": {
      "games_played": 33,
      "xg_sum": 99.13205036316634,
      "hdc_sum": 158.0,
      "gs_sum": 109.30000000000004,
      "xg_avg": 3.004001526156556,
      "hdc_avg": 4.787878787878788,
      "gs_avg": 3.3121212121212134
    },
    "BUF": {
      "games_played": 29,
      "xg_sum": 106.67265610201216,
      "hdc_sum": 288.0,
      "gs_sum": 112.55000000000001,
      "xg_avg": 3.6783674517935228,
      "hdc_avg": 9.931034482758621,
      "gs_avg": 3.881034482758621
    },
    "WPG": {
      "games_played": 31,
      "xg_sum": 78.70162996784853,
      "hdc_sum": 150.0,
      "gs_sum": 134.05000000000004,
      "xg_avg": 2.538762257027372,
      "hdc_avg": 4.838709677419355,
      "gs_avg": 4.324193548387098
    },
    "SJS": {
      "games_played": 28,
      "xg_sum": 72.00513292124926,
      "hdc_sum": 234.0,
      "gs_sum": 95.57499999999996,
      "xg_avg": 2.571611890044616,
      "hdc_avg": 8.357142857142858,
      "gs_avg": 3.413392857142856
    },
    "DAL": {
      "games_played": 31,
      "xg_sum": 90.63083195746086,
      "hdc_sum": 125.0,
      "gs_sum": 135.67500000000004,
      "xg_avg": 2.923575224434221,
      "hdc_avg": 4.032258064516129,
      "gs_avg": 4.376612903225808
    },
    "UTA": {
      "games_played": 28,
      "xg_sum": 87.22175606621362,
      "hdc_sum": 177.0,
      "gs_sum": 119.34999999999997,
      "xg_avg": 3.115062716650486,
      "hdc_avg": 6.321428571428571,
      "gs_avg": 4.262499999999998
    },
    "VAN": {
      "games_played": 28,
      "xg_sum": 110.25453433593191,
      "hdc_sum": 182.0,
      "gs_sum": 114.05,
      "xg_avg": 3.9376619405689968,
      "hdc_avg": 6.5,
      "gs_avg": 4.073214285714285
    },
    "WSH": {
      "games_played": 24,
      "xg_sum": 83.46538839442998,
      "hdc_sum": 152.0,
      "gs_sum": 105.64999999999999,
      "xg_avg": 3.4777245164345825,
      "hdc_avg": 6.333333333333333,
      "gs_avg": 4.402083333333333
    },
    "ANA": {
      "games_played": 26,
      "xg_sum": 100.17907389398441,
      "hdc_sum": 245.0,
      "gs_sum": 143.525,
      "xg_avg": 3.853041303614785,
      "hdc_avg": 9.423076923076923,
      "gs_avg": 5.520192307692308
    },
    "COL": {
      "games_played": 17,
      "xg_sum": 64.6327971481061,
      "hdc_sum": 179.0,
      "gs_sum": 97.875,
      "xg_avg": 3.8019292440062418,
      "hdc_avg": 10.529411764705882,
      "gs_avg": 5.757352941176471
    },
    "NYR": {
      "games_played": 17,
      "xg_sum": 47.734241152343095,
      "hdc_sum": 88.0,
      "gs_sum": 63.825,
      "xg_avg": 2.8078965383731234,
      "hdc_avg": 5.176470588235294,
      "gs_avg": 3.7544117647058823
    },
    "CBJ": {
      "games_played": 14,
      "xg_sum": 44.797713218114055,
      "hdc_sum": 114.0,
      "gs_sum": 64.275,
      "xg_avg": 3.1998366584367184,
      "hdc_avg": 8.142857142857142,
      "gs_avg": 4.591071428571429
    },
    "FLA": {
      "games_played": 16,
      "xg_sum": 52.51769250451186,
      "hdc_sum": 110.0,
      "gs_sum": 74.65000000000002,
      "xg_avg": 3.282355781531991,
      "hdc_avg": 6.875,
      "gs_avg": 4.665625000000001
    },
    "BOS": {
      "games_played": 13,
      "xg_sum": 39.537494042779244,
      "hdc_sum": 90.0,
      "gs_sum": 53.95000000000002,
      "xg_avg": 3.0413456955984035,
      "hdc_avg": 6.923076923076923,
      "gs_avg": 4.150000000000001
    },
    "MTL": {
      "games_played": 16,
      "xg_sum": 54.18051009792677,
      "hdc_sum": 91.0,
      "gs_sum": 73.65,
      "xg_avg": 3.386281881120423,
      "hdc_avg": 5.6875,
      "gs_avg": 4.603125
    },
    "TOR": {
      "games_played": 17,
      "xg_sum": 46.22124468120492,
      "hdc_sum": 112.0,
      "gs_sum": 77.40000000000002,
      "xg_avg": 2.7188967459532307,
      "hdc_avg": 6.588235294117647,
      "gs_avg": 4.55294117647059
    },
    "STL": {
      "games_played": 14,
      "xg_sum": 35.21291631317685,
      "hdc_sum": 102.0,
      "gs_sum": 47.92500000000001,
      "xg_avg": 2.5152083080840604,
      "hdc_avg": 7.285714285714286,
      "gs_avg": 3.4232142857142867
    },
    "OTT": {
      "games_played": 14,
      "xg_sum": 49.70012041897482,
      "hdc_sum": 141.0,
      "gs_sum": 69.275,
      "xg_avg": 3.5500086013553442,
      "hdc_avg": 10.071428571428571,
      "gs_avg": 4.948214285714286
    },
    "NYI": {
      "games_played": 16,
      "xg_sum": 45.38956471601168,
      "hdc_sum": 130.0,
      "gs_sum": 68.75000000000001,
      "xg_avg": 2.83684779475073,
      "hdc_avg": 8.125,
      "gs_avg": 4.296875000000001
    },
    "TBL": {
      "games_played": 14,
      "xg_sum": 48.791334593520475,
      "hdc_sum": 126.0,
      "gs_sum": 67.025,
      "xg_avg": 3.4850953281086055,
      "hdc_avg": 9.0,
      "gs_avg": 4.7875000000000005
    },
    "NSH": {
      "games_played": 14,
      "xg_sum": 44.063021029791834,
      "hdc_sum": 101.0,
      "gs_sum": 63.50000000000001,
      "xg_avg": 3.147358644985131,
      "hdc_avg": 7.214285714285714,
      "gs_avg": 4.5357142857142865
    },
    "CAR": {
      "games_played": 17,
      "xg_sum": 62.96103129850684,
      "hdc_sum": 114.0,
      "gs_sum": 86.87500000000003,
      "xg_avg": 3.7035900763827554,
      "hdc_avg": 6.705882352941177,
      "gs_avg": 5.110294117647061
    },
    "CGY": {
      "games_played": 12,
      "xg_sum": 39.271282749372006,
      "hdc_sum": 74.0,
      "gs_sum": 55.45000000000001,
      "xg_avg": 3.2726068957810006,
      "hdc_avg": 6.166666666666667,
      "gs_avg": 4.6208333333333345
    },
    "CHI": {
      "games_played": 17,
      "xg_sum": 43.979145575688946,
      "hdc_sum": 98.0,
      "gs_sum": 63.97500000000001,
      "xg_avg": 2.58700856327582,
      "hdc_avg": 5.764705882352941,
      "gs_avg": 3.7632352941176475
    },
    "LAK": {
      "games_played": 14,
      "xg_sum": 44.931404483462906,
      "hdc_sum": 72.0,
      "gs_sum": 60.025,
      "xg_avg": 3.2093860345330647,
      "hdc_avg": 5.142857142857143,
      "gs_avg": 4.2875
    },
    "EDM": {
      "games_played": 14,
      "xg_sum": 49.54380901564924,
      "hdc_sum": 146.0,
      "gs_sum": 68.47500000000001,
      "xg_avg": 3.5388435011178028,
      "hdc_avg": 10.428571428571429,
      "gs_avg": 4.891071428571429
    },
    "DET": {
      "games_played": 15,
      "xg_sum": 43.350840854612066,
      "hdc_sum": 96.0,
      "gs_sum": 64.325,
      "xg_avg": 2.890056056974138,
      "hdc_avg": 6.4,
      "gs_avg": 4.288333333333333
    },
    "SEA": {
      "games_played": 18,
      "xg_sum": 54.84186361509814,
      "hdc_sum": 136.0,
      "gs_sum": 80.30000000000001,
      "xg_avg": 3.0467702008387856,
      "hdc_avg": 7.555555555555555,
      "gs_avg": 4.461111111111112
    },
    "MIN": {
      "games_played": 15,
      "xg_sum": 51.265833987645706,
      "hdc_sum": 127.0,
      "gs_sum": 77.75000000000001,
      "xg_avg": 3.417722265843047,
      "hdc_avg": 8.466666666666667,
      "gs_avg": 5.1833333333333345
    },
    "PHI": {
      "games_played": 14,
      "xg_sum": 45.085908387645354,
      "hdc_sum": 89.0,
      "gs_sum": 65.85000000000001,
      "xg_avg": 3.220422027688954,
      "hdc_avg": 6.357142857142857,
      "gs_avg": 4.703571428571429
    },
    "PIT": {
      "games_played": 15,
      "xg_sum": 52.70788684364704,
      "hdc_sum": 168.0,
      "gs_sum": 78.6,
      "xg_avg": 3.5138591229098024,
      "hdc_avg": 11.2,
      "gs_avg": 5.239999999999999
    }
  }
}