{
  "season": "2025-2026",
  "generated_at": "2026-02-26T03:58:15.549289",
  "total_games": 318,
  "teams": {
    "BUF": {
      "games_played": 11,
      "xg_sum": 31.23894013965209,
      "hdc_sum": 74.0,
      "gs_sum": 50.40000000000001,
      "xg_avg": 2.839903649059281,
      "hdc_avg": 6.7272727272727275,
      "gs_avg": 4.581818181818183
    },
    "CAR": {
      "games_played": 8,
      "xg_sum": 27.42175437268939,
      "hdc_sum": 55.0,
      "gs_sum": 38.775000000000006,
      "xg_avg": 3.4277192965861736,
      "hdc_avg": 6.875,
      "gs_avg": 4.846875000000001
    },
    "WSH": {
      "games_played": 11,
      "xg_sum": 38.47789561006749,
      "hdc_sum": 95.0,
      "gs_sum": 51.42500000000001,
      "xg_avg": 3.4979905100061357,
      "hdc_avg": 8.636363636363637,
      "gs_avg": 4.675000000000001
    },
    "COL": {
      "games_played": 9,
      "xg_sum": 32.46763185752925,
      "hdc_sum": 60.0,
      "gs_sum": 45.17500000000001,
      "xg_avg": 3.607514650836583,
      "hdc_avg": 6.666666666666667,
      "gs_avg": 5.019444444444446
    },
    "PIT": {
      "games_played": 9,
      "xg_sum": 29.131537505750256,
      "hdc_sum": 77.0,
      "gs_sum": 49.875000000000014,
      "xg_avg": 3.2368375006389174,
      "hdc_avg": 8.555555555555555,
      "gs_avg": 5.541666666666668
    },
    "SEA": {
      "games_played": 10,
      "xg_sum": 24.4742626802255,
      "hdc_sum": 76.0,
      "gs_sum": 39.275,
      "xg_avg": 2.44742626802255,
      "hdc_avg": 7.6,
      "gs_avg": 3.9274999999999998
    },
    "SJS": {
      "games_played": 8,
      "xg_sum": 22.54765828998443,
      "hdc_sum": 64.0,
      "gs_sum": 31.475000000000005,
      "xg_avg": 2.8184572862480537,
      "hdc_avg": 8.0,
      "gs_avg": 3.9343750000000006
    },
    "FLA": {
      "games_played": 10,
      "xg_sum": 33.322958652061814,
      "hdc_sum": 63.0,
      "gs_sum": 40.725000000000016,
      "xg_avg": 3.3322958652061816,
      "hdc_avg": 6.3,
      "gs_avg": 4.072500000000002
    },
    "MIN": {
      "games_played": 9,
      "xg_sum": 30.346419371293553,
      "hdc_sum": 55.0,
      "gs_sum": 49.95000000000001,
      "xg_avg": 3.3718243745881726,
      "hdc_avg": 6.111111111111111,
      "gs_avg": 5.550000000000001
    },
    "TOR": {
      "games_played": 10,
      "xg_sum": 33.214613666868566,
      "hdc_sum": 70.0,
      "gs_sum": 46.00000000000001,
      "xg_avg": 3.3214613666868567,
      "hdc_avg": 7.0,
      "gs_avg": 4.6000000000000005
    },
    "PHI": {
      "games_played": 10,
      "xg_sum": 29.125683357258907,
      "hdc_sum": 57.0,
      "gs_sum": 37.45,
      "xg_avg": 2.912568335725891,
      "hdc_avg": 5.7,
      "gs_avg": 3.745
    },
    "VGK": {
      "games_played": 10,
      "xg_sum": 33.72423669621373,
      "hdc_sum": 59.0,
      "gs_sum": 46.42500000000001,
      "xg_avg": 3.372423669621373,
      "hdc_avg": 5.9,
      "gs_avg": 4.642500000000001
    },
    "WPG": {
      "games_played": 9,
      "xg_sum": 26.479284658083227,
      "hdc_sum": 54.0,
      "gs_sum": 30.200000000000006,
      "xg_avg": 2.942142739787025,
      "hdc_avg": 6.0,
      "gs_avg": 3.355555555555556
    },
    "CHI": {
      "games_played": 9,
      "xg_sum": 24.64556416098697,
      "hdc_sum": 60.0,
      "gs_sum": 32.95,
      "xg_avg": 2.738396017887441,
      "hdc_avg": 6.666666666666667,
      "gs_avg": 3.6611111111111114
    },
    "NJD": {
      "games_played": 10,
      "xg_sum": 28.18448069191715,
      "hdc_sum": 66.0,
      "gs_sum": 36.900000000000006,
      "xg_avg": 2.818448069191715,
      "hdc_avg": 6.6,
      "gs_avg": 3.6900000000000004
    },
    "CGY": {
      "games_played": 8,
      "xg_sum": 25.50424081006054,
      "hdc_sum": 47.0,
      "gs_sum": 31.975,
      "xg_avg": 3.1880301012575676,
      "hdc_avg": 5.875,
      "gs_avg": 3.996875
    },
    "NYI": {
      "games_played": 10,
      "xg_sum": 28.9402399557969,
      "hdc_sum": 74.0,
      "gs_sum": 40.30000000000001,
      "xg_avg": 2.89402399557969,
      "hdc_avg": 7.4,
      "gs_avg": 4.030000000000001
    },
    "VAN": {
      "games_played": 9,
      "xg_sum": 28.46959105947778,
      "hdc_sum": 55.0,
      "gs_sum": 36.07500000000001,
      "xg_avg": 3.1632878954975308,
      "hdc_avg": 6.111111111111111,
      "gs_avg": 4.008333333333335
    },
    "NYR": {
      "games_played": 8,
      "xg_sum": 23.122760234454933,
      "hdc_sum": 36.0,
      "gs_sum": 28.200000000000006,
      "xg_avg": 2.8903450293068667,
      "hdc_avg": 4.5,
      "gs_avg": 3.525000000000001
    },
    "ANA": {
      "games_played": 8,
      "xg_sum": 23.515317063861104,
      "hdc_sum": 52.0,
      "gs_sum": 38.925000000000004,
      "xg_avg": 2.939414632982638,
      "hdc_avg": 6.5,
      "gs_avg": 4.8656250000000005
    },
    "MTL": {
      "games_played": 8,
      "xg_sum": 26.467495379656828,
      "hdc_sum": 52.0,
      "gs_sum": 39.92500000000001,
      "xg_avg": 3.3084369224571035,
      "hdc_avg": 6.5,
      "gs_avg": 4.990625000000001
    },
    "TBL": {
      "games_played": 9,
      "xg_sum": 29.44297531860234,
      "hdc_sum": 90.0,
      "gs_sum": 48.45000000000002,
      "xg_avg": 3.2714417020669266,
      "hdc_avg": 10.0,
      "gs_avg": 5.3833333333333355
    },
    "OTT": {
      "games_played": 9,
      "xg_sum": 28.12093959303211,
      "hdc_sum": 76.0,
      "gs_sum": 42.40000000000001,
      "xg_avg": 3.1245488436702344,
      "hdc_avg": 8.444444444444445,
      "gs_avg": 4.711111111111112
    },
    "CBJ": {
      "games_played": 8,
      "xg_sum": 19.481239060043002,
      "hdc_sum": 51.0,
      "gs_sum": 37.10000000000001,
      "xg_avg": 2.4351548825053753,
      "hdc_avg": 6.375,
      "gs_avg": 4.637500000000001
    },
    "BOS": {
      "games_played": 8,
      "xg_sum": 24.258256732396,
      "hdc_sum": 66.0,
      "gs_sum": 36.225,
      "xg_avg": 3.0322820915495,
      "hdc_avg": 8.25,
      "gs_avg": 4.528125
    },
    "DAL": {
      "games_played": 9,
      "xg_sum": 32.31361614546056,
      "hdc_sum": 59.0,
      "gs_sum": 44.8,
      "xg_avg": 3.590401793940062,
      "hdc_avg": 6.555555555555555,
      "gs_avg": 4.977777777777778
    },
    "NSH": {
      "games_played": 9,
      "xg_sum": 32.57397980308649,
      "hdc_sum": 72.0,
      "gs_sum": 44.32500000000001,
      "xg_avg": 3.619331089231832,
      "hdc_avg": 8.0,
      "gs_avg": 4.925000000000001
    },
    "STL": {
      "games_played": 8,
      "xg_sum": 22.0604162296868,
      "hdc_sum": 70.0,
      "gs_sum": 36.65000000000001,
      "xg_avg": 2.75755202871085,
      "hdc_avg": 8.75,
      "gs_avg": 4.581250000000002
    },
    "EDM": {
      "games_played": 8,
      "xg_sum": 29.77303325403971,
      "hdc_sum": 95.0,
      "gs_sum": 41.45000000000001,
      "xg_avg": 3.7216291567549638,
      "hdc_avg": 11.875,
      "gs_avg": 5.181250000000001
    },
    "LAK": {
      "games_played": 8,
      "xg_sum": 25.988179441599318,
      "hdc_sum": 48.0,
      "gs_sum": 32.60000000000001,
      "xg_avg": 3.2485224301999147,
      "hdc_avg": 6.0,
      "gs_avg": 4.075000000000001
    },
    "DET": {
      "games_played": 8,
      "xg_sum": 27.98325242863305,
      "hdc_sum": 51.0,
      "gs_sum": 34.425,
      "xg_avg": 3.4979065535791314,
      "hdc_avg": 6.375,
      "gs_avg": 4.303125
    },
    "UTA": {
      "games_played": 8,
      "xg_sum": 23.03051608324122,
      "hdc_sum": 57.0,
      "gs_sum": 33.150000000000006,
      "xg_avg": 2.8788145104051526,
      "hdc_avg": 7.125,
      "gs_avg": 4.143750000000001
    },
    "SVK": {
      "games_played": 3,
      "xg_sum": 0.03779617500000001,
      "hdc_sum": 0.0,
      "gs_sum": 5.250000000000001,
      "xg_avg": 0.012598725000000003,
      "hdc_avg": 0.0,
      "gs_avg": 1.7500000000000002
    },
    "FIN": {
      "games_played": 3,
      "xg_sum": 0.060473879999999994,
      "hdc_sum": 0.0,
      "gs_sum": 10.350000000000001,
      "xg_avg": 0.02015796,
      "hdc_avg": 0.0,
      "gs_avg": 3.4500000000000006
    },