{
  "season": "2025-2026",
  "generated_at": "2026-05-04T06:15:34.303294",
  "total_games": 1086,
  "teams": {
    "SJS": {
      "games_played": 17,
      "xg_sum": 47.74499897480443,
      "hdc_sum": 119.0,
      "gs_sum": 68.95000000000002,
      "xg_avg": 2.808529351459084,
      "hdc_avg": 7.0,
      "gs_avg": 4.055882352941177
    },
    "BOS": {
      "games_played": 54,
      "xg_sum": 155.29836136042854,
      "hdc_sum": 463.0,
      "gs_sum": 173.2499999999999,
      "xg_avg": 2.8758955807486766,
      "hdc_avg": 8.574074074074074,
      "gs_avg": 3.2083333333333313
    },
    "WSH": {
      "games_played": 15,
      "xg_sum": 43.70830892071101,
      "hdc_sum": 74.0,
      "gs_sum": 59.7,
      "xg_avg": 2.9138872613807343,
      "hdc_avg": 4.933333333333334,
      "gs_avg": 3.98
    },
    "BUF": {
      "games_played": 54,
      "xg_sum": 187.56862758565626,
      "hdc_sum": 286.0,
      "gs_sum": 265.12499999999994,
      "xg_avg": 3.473493103438079,
      "hdc_avg": 5.296296296296297,
      "gs_avg": 4.909722222222221
    },
    "ANA": {
      "games_played": 54,
      "xg_sum": 195.65648144590736,
      "hdc_sum": 541.0,
      "gs_sum": 327.0749999999998,
      "xg_avg": 3.62326817492421,
      "hdc_avg": 10.018518518518519,
      "gs_avg": 6.056944444444441
    },
    "TOR": {
      "games_played": 15,
      "xg_sum": 37.31639427613013,
      "hdc_sum": 70.0,
      "gs_sum": 50.92500000000001,
      "xg_avg": 2.4877596184086754,
      "hdc_avg": 4.666666666666667,
      "gs_avg": 3.395000000000001
    },
    "DET": {
      "games_played": 14,
      "xg_sum": 42.45687992070684,
      "hdc_sum": 82.0,
      "gs_sum": 60.95000000000001,
      "xg_avg": 3.0326342800504884,
      "hdc_avg": 5.857142857142857,
      "gs_avg": 4.3535714285714295
    },
    "TBL": {
      "games_played": 57,
      "xg_sum": 187.99821817827328,
      "hdc_sum": 527.0,
      "gs_sum": 203.62499999999997,
      "xg_avg": 3.298214354004794,
      "hdc_avg": 9.24561403508772,
      "gs_avg": 3.572368421052631
    },
    "CBJ": {
      "games_played": 16,
      "xg_sum": 54.63523806232921,
      "hdc_sum": 150.0,
      "gs_sum": 70.92500000000003,
      "xg_avg": 3.4147023788955755,
      "hdc_avg": 9.375,
      "gs_avg": 4.432812500000002
    },
    "FLA": {
      "games_played": 17,
      "xg_sum": 53.04131810652355,
      "hdc_sum": 105.0,
      "gs_sum": 74.725,
      "xg_avg": 3.1200775356778556,
      "hdc_avg": 6.176470588235294,
      "gs_avg": 4.395588235294118
    },
    "CGY": {
      "games_played": 16,
      "xg_sum": 41.33669659863371,
      "hdc_sum": 99.0,
      "gs_sum": 67.42500000000001,
      "xg_avg": 2.5835435374146067,
      "hdc_avg": 6.1875,
      "gs_avg": 4.214062500000001
    },
    "NJD": {
      "games_played": 15,
      "xg_sum": 48.05434292526162,
      "hdc_sum": 126.0,
      "gs_sum": 68.475,
      "xg_avg": 3.2036228616841083,
      "hdc_avg": 8.4,
      "gs_avg": 4.5649999999999995
    },
    "STL": {
      "games_played": 15,
      "xg_sum": 44.01898429903766,
      "hdc_sum": 130.0,
      "gs_sum": 68.10000000000001,
      "xg_avg": 2.9345989532691776,
      "hdc_avg": 8.666666666666666,
      "gs_avg": 4.540000000000001
    },
    "CAR": {
      "games_played": 60,
      "xg_sum": 211.00314928744206,
      "hdc_sum": 267.0,
      "gs_sum": 255.95000000000016,
      "xg_avg": 3.516719154790701,
      "hdc_avg": 4.45,
      "gs_avg": 4.265833333333336
    },
    "EDM": {
      "games_played": 54,
      "xg_sum": 150.10058473009389,
      "hdc_sum": 471.0,
      "gs_sum": 251.0499999999999,
      "xg_avg": 2.7796404579647014,
      "hdc_avg": 8.722222222222221,
      "gs_avg": 4.649074074074072
    },
    "DAL": {
      "games_played": 53,
      "xg_sum": 173.89597058224263,
      "hdc_sum": 420.0,
      "gs_sum": 242.17500000000018,
      "xg_avg": 3.2810560487215588,
      "hdc_avg": 7.9245283018867925,
      "gs_avg": 4.569339622641513
    },
    "PHI": {
      "games_played": 62,
      "xg_sum": 184.90107746447111,
      "hdc_sum": 410.0,
      "gs_sum": 212.7250000000001,
      "xg_avg": 2.9822754429753404,
      "hdc_avg": 6.612903225806452,
      "gs_avg": 3.431048387096776
    },
    "MIN": {
      "games_played": 53,
      "xg_sum": 182.83727687359936,
      "hdc_sum": 313.0,
      "gs_sum": 270.77500000000015,
      "xg_avg": 3.4497599410113087,
      "hdc_avg": 5.90566037735849,
      "gs_avg": 5.1089622641509465
    },
    "NYR": {
      "games_played": 19,
      "xg_sum": 55.11042114915968,
      "hdc_sum": 114.0,
      "gs_sum": 81.49999999999999,
      "xg_avg": 2.90054848153472,
      "hdc_avg": 6.0,
      "gs_avg": 4.289473684210526
    },
    "WPG": {
      "games_played": 17,
      "xg_sum": 48.656952694130354,
      "hdc_sum": 95.0,
      "gs_sum": 70.72500000000001,
      "xg_avg": 2.862173687890021,
      "hdc_avg": 5.588235294117647,
      "gs_avg": 4.16029411764706
    },
    "CHI": {
      "games_played": 16,
      "xg_sum": 40.95959503049232,
      "hdc_sum": 96.0,
      "gs_sum": 55.85000000000001,
      "xg_avg": 2.55997468940577,
      "hdc_avg": 6.0,
      "gs_avg": 3.4906250000000005
    },
    "UTA": {
      "games_played": 47,
      "xg_sum": 120.70581766340547,
      "hdc_sum": 273.0,
      "gs_sum": 193.1999999999999,
      "xg_avg": 2.5682088864554355,
      "hdc_avg": 5.808510638297872,
      "gs_avg": 4.110638297872338
    },
    "NSH": {
      "games_played": 16,
      "xg_sum": 47.53674217654653,
      "hdc_sum": 115.0,
      "gs_sum": 62.5,
      "xg_avg": 2.9710463860341583,
      "hdc_avg": 7.1875,
      "gs_avg": 3.90625
    },
    "VAN": {
      "games_played": 15,
      "xg_sum": 40.8151848045925,
      "hdc_sum": 84.0,
      "gs_sum": 56.100000000000016,
      "xg_avg": 2.7210123203061665,
      "hdc_avg": 5.6,
      "gs_avg": 3.740000000000001
    },
    "PIT": {
      "games_played": 52,
      "xg_sum": 142.92232088551557,
      "hdc_sum": 443.0,
      "gs_sum": 210.75,
      "xg_avg": 2.7485061708752996,
      "hdc_avg": 8.51923076923077,
      "gs_avg": 4.052884615384615
    },
    "VGK": {
      "games_played": 47,
      "xg_sum": 168.49605243671976,
      "hdc_sum": 300.0,
      "gs_sum": 232.82500000000005,
      "xg_avg": 3.5850223922706332,
      "hdc_avg": 6.382978723404255,
      "gs_avg": 4.95372340425532
    },
    "COL": {
      "games_played": 41,
      "xg_sum": 130.52410484535437,
      "hdc_sum": 321.0,
      "gs_sum": 217.57499999999982,
      "xg_avg": 3.1835147523257166,
      "hdc_avg": 7.829268292682927,
      "gs_avg": 5.306707317073166
    },
    "SEA": {
      "games_played": 17,
      "xg_sum": 43.72124245097605,
      "hdc_sum": 123.0,
      "gs_sum": 67.20000000000002,
      "xg_avg": 2.5718377912338855,
      "hdc_avg": 7.235294117647059,
      "gs_avg": 3.9529411764705893
    },
    "LAK": {
      "games_played": 38,
      "xg_sum": 123.86003625347473,
      "hdc_sum": 232.0,
      "gs_sum": 145.90000000000006,
      "xg_avg": 3.259474638249335,
      "hdc_avg": 6.105263157894737,
      "gs_avg": 3.839473684210528
    },
    "NYI": {
      "games_played": 15,
      "xg_sum": 52.970843760935885,
      "hdc_sum": 156.0,
      "gs_sum": 62.90000000000001,
      "xg_avg": 3.5313895840623926,
      "hdc_avg": 10.4,
      "gs_avg": 4.193333333333334
    },
    "OTT": {
      "games_played": 50,
      "xg_sum": 175.17118687031513,
      "hdc_sum": 351.0,
      "gs_sum": 166.22500000000016,
      "xg_avg": 3.5034237374063024,
      "hdc_avg": 7.02,
      "gs_avg": 3.324500000000003
    },
    "MTL": {
      "games_played": 55,
      "xg_sum": 163.60885190436983,
      "hdc_sum": 307.0,
      "gs_sum": 186.72500000000016,
      "xg_avg": 2.9747063982612696,
      "hdc_avg": 5.581818181818182,
      "gs_avg": 3.395000000000003
    }
  }
}