{
  "season": "2025-2026",
  "generated_at": "2026-03-11T05:02:12.407847",
  "total_games": 550,
  "teams": {
    "BUF": {
      "games_played": 19,
      "xg_sum": 56.678815847657376,
      "hdc_sum": 143.0,
      "gs_sum": 92.10000000000004,
      "xg_avg": 2.9830955709293354,
      "hdc_avg": 7.526315789473684,
      "gs_avg": 4.847368421052633
    },
    "CAR": {
      "games_played": 15,
      "xg_sum": 53.276833640564746,
      "hdc_sum": 113.0,
      "gs_sum": 82.72500000000002,
      "xg_avg": 3.551788909370983,
      "hdc_avg": 7.533333333333333,
      "gs_avg": 5.5150000000000015
    },
    "WSH": {
      "games_played": 17,
      "xg_sum": 58.22659381377485,
      "hdc_sum": 129.0,
      "gs_sum": 77.90000000000002,
      "xg_avg": 3.4250937537514616,
      "hdc_avg": 7.588235294117647,
      "gs_avg": 4.582352941176472
    },
    "COL": {
      "games_played": 17,
      "xg_sum": 62.02728962677123,
      "hdc_sum": 118.0,
      "gs_sum": 88.85000000000001,
      "xg_avg": 3.6486640956924252,
      "hdc_avg": 6.9411764705882355,
      "gs_avg": 5.226470588235294
    },
    "PIT": {
      "games_played": 17,
      "xg_sum": 57.60290341556086,
      "hdc_sum": 153.0,
      "gs_sum": 87.3,
      "xg_avg": 3.388406083268286,
      "hdc_avg": 9.0,
      "gs_avg": 5.135294117647058
    },
    "SEA": {
      "games_played": 17,
      "xg_sum": 43.44381809624257,
      "hdc_sum": 132.0,
      "gs_sum": 65.775,
      "xg_avg": 2.5555187115436806,
      "hdc_avg": 7.764705882352941,
      "gs_avg": 3.869117647058824
    },
    "SJS": {
      "games_played": 15,
      "xg_sum": 45.692922160883775,
      "hdc_sum": 142.0,
      "gs_sum": 62.32500000000002,
      "xg_avg": 3.046194810725585,
      "hdc_avg": 9.466666666666667,
      "gs_avg": 4.155000000000001
    },
    "FLA": {
      "games_played": 17,
      "xg_sum": 60.305408065762585,
      "hdc_sum": 94.0,
      "gs_sum": 72.10000000000001,
      "xg_avg": 3.547376945044858,
      "hdc_avg": 5.529411764705882,
      "gs_avg": 4.241176470588236
    },
    "MIN": {
      "games_played": 16,
      "xg_sum": 51.56481608211234,
      "hdc_sum": 110.0,
      "gs_sum": 82.20000000000002,
      "xg_avg": 3.222801005132021,
      "hdc_avg": 6.875,
      "gs_avg": 5.137500000000001
    },
    "TOR": {
      "games_played": 18,
      "xg_sum": 55.96019616392242,
      "hdc_sum": 124.0,
      "gs_sum": 73.47500000000002,
      "xg_avg": 3.108899786884579,
      "hdc_avg": 6.888888888888889,
      "gs_avg": 4.081944444444446
    },
    "PHI": {
      "games_played": 17,
      "xg_sum": 49.68003474864068,
      "hdc_sum": 103.0,
      "gs_sum": 62.65,
      "xg_avg": 2.9223549852141577,
      "hdc_avg": 6.0588235294117645,
      "gs_avg": 3.6852941176470586
    },
    "VGK": {
      "games_played": 18,
      "xg_sum": 60.27152085090529,
      "hdc_sum": 119.0,
      "gs_sum": 77.12500000000003,
      "xg_avg": 3.348417825050294,
      "hdc_avg": 6.611111111111111,
      "gs_avg": 4.284722222222224
    },
    "WPG": {
      "games_played": 16,
      "xg_sum": 50.37082270529787,
      "hdc_sum": 98.0,
      "gs_sum": 61.60000000000002,
      "xg_avg": 3.148176419081117,
      "hdc_avg": 6.125,
      "gs_avg": 3.8500000000000014
    },
    "CHI": {
      "games_played": 16,
      "xg_sum": 43.059594829836676,
      "hdc_sum": 105.0,
      "gs_sum": 57.45000000000002,
      "xg_avg": 2.6912246768647923,
      "hdc_avg": 6.5625,
      "gs_avg": 3.590625000000001
    },
    "NJD": {
      "games_played": 17,
      "xg_sum": 51.06168602601666,
      "hdc_sum": 149.0,
      "gs_sum": 69.57500000000002,
      "xg_avg": 3.003628589765686,
      "hdc_avg": 8.764705882352942,
      "gs_avg": 4.09264705882353
    },
    "CGY": {
      "games_played": 16,
      "xg_sum": 49.969941608864296,
      "hdc_sum": 96.0,
      "gs_sum": 61.42499999999999,
      "xg_avg": 3.1231213505540185,
      "hdc_avg": 6.0,
      "gs_avg": 3.8390624999999994
    },
    "NYI": {
      "games_played": 17,
      "xg_sum": 53.629686161316165,
      "hdc_sum": 123.0,
      "gs_sum": 77.55000000000003,
      "xg_avg": 3.1546874212538922,
      "hdc_avg": 7.235294117647059,
      "gs_avg": 4.5617647058823545
    },
    "VAN": {
      "games_played": 16,
      "xg_sum": 42.62476547062979,
      "hdc_sum": 89.0,
      "gs_sum": 57.625000000000014,
      "xg_avg": 2.664047841914362,
      "hdc_avg": 5.5625,
      "gs_avg": 3.601562500000001
    },
    "NYR": {
      "games_played": 15,
      "xg_sum": 44.80148494811187,
      "hdc_sum": 77.0,
      "gs_sum": 63.77500000000001,
      "xg_avg": 2.986765663207458,
      "hdc_avg": 5.133333333333334,
      "gs_avg": 4.251666666666668
    },
    "ANA": {
      "games_played": 16,
      "xg_sum": 52.1438811363433,
      "hdc_sum": 134.0,
      "gs_sum": 81.25000000000001,
      "xg_avg": 3.2589925710214565,
      "hdc_avg": 8.375,
      "gs_avg": 5.078125000000001
    },
    "MTL": {
      "games_played": 14,
      "xg_sum": 47.21828056511738,
      "hdc_sum": 89.0,
      "gs_sum": 72.52500000000002,
      "xg_avg": 3.372734326079813,
      "hdc_avg": 6.357142857142857,
      "gs_avg": 5.180357142857145
    },
    "TBL": {
      "games_played": 17,
      "xg_sum": 56.043600743206675,
      "hdc_sum": 168.0,
      "gs_sum": 82.65000000000005,
      "xg_avg": 3.2966823966592163,
      "hdc_avg": 9.882352941176471,
      "gs_avg": 4.861764705882356
    },
    "OTT": {
      "games_played": 15,
      "xg_sum": 47.912936094106854,
      "hdc_sum": 137.0,
      "gs_sum": 72.55000000000001,
      "xg_avg": 3.1941957396071237,
      "hdc_avg": 9.133333333333333,
      "gs_avg": 4.836666666666668
    },
    "CBJ": {
      "games_played": 16,
      "xg_sum": 44.785170480760435,
      "hdc_sum": 109.0,
      "gs_sum": 78.32500000000002,
      "xg_avg": 2.799073155047527,
      "hdc_avg": 6.8125,
      "gs_avg": 4.895312500000001
    },
    "BOS": {
      "games_played": 15,
      "xg_sum": 47.96021633782297,
      "hdc_sum": 108.0,
      "gs_sum": 65.45,
      "xg_avg": 3.1973477558548646,
      "hdc_avg": 7.2,
      "gs_avg": 4.363333333333333
    },
    "DAL": {
      "games_played": 16,
      "xg_sum": 58.3085448317384,
      "hdc_sum": 123.0,
      "gs_sum": 81.3,
      "xg_avg": 3.64428405198365,
      "hdc_avg": 7.6875,
      "gs_avg": 5.08125
    },
    "NSH": {
      "games_played": 16,
      "xg_sum": 54.950936373251245,
      "hdc_sum": 119.0,
      "gs_sum": 75.40000000000002,
      "xg_avg": 3.434433523328203,
      "hdc_avg": 7.4375,
      "gs_avg": 4.712500000000001
    },
    "STL": {
      "games_played": 15,
      "xg_sum": 41.64780394866956,
      "hdc_sum": 119.0,
      "gs_sum": 65.67500000000003,
      "xg_avg": 2.7765202632446373,
      "hdc_avg": 7.933333333333334,
      "gs_avg": 4.378333333333335
    },
    "EDM": {
      "games_played": 15,
      "xg_sum": 52.69703463405652,
      "hdc_sum": 149.0,
      "gs_sum": 78.32500000000002,
      "xg_avg": 3.5131356422704347,
      "hdc_avg": 9.933333333333334,
      "gs_avg": 5.221666666666668
    },
    "LAK": {
      "games_played": 16,
      "xg_sum": 50.689160755078724,
      "hdc_sum": 89.0,
      "gs_sum": 68.00000000000003,
      "xg_avg": 3.1680725471924203,
      "hdc_avg": 5.5625,
      "gs_avg": 4.250000000000002
    },
    "DET": {
      "games_played": 15,
      "xg_sum": 48.66365731162027,
      "hdc_sum": 90.0,
      "gs_sum": 62.150000000000006,
      "xg_avg": 3.2442438207746847,
      "hdc_avg": 6.0,
      "gs_avg": 4.1433333333333335
    },
    "UTA": {
      "games_played": 16,
      "xg_sum": 48.58499880239005,
      "hdc_sum": 115.0,
      "gs_sum": 65.32499999999999,
      "xg_avg": 3.036562425149378,
      "hdc_avg": 7.1875,
      "gs_avg": 4.082812499999999
    },
    "SVK": {
      "games_played": 3,
      "xg_sum": 0.03779617500000001,
      "hdc_sum": 0.0,
      "gs_sum": 5.250000000000001,
      "xg_avg": 0.012598725000000003,
      "hdc_avg": 0.0,
      "gs_avg": 1.7500000000000002
    },