{
  "season": "2025-2026",
  "generated_at": "2026-02-27T03:45:31.401117",
  "total_games": 350,
  "teams": {
    "BUF": {
      "games_played": 12,
      "xg_sum": 34.00151509421959,
      "hdc_sum": 80.0,
      "gs_sum": 54.20000000000002,
      "xg_avg": 2.833459591184966,
      "hdc_avg": 6.666666666666667,
      "gs_avg": 4.516666666666668
    },
    "CAR": {
      "games_played": 9,
      "xg_sum": 30.34093604998939,
      "hdc_sum": 58.0,
      "gs_sum": 45.37500000000001,
      "xg_avg": 3.371215116665488,
      "hdc_avg": 6.444444444444445,
      "gs_avg": 5.041666666666668
    },
    "WSH": {
      "games_played": 12,
      "xg_sum": 42.080141547965496,
      "hdc_sum": 103.0,
      "gs_sum": 56.32500000000001,
      "xg_avg": 3.506678462330458,
      "hdc_avg": 8.583333333333334,
      "gs_avg": 4.6937500000000005
    },
    "COL": {
      "games_played": 10,
      "xg_sum": 36.048451059341296,
      "hdc_sum": 69.0,
      "gs_sum": 49.90000000000001,
      "xg_avg": 3.6048451059341295,
      "hdc_avg": 6.9,
      "gs_avg": 4.990000000000001
    },
    "PIT": {
      "games_played": 10,
      "xg_sum": 32.732162504312754,
      "hdc_sum": 90.0,
      "gs_sum": 55.100000000000016,
      "xg_avg": 3.2732162504312754,
      "hdc_avg": 9.0,
      "gs_avg": 5.510000000000002
    },
    "SEA": {
      "games_played": 12,
      "xg_sum": 29.943030505788002,
      "hdc_sum": 88.0,
      "gs_sum": 44.25,
      "xg_avg": 2.495252542149,
      "hdc_avg": 7.333333333333333,
      "gs_avg": 3.6875
    },
    "SJS": {
      "games_played": 8,
      "xg_sum": 22.54765828998443,
      "hdc_sum": 64.0,
      "gs_sum": 31.475000000000005,
      "xg_avg": 2.8184572862480537,
      "hdc_avg": 8.0,
      "gs_avg": 3.9343750000000006
    },
    "FLA": {
      "games_played": 11,
      "xg_sum": 37.89606407412838,
      "hdc_sum": 68.0,
      "gs_sum": 46.92500000000002,
      "xg_avg": 3.445096734011671,
      "hdc_avg": 6.181818181818182,
      "gs_avg": 4.265909090909092
    },
    "MIN": {
      "games_played": 9,
      "xg_sum": 30.346419371293553,
      "hdc_sum": 55.0,
      "gs_sum": 49.95000000000001,
      "xg_avg": 3.3718243745881726,
      "hdc_avg": 6.111111111111111,
      "gs_avg": 5.550000000000001
    },
    "TOR": {
      "games_played": 12,
      "xg_sum": 39.09142337806857,
      "hdc_sum": 86.0,
      "gs_sum": 52.60000000000001,
      "xg_avg": 3.2576186148390476,
      "hdc_avg": 7.166666666666667,
      "gs_avg": 4.383333333333334
    },
    "PHI": {
      "games_played": 11,
      "xg_sum": 32.550397759833906,
      "hdc_sum": 65.0,
      "gs_sum": 40.525000000000006,
      "xg_avg": 2.9591270690758096,
      "hdc_avg": 5.909090909090909,
      "gs_avg": 3.6840909090909095
    },
    "VGK": {
      "games_played": 11,
      "xg_sum": 36.65953605440154,
      "hdc_sum": 70.0,
      "gs_sum": 52.750000000000014,
      "xg_avg": 3.3326850958546856,
      "hdc_avg": 6.363636363636363,
      "gs_avg": 4.795454545454547
    },
    "WPG": {
      "games_played": 10,
      "xg_sum": 30.265963205329665,
      "hdc_sum": 61.0,
      "gs_sum": 35.32500000000001,
      "xg_avg": 3.0265963205329665,
      "hdc_avg": 6.1,
      "gs_avg": 3.532500000000001
    },
    "CHI": {
      "games_played": 10,
      "xg_sum": 27.305403523799473,
      "hdc_sum": 64.0,
      "gs_sum": 36.37500000000001,
      "xg_avg": 2.7305403523799474,
      "hdc_avg": 6.4,
      "gs_avg": 3.6375000000000006
    },
    "NJD": {
      "games_played": 12,
      "xg_sum": 35.190326352401655,
      "hdc_sum": 85.0,
      "gs_sum": 43.22500000000001,
      "xg_avg": 2.932527196033471,
      "hdc_avg": 7.083333333333333,
      "gs_avg": 3.602083333333334
    },
    "CGY": {
      "games_played": 8,
      "xg_sum": 25.50424081006054,
      "hdc_sum": 47.0,
      "gs_sum": 31.975,
      "xg_avg": 3.1880301012575676,
      "hdc_avg": 5.875,
      "gs_avg": 3.996875
    },
    "NYI": {
      "games_played": 11,
      "xg_sum": 32.0988639215969,
      "hdc_sum": 81.0,
      "gs_sum": 45.500000000000014,
      "xg_avg": 2.918078538326991,
      "hdc_avg": 7.363636363636363,
      "gs_avg": 4.136363636363638
    },
    "VAN": {
      "games_played": 10,
      "xg_sum": 30.14657709757778,
      "hdc_sum": 58.0,
      "gs_sum": 39.15000000000001,
      "xg_avg": 3.014657709757778,
      "hdc_avg": 5.8,
      "gs_avg": 3.9150000000000014
    },
    "NYR": {
      "games_played": 8,
      "xg_sum": 23.122760234454933,
      "hdc_sum": 36.0,
      "gs_sum": 28.200000000000006,
      "xg_avg": 2.8903450293068667,
      "hdc_avg": 4.5,
      "gs_avg": 3.525000000000001
    },
    "ANA": {
      "games_played": 9,
      "xg_sum": 26.609889002523605,
      "hdc_sum": 63.0,
      "gs_sum": 45.45,
      "xg_avg": 2.956654333613734,
      "hdc_avg": 7.0,
      "gs_avg": 5.050000000000001
    },
    "MTL": {
      "games_played": 9,
      "xg_sum": 29.53354651158183,
      "hdc_sum": 55.0,
      "gs_sum": 44.500000000000014,
      "xg_avg": 3.2815051679535365,
      "hdc_avg": 6.111111111111111,
      "gs_avg": 4.944444444444446
    },
    "TBL": {
      "games_played": 11,
      "xg_sum": 37.391753161327344,
      "hdc_sum": 107.0,
      "gs_sum": 59.75000000000002,
      "xg_avg": 3.3992502873933947,
      "hdc_avg": 9.727272727272727,
      "gs_avg": 5.431818181818183
    },
    "OTT": {
      "games_played": 10,
      "xg_sum": 31.81395285002161,
      "hdc_sum": 88.0,
      "gs_sum": 45.30000000000001,
      "xg_avg": 3.181395285002161,
      "hdc_avg": 8.8,
      "gs_avg": 4.530000000000001
    },
    "CBJ": {
      "games_played": 9,
      "xg_sum": 24.011022628179003,
      "hdc_sum": 55.0,
      "gs_sum": 42.10000000000001,
      "xg_avg": 2.667891403131,
      "hdc_avg": 6.111111111111111,
      "gs_avg": 4.677777777777779
    },
    "BOS": {
      "games_played": 9,
      "xg_sum": 28.82047479110362,
      "hdc_sum": 72.0,
      "gs_sum": 41.300000000000004,
      "xg_avg": 3.2022749767892913,
      "hdc_avg": 8.0,
      "gs_avg": 4.5888888888888895
    },
    "DAL": {
      "games_played": 10,
      "xg_sum": 35.63391562877305,
      "hdc_sum": 65.0,
      "gs_sum": 49.599999999999994,
      "xg_avg": 3.5633915628773054,
      "hdc_avg": 6.5,
      "gs_avg": 4.959999999999999
    },
    "NSH": {
      "games_played": 10,
      "xg_sum": 35.210412749673985,
      "hdc_sum": 78.0,
      "gs_sum": 48.67500000000001,
      "xg_avg": 3.5210412749673985,
      "hdc_avg": 7.8,
      "gs_avg": 4.8675000000000015
    },
    "STL": {
      "games_played": 9,
      "xg_sum": 25.2102124339493,
      "hdc_sum": 79.0,
      "gs_sum": 42.57500000000002,
      "xg_avg": 2.801134714883256,
      "hdc_avg": 8.777777777777779,
      "gs_avg": 4.730555555555558
    },
    "EDM": {
      "games_played": 9,
      "xg_sum": 33.45733790381471,
      "hdc_sum": 101.0,
      "gs_sum": 46.85000000000001,
      "xg_avg": 3.7174819893127458,
      "hdc_avg": 11.222222222222221,
      "gs_avg": 5.205555555555557
    },
    "LAK": {
      "games_played": 9,
      "xg_sum": 29.026990212349318,
      "hdc_sum": 52.0,
      "gs_sum": 37.42500000000001,
      "xg_avg": 3.22522113470548,
      "hdc_avg": 5.777777777777778,
      "gs_avg": 4.158333333333335
    },
    "DET": {
      "games_played": 9,
      "xg_sum": 30.064790887100003,
      "hdc_sum": 55.0,
      "gs_sum": 37.824999999999996,
      "xg_avg": 3.3405323207888893,
      "hdc_avg": 6.111111111111111,
      "gs_avg": 4.2027777777777775
    },
    "UTA": {
      "games_played": 9,
      "xg_sum": 26.562521085786095,
      "hdc_sum": 65.0,
      "gs_sum": 37.300000000000004,
      "xg_avg": 2.9513912317540107,
      "hdc_avg": 7.222222222222222,
      "gs_avg": 4.144444444444445
    },
    "SVK": {
      "games_played": 3,
      "xg_sum": 0.03779617500000001,
      "hdc_sum": 0.0,
      "gs_sum": 5.250000000000001,
      "xg_avg": 0.012598725000000003,
      "hdc_avg": 0.0,
      "gs_avg": 1.7500000000000002
    },
    "FIN": {
      "games_played": 3,