{
  "season": "2025-2026",
  "generated_at": "2025-12-06T04:27:22.192552",
  "total_games": 16,
  "teams": {
    "VGK": {
      "games_played": 3,
      "xg_sum": 9.4687316231685,
      "hdc_sum": 9.0,
      "gs_sum": 12.750000000000004,
      "xg_avg": 3.1562438743895,
      "hdc_avg": 3.0,
      "gs_avg": 4.250000000000001
    },
    "NJD": {
      "games_played": 3,
      "xg_sum": 7.6872061850625,
      "hdc_sum": 6.0,
      "gs_sum": 8.100000000000001,
      "xg_avg": 2.5624020616875,
      "hdc_avg": 2.0,
      "gs_avg": 2.7000000000000006
    },
    "BUF": {
      "games_played": 3,
      "xg_sum": 13.038402077775004,
      "hdc_sum": 36.0,
      "gs_sum": 10.200000000000003,
      "xg_avg": 4.346134025925001,
      "hdc_avg": 12.0,
      "gs_avg": 3.400000000000001
    },
    "WPG": {
      "games_played": 3,
      "xg_sum": 6.1027316864625,
      "hdc_sum": 15.0,
      "gs_sum": 12.975000000000005,
      "xg_avg": 2.0342438954874997,
      "hdc_avg": 5.0,
      "gs_avg": 4.325000000000002
    },
    "SJS": {
      "games_played": 2,
      "xg_sum": 3.83835091105,
      "hdc_sum": 14.0,
      "gs_sum": 4.6999999999999975,
      "xg_avg": 1.919175455525,
      "hdc_avg": 7.0,
      "gs_avg": 2.3499999999999988
    },
    "DAL": {
      "games_played": 2,
      "xg_sum": 5.529654222775002,
      "hdc_sum": 2.0,
      "gs_sum": 8.500000000000002,
      "xg_avg": 2.764827111387501,
      "hdc_avg": 1.0,
      "gs_avg": 4.250000000000001
    }
  }
}