{
  "season": "2025-2026",
  "generated_at": "2025-12-06T22:28:03.235177",
  "total_games": 204,
  "teams": {
    "VGK": {
      "games_played": 21,
      "xg_sum": 66.28112136217952,
      "hdc_sum": 63.0,
      "gs_sum": 89.25000000000001,
      "xg_avg": 3.1562438743895007,
      "hdc_avg": 3.0,
      "gs_avg": 4.250000000000001
    },
    "NJD": {
      "games_played": 21,
      "xg_sum": 53.8104432954375,
      "hdc_sum": 42.0,
      "gs_sum": 56.700000000000024,
      "xg_avg": 2.5624020616875,
      "hdc_avg": 2.0,
      "gs_avg": 2.700000000000001
    },
    "BUF": {
      "games_played": 21,
      "xg_sum": 91.26881454442501,
      "hdc_sum": 252.0,
      "gs_sum": 71.40000000000002,
      "xg_avg": 4.346134025925001,
      "hdc_avg": 12.0,
      "gs_avg": 3.400000000000001
    },
    "WPG": {
      "games_played": 21,
      "xg_sum": 42.71912180523749,
      "hdc_sum": 105.0,
      "gs_sum": 90.82500000000005,
      "xg_avg": 2.0342438954874997,
      "hdc_avg": 5.0,
      "gs_avg": 4.325000000000002
    },
    "SJS": {
      "games_played": 20,
      "xg_sum": 38.3835091105,
      "hdc_sum": 140.0,
      "gs_sum": 46.999999999999986,
      "xg_avg": 1.919175455525,
      "hdc_avg": 7.0,
      "gs_avg": 2.349999999999999
    },
    "DAL": {
      "games_played": 20,
      "xg_sum": 55.296542227750045,
      "hdc_sum": 20.0,
      "gs_sum": 85.00000000000001,
      "xg_avg": 2.7648271113875023,
      "hdc_avg": 1.0,
      "gs_avg": 4.250000000000001
    },
    "UTA": {
      "games_played": 18,
      "xg_sum": 48.910214977199985,
      "hdc_sum": 90.0,
      "gs_sum": 72.89999999999998,
      "xg_avg": 2.717234165399999,
      "hdc_avg": 5.0,
      "gs_avg": 4.049999999999999
    },
    "VAN": {
      "games_played": 18,
      "xg_sum": 84.61802692899398,
      "hdc_sum": 144.0,
      "gs_sum": 69.82499999999999,
      "xg_avg": 4.7010014960552216,
      "hdc_avg": 8.0,
      "gs_avg": 3.879166666666666
    },
    "WSH": {
      "games_played": 14,
      "xg_sum": 54.01974677746995,
      "hdc_sum": 84.0,
      "gs_sum": 66.49999999999999,
      "xg_avg": 3.858553341247853,
      "hdc_avg": 6.0,
      "gs_avg": 4.749999999999999
    },
    "ANA": {
      "games_played": 14,
      "xg_sum": 61.46811312671002,
      "hdc_sum": 140.0,
      "gs_sum": 98.69999999999997,
      "xg_avg": 4.390579509050716,
      "hdc_avg": 10.0,
      "gs_avg": 7.049999999999998
    },
    "COL": {
      "games_played": 8,
      "xg_sum": 30.02393975725702,
      "hdc_sum": 128.0,
      "gs_sum": 47.32500000000002,
      "xg_avg": 3.7529924696571273,
      "hdc_avg": 16.0,
      "gs_avg": 5.915625000000002
    },
    "NYR": {
      "games_played": 8,
      "xg_sum": 18.97484232420881,
      "hdc_sum": 8.0,
      "gs_sum": 30.800000000000004,
      "xg_avg": 2.3718552905261014,
      "hdc_avg": 1.0,
      "gs_avg": 3.8500000000000005
    }
  }
}