{
  "season": "2025-2026",
  "generated_at": "2026-03-14T19:38:19.446733",
  "total_games": 34,
  "teams": {
    "SJS": {
      "games_played": 1,
      "xg_sum": 2.897096063825,
      "hdc_sum": 6.0,
      "gs_sum": 4.6,
      "xg_avg": 2.897096063825,
      "hdc_avg": 6.0,
      "gs_avg": 4.6
    },
    "BOS": {
      "games_played": 1,
      "xg_sum": 3.918283533950002,
      "hdc_sum": 15.0,
      "gs_sum": 5.0249999999999995,
      "xg_avg": 3.918283533950002,
      "hdc_avg": 15.0,
      "gs_avg": 5.0249999999999995
    },
    "WSH": {
      "games_played": 1,
      "xg_sum": 2.4638515368816503,
      "hdc_sum": 2.0,
      "gs_sum": 3.3000000000000007,
      "xg_avg": 2.4638515368816503,
      "hdc_avg": 2.0,
      "gs_avg": 3.3000000000000007
    },
    "BUF": {
      "games_played": 1,
      "xg_sum": 3.1128431121500015,
      "hdc_sum": 10.0,
      "gs_sum": 3.4750000000000005,
      "xg_avg": 3.1128431121500015,
      "hdc_avg": 10.0,
      "gs_avg": 3.4750000000000005
    },
    "ANA": {
      "games_played": 2,
      "xg_sum": 7.9269691190638145,
      "hdc_sum": 25.0,
      "gs_sum": 6.525000000000002,
      "xg_avg": 3.9634845595319073,
      "hdc_avg": 12.5,
      "gs_avg": 3.262500000000001
    },
    "TOR": {
      "games_played": 1,
      "xg_sum": 2.7776567644625008,
      "hdc_sum": 7.0,
      "gs_sum": 4.799999999999999,
      "xg_avg": 2.7776567644625008,
      "hdc_avg": 7.0,
      "gs_avg": 4.799999999999999
    },
    "DET": {
      "games_played": 1,
      "xg_sum": 3.017362812975001,
      "hdc_sum": 10.0,
      "gs_sum": 3.0999999999999996,
      "xg_avg": 3.017362812975001,
      "hdc_avg": 10.0,
      "gs_avg": 3.0999999999999996
    },
    "TBL": {
      "games_played": 1,
      "xg_sum": 3.820416275238752,
      "hdc_sum": 11.0,
      "gs_sum": 5.800000000000001,
      "xg_avg": 3.820416275238752,
      "hdc_avg": 11.0,
      "gs_avg": 5.800000000000001
    },
    "CBJ": {
      "games_played": 1,
      "xg_sum": 4.342558778712499,
      "hdc_sum": 10.0,
      "gs_sum": 3.600000000000001,
      "xg_avg": 4.342558778712499,
      "hdc_avg": 10.0,
      "gs_avg": 3.600000000000001
    },
    "FLA": {
      "games_played": 1,
      "xg_sum": 2.784451858875,
      "hdc_sum": 5.0,
      "gs_sum": 3.2250000000000005,
      "xg_avg": 2.784451858875,
      "hdc_avg": 5.0,
      "gs_avg": 3.2250000000000005
    },
    "CGY": {
      "games_played": 1,
      "xg_sum": 2.3008171620124998,
      "hdc_sum": 8.0,
      "gs_sum": 5.700000000000003,
      "xg_avg": 2.3008171620124998,
      "hdc_avg": 8.0,
      "gs_avg": 5.700000000000003
    },
    "NJD": {
      "games_played": 1,
      "xg_sum": 4.114559823250001,
      "hdc_sum": 12.0,
      "gs_sum": 6.25,
      "xg_avg": 4.114559823250001,
      "hdc_avg": 12.0,
      "gs_avg": 6.25
    },
    "STL": {
      "games_played": 2,
      "xg_sum": 4.194340763812501,
      "hdc_sum": 14.0,
      "gs_sum": 7.800000000000001,
      "xg_avg": 2.0971703819062504,
      "hdc_avg": 7.0,
      "gs_avg": 3.9000000000000004
    },
    "CAR": {
      "games_played": 1,
      "xg_sum": 4.068053066992499,
      "hdc_sum": 4.0,
      "gs_sum": 3.475000000000002,
      "xg_avg": 4.068053066992499,
      "hdc_avg": 4.0,
      "gs_avg": 3.475000000000002
    },
    "EDM": {
      "games_played": 2,
      "xg_sum": 6.366273842975,
      "hdc_sum": 20.0,
      "gs_sum": 6.950000000000006,
      "xg_avg": 3.1831369214875,
      "hdc_avg": 10.0,
      "gs_avg": 3.475000000000003
    },
    "DAL": {
      "games_played": 1,
      "xg_sum": 2.581541017875,
      "hdc_sum": 8.0,
      "gs_sum": 5.499999999999997,
      "xg_avg": 2.581541017875,
      "hdc_avg": 8.0,
      "gs_avg": 5.499999999999997
    },
    "PHI": {
      "games_played": 1,
      "xg_sum": 2.2720914257249993,
      "hdc_sum": 7.0,
      "gs_sum": 4.350000000000001,
      "xg_avg": 2.2720914257249993,
      "hdc_avg": 7.0,
      "gs_avg": 4.350000000000001
    },
    "MIN": {
      "games_played": 1,
      "xg_sum": 3.0456221901000005,
      "hdc_sum": 4.0,
      "gs_sum": 3.2000000000000024,
      "xg_avg": 3.0456221901000005,
      "hdc_avg": 4.0,
      "gs_avg": 3.2000000000000024
    },
    "NYR": {
      "games_played": 1,
      "xg_sum": 1.791448027875,
      "hdc_sum": 4.0,
      "gs_sum": 5.925,
      "xg_avg": 1.791448027875,
      "hdc_avg": 4.0,
      "gs_avg": 5.925
    },
    "WPG": {
      "games_played": 1,
      "xg_sum": 2.9191591743750007,
      "hdc_sum": 4.0,
      "gs_sum": 4.624999999999999,
      "xg_avg": 2.9191591743750007,
      "hdc_avg": 4.0,
      "gs_avg": 4.624999999999999
    },
    "CHI": {
      "games_played": 1,
      "xg_sum": 2.0865169886499997,
      "hdc_sum": 4.0,
      "gs_sum": 4.000000000000002,
      "xg_avg": 2.0865169886499997,
      "hdc_avg": 4.0,
      "gs_avg": 4.000000000000002
    },
    "UTA": {
      "games_played": 1,
      "xg_sum": 4.4866851956875005,
      "hdc_sum": 12.0,
      "gs_sum": 4.275000000000001,
      "xg_avg": 4.4866851956875005,
      "hdc_avg": 12.0,
      "gs_avg": 4.275000000000001
    },
    "NSH": {
      "games_played": 1,
      "xg_sum": 3.0898688249100004,
      "hdc_sum": 7.0,
      "gs_sum": 3.825000000000001,
      "xg_avg": 3.0898688249100004,
      "hdc_avg": 7.0,
      "gs_avg": 3.825000000000001
    },
    "VAN": {
      "games_played": 1,
      "xg_sum": 3.839078328417501,
      "hdc_sum": 4.0,
      "gs_sum": 5.35,
      "xg_avg": 3.839078328417501,
      "hdc_avg": 4.0,
      "gs_avg": 5.35
    },
    "PIT": {
      "games_played": 1,
      "xg_sum": 2.604155146650001,
      "hdc_sum": 5.0,
      "gs_sum": 3.600000000000001,
      "xg_avg": 2.604155146650001,
      "hdc_avg": 5.0,
      "gs_avg": 3.600000000000001
    },
    "VGK": {
      "games_played": 1,
      "xg_sum": 2.2468880647625,
      "hdc_sum": 4.0,
      "gs_sum": 5.124999999999998,
      "xg_avg": 2.2468880647625,
      "hdc_avg": 4.0,
      "gs_avg": 5.124999999999998
    },
    "COL": {
      "games_played": 1,
      "xg_sum": 3.2933913740625003,
      "hdc_sum": 4.0,
      "gs_sum": 5.675000000000001,
      "xg_avg": 3.2933913740625003,
      "hdc_avg": 4.0,
      "gs_avg": 5.675000000000001
    },
    "SEA": {
      "games_played": 1,
      "xg_sum": 2.5801818003987265,
      "hdc_sum": 4.0,
      "gs_sum": 3.5,
      "xg_avg": 2.5801818003987265,
      "hdc_avg": 4.0,
      "gs_avg": 3.5
    },
    "LAK": {
      "games_played": 1,
      "xg_sum": 3.6698496397999993,
      "hdc_sum": 7.0,
      "gs_sum": 4.2,
      "xg_avg": 3.6698496397999993,
      "hdc_avg": 7.0,
      "gs_avg": 4.2
    },
    "NYI": {
      "games_played": 1,
      "xg_sum": 2.788556528043701,
      "hdc_sum": 8.0,
      "gs_sum": 3.7250000000000005,
      "xg_avg": 2.788556528043701,
      "hdc_avg": 8.0,
      "gs_avg": 3.7250000000000005
    },
    "OTT": {
      "games_played": 1,
      "xg_sum": 4.481661542940251,
      "hdc_sum": 10.0,
      "gs_sum": 3.625000000000001,
      "xg_avg": 4.481661542940251,
      "hdc_avg": 10.0,
      "gs_avg": 3.625000000000001
    }
  }
}