{
  "season": "2025-2026",
  "generated_at": "2025-12-31T05:39:03.684448",
  "total_games": 526,
  "teams": {
    "VGK": {
      "games_played": 28,
      "xg_sum": 92.46682714567376,
      "hdc_sum": 115.0,
      "gs_sum": 125.22500000000002,
      "xg_avg": 3.302386683774063,
      "hdc_avg": 4.107142857142857,
      "gs_avg": 4.472321428571429
    },
    "NJD": {
      "games_played": 30,
      "xg_sum": 89.11921648861774,
      "hdc_sum": 126.0,
      "gs_sum": 96.70000000000005,
      "xg_avg": 2.970640549620591,
      "hdc_avg": 4.2,
      "gs_avg": 3.223333333333335
    },
    "BUF": {
      "games_played": 27,
      "xg_sum": 100.17895451618578,
      "hdc_sum": 273.0,
      "gs_sum": 104.10000000000001,
      "xg_avg": 3.7103316487476214,
      "hdc_avg": 10.11111111111111,
      "gs_avg": 3.855555555555556
    },
    "WPG": {
      "games_played": 27,
      "xg_sum": 67.37855540065493,
      "hdc_sum": 128.0,
      "gs_sum": 113.55000000000005,
      "xg_avg": 2.4955020518761084,
      "hdc_avg": 4.7407407407407405,
      "gs_avg": 4.2055555555555575
    },
    "SJS": {
      "games_played": 26,
      "xg_sum": 63.98174531546725,
      "hdc_sum": 211.0,
      "gs_sum": 86.67499999999997,
      "xg_avg": 2.460836358287202,
      "hdc_avg": 8.115384615384615,
      "gs_avg": 3.3336538461538447
    },
    "DAL": {
      "games_played": 26,
      "xg_sum": 74.61271413495085,
      "hdc_sum": 75.0,
      "gs_sum": 113.97500000000002,
      "xg_avg": 2.8697197744211866,
      "hdc_avg": 2.8846153846153846,
      "gs_avg": 4.383653846153847
    },
    "UTA": {
      "games_played": 25,
      "xg_sum": 77.64814864178835,
      "hdc_sum": 158.0,
      "gs_sum": 105.52499999999998,
      "xg_avg": 3.105925945671534,
      "hdc_avg": 6.32,
      "gs_avg": 4.220999999999999
    },
    "VAN": {
      "games_played": 25,
      "xg_sum": 97.01921258033552,
      "hdc_sum": 165.0,
      "gs_sum": 99.5,
      "xg_avg": 3.880768503213421,
      "hdc_avg": 6.6,
      "gs_avg": 3.98
    },
    "WSH": {
      "games_played": 20,
      "xg_sum": 72.08197390430874,
      "hdc_sum": 140.0,
      "gs_sum": 87.22500000000001,
      "xg_avg": 3.604098695215437,
      "hdc_avg": 7.0,
      "gs_avg": 4.36125
    },
    "ANA": {
      "games_played": 23,
      "xg_sum": 90.74122304353241,
      "hdc_sum": 222.0,
      "gs_sum": 130.9,
      "xg_avg": 3.945270567110105,
      "hdc_avg": 9.652173913043478,
      "gs_avg": 5.691304347826088
    },
    "COL": {
      "games_played": 14,
      "xg_sum": 53.999914606446104,
      "hdc_sum": 147.0,
      "gs_sum": 84.275,
      "xg_avg": 3.857136757603293,
      "hdc_avg": 10.5,
      "gs_avg": 6.019642857142857
    },
    "NYR": {
      "games_played": 15,
      "xg_sum": 42.99706781490559,
      "hdc_sum": 77.0,
      "gs_sum": 55.9,
      "xg_avg": 2.866471187660373,
      "hdc_avg": 5.133333333333334,
      "gs_avg": 3.7266666666666666
    },
    "CBJ": {
      "games_played": 11,
      "xg_sum": 34.277998676794425,
      "hdc_sum": 82.0,
      "gs_sum": 49.62500000000001,
      "xg_avg": 3.1161816978904024,
      "hdc_avg": 7.454545454545454,
      "gs_avg": 4.511363636363637
    },
    "FLA": {
      "games_played": 13,
      "xg_sum": 43.47073852327085,
      "hdc_sum": 88.0,
      "gs_sum": 63.500000000000014,
      "xg_avg": 3.343902963328527,
      "hdc_avg": 6.769230769230769,
      "gs_avg": 4.884615384615386
    },
    "BOS": {
      "games_played": 11,
      "xg_sum": 32.440455113419496,
      "hdc_sum": 75.0,
      "gs_sum": 44.95000000000001,
      "xg_avg": 2.949132283038136,
      "hdc_avg": 6.818181818181818,
      "gs_avg": 4.086363636363637
    },
    "MTL": {
      "games_played": 13,
      "xg_sum": 45.28515754444557,
      "hdc_sum": 75.0,
      "gs_sum": 59.625,
      "xg_avg": 3.4834736572650438,
      "hdc_avg": 5.769230769230769,
      "gs_avg": 4.586538461538462
    },
    "TOR": {
      "games_played": 13,
      "xg_sum": 35.82630283345765,
      "hdc_sum": 82.0,
      "gs_sum": 55.57500000000002,
      "xg_avg": 2.7558694487275117,
      "hdc_avg": 6.3076923076923075,
      "gs_avg": 4.275000000000001
    },
    "STL": {
      "games_played": 12,
      "xg_sum": 30.237531818624845,
      "hdc_sum": 86.0,
      "gs_sum": 40.72500000000001,
      "xg_avg": 2.5197943182187372,
      "hdc_avg": 7.166666666666667,
      "gs_avg": 3.3937500000000007
    },
    "OTT": {
      "games_played": 11,
      "xg_sum": 40.24793194953482,
      "hdc_sum": 113.0,
      "gs_sum": 55.07500000000001,
      "xg_avg": 3.658902904503165,
      "hdc_avg": 10.272727272727273,
      "gs_avg": 5.006818181818183
    },
    "NYI": {
      "games_played": 13,
      "xg_sum": 37.659702100800075,
      "hdc_sum": 109.0,
      "gs_sum": 52.90000000000001,
      "xg_avg": 2.896900161600006,
      "hdc_avg": 8.384615384615385,
      "gs_avg": 4.06923076923077
    },
    "TBL": {
      "games_played": 11,
      "xg_sum": 37.456990806446505,
      "hdc_sum": 100.0,
      "gs_sum": 50.025000000000006,
      "xg_avg": 3.405180982404228,
      "hdc_avg": 9.090909090909092,
      "gs_avg": 4.547727272727273
    },
    "NSH": {
      "games_played": 11,
      "xg_sum": 34.347202973834136,
      "hdc_sum": 83.0,
      "gs_sum": 51.300000000000004,
      "xg_avg": 3.1224729976212853,
      "hdc_avg": 7.545454545454546,
      "gs_avg": 4.663636363636364
    },
    "CAR": {
      "games_played": 13,
      "xg_sum": 49.35377387119601,
      "hdc_sum": 93.0,
      "gs_sum": 66.37500000000001,
      "xg_avg": 3.796444143938155,
      "hdc_avg": 7.153846153846154,
      "gs_avg": 5.105769230769232
    },
    "CGY": {
      "games_played": 10,
      "xg_sum": 33.12125984060701,
      "hdc_sum": 62.0,
      "gs_sum": 47.275000000000006,
      "xg_avg": 3.312125984060701,
      "hdc_avg": 6.2,
      "gs_avg": 4.727500000000001
    },
    "CHI": {
      "games_played": 13,
      "xg_sum": 30.86267063598688,
      "hdc_sum": 65.0,
      "gs_sum": 42.575,
      "xg_avg": 2.3740515873836063,
      "hdc_avg": 5.0,
      "gs_avg": 3.2750000000000004
    },
    "LAK": {
      "games_played": 11,
      "xg_sum": 34.20985609906564,
      "hdc_sum": 55.0,
      "gs_sum": 43.3,
      "xg_avg": 3.1099869180968764,
      "hdc_avg": 5.0,
      "gs_avg": 3.936363636363636
    },
    "EDM": {
      "games_played": 12,
      "xg_sum": 41.37201457828446,
      "hdc_sum": 122.0,
      "gs_sum": 57.35,
      "xg_avg": 3.4476678815237047,
      "hdc_avg": 10.166666666666666,
      "gs_avg": 4.779166666666667
    },
    "DET": {
      "games_played": 12,
      "xg_sum": 35.93831706269682,
      "hdc_sum": 84.0,
      "gs_sum": 53.025000000000006,
      "xg_avg": 2.9948597552247347,
      "hdc_avg": 7.0,
      "gs_avg": 4.41875
    },
    "SEA": {
      "games_played": 14,
      "xg_sum": 42.31661986481699,
      "hdc_sum": 99.0,
      "gs_sum": 57.57500000000001,
      "xg_avg": 3.0226157046297852,
      "hdc_avg": 7.071428571428571,
      "gs_avg": 4.112500000000001
    },
    "MIN": {
      "games_played": 12,
      "xg_sum": 38.28443383410911,
      "hdc_sum": 92.0,
      "gs_sum": 60.05000000000001,
      "xg_avg": 3.190369486175759,
      "hdc_avg": 7.666666666666667,
      "gs_avg": 5.004166666666667
    },
    "PHI": {
      "games_played": 12,
      "xg_sum": 37.934244595403655,
      "hdc_sum": 74.0,
      "gs_sum": 53.550000000000004,
      "xg_avg": 3.1611870496169714,
      "hdc_avg": 6.166666666666667,
      "gs_avg": 4.4625
    },
    "PIT": {
      "games_played": 12,
      "xg_sum": 42.98156556803078,
      "hdc_sum": 139.0,
      "gs_sum": 60.35,
      "xg_avg": 3.5817971306692318,
      "hdc_avg": 11.583333333333334,
      "gs_avg": 5.029166666666667
    }
  }
}