{
  "season": "2025-2026",
  "generated_at": "2026-06-05T16:09:16.498479",
  "total_games": 1496,
  "teams": {
    "SJS": {
      "games_played": 17,
      "xg_sum": 47.74499897480443,
      "hdc_sum": 119.0,
      "gs_sum": 68.95000000000002,
      "xg_avg": 2.808529351459084,
      "hdc_avg": 7.0,
      "gs_avg": 4.055882352941177
    },
    "BOS": {
      "games_played": 58,
      "xg_sum": 167.19089533386312,
      "hdc_sum": 495.0,
      "gs_sum": 184.7749999999999,
      "xg_avg": 2.882601643687295,
      "hdc_avg": 8.53448275862069,
      "gs_avg": 3.185775862068964
    },
    "WSH": {
      "games_played": 15,
      "xg_sum": 43.70830892071101,
      "hdc_sum": 74.0,
      "gs_sum": 59.7,
      "xg_avg": 2.9138872613807343,
      "hdc_avg": 4.933333333333334,
      "gs_avg": 3.98
    },
    "BUF": {
      "games_played": 98,
      "xg_sum": 349.92553773295197,
      "hdc_sum": 690.0,
      "gs_sum": 466.99999999999983,
      "xg_avg": 3.570668752377061,
      "hdc_avg": 7.040816326530612,
      "gs_avg": 4.765306122448978
    },
    "ANA": {
      "games_played": 87,
      "xg_sum": 303.21617946118,
      "hdc_sum": 802.0,
      "gs_sum": 478.4999999999998,
      "xg_avg": 3.4852434420825285,
      "hdc_avg": 9.218390804597702,
      "gs_avg": 5.499999999999997
    },
    "TOR": {
      "games_played": 15,
      "xg_sum": 37.31639427613013,
      "hdc_sum": 70.0,
      "gs_sum": 50.92500000000001,
      "xg_avg": 2.4877596184086754,
      "hdc_avg": 4.666666666666667,
      "gs_avg": 3.395000000000001
    },
    "DET": {
      "games_played": 14,
      "xg_sum": 42.45687992070684,
      "hdc_sum": 82.0,
      "gs_sum": 60.95000000000001,
      "xg_avg": 3.0326342800504884,
      "hdc_avg": 5.857142857142857,
      "gs_avg": 4.3535714285714295
    },
    "TBL": {
      "games_played": 65,
      "xg_sum": 213.53594509235717,
      "hdc_sum": 614.0,
      "gs_sum": 230.97499999999997,
      "xg_avg": 3.285168386036264,
      "hdc_avg": 9.446153846153846,
      "gs_avg": 3.553461538461538
    },
    "CBJ": {
      "games_played": 16,
      "xg_sum": 54.63523806232921,
      "hdc_sum": 150.0,
      "gs_sum": 70.92500000000003,
      "xg_avg": 3.4147023788955755,
      "hdc_avg": 9.375,
      "gs_avg": 4.432812500000002
    },
    "FLA": {
      "games_played": 17,
      "xg_sum": 53.04131810652355,
      "hdc_sum": 105.0,
      "gs_sum": 74.725,
      "xg_avg": 3.1200775356778556,
      "hdc_avg": 6.176470588235294,
      "gs_avg": 4.395588235294118
    },
    "CGY": {
      "games_played": 16,
      "xg_sum": 41.33669659863371,
      "hdc_sum": 99.0,
      "gs_sum": 67.42500000000001,
      "xg_avg": 2.5835435374146067,
      "hdc_avg": 6.1875,
      "gs_avg": 4.214062500000001
    },
    "NJD": {
      "games_played": 15,
      "xg_sum": 48.05434292526162,
      "hdc_sum": 126.0,
      "gs_sum": 68.475,
      "xg_avg": 3.2036228616841083,
      "hdc_avg": 8.4,
      "gs_avg": 4.5649999999999995
    },
    "STL": {
      "games_played": 15,
      "xg_sum": 44.01898429903766,
      "hdc_sum": 130.0,
      "gs_sum": 68.10000000000001,
      "xg_avg": 2.9345989532691776,
      "hdc_avg": 8.666666666666666,
      "gs_avg": 4.540000000000001
    },
    "CAR": {
      "games_played": 118,
      "xg_sum": 437.5480877157688,
      "hdc_sum": 732.0,
      "gs_sum": 560.8000000000002,
      "xg_avg": 3.708034641659058,
      "hdc_avg": 6.203389830508475,
      "gs_avg": 4.752542372881358
    },
    "EDM": {
      "games_played": 58,
      "xg_sum": 159.8896319323702,
      "hdc_sum": 493.0,
      "gs_sum": 267.3999999999999,
      "xg_avg": 2.7567177919374175,
      "hdc_avg": 8.5,
      "gs_avg": 4.610344827586205
    },
    "DAL": {
      "games_played": 56,
      "xg_sum": 182.75234171229263,
      "hdc_sum": 435.0,
      "gs_sum": 254.3750000000002,
      "xg_avg": 3.263434673433797,
      "hdc_avg": 7.767857142857143,
      "gs_avg": 4.542410714285718
    },
    "PHI": {
      "games_played": 87,
      "xg_sum": 254.3975965123054,
      "hdc_sum": 503.0,
      "gs_sum": 273.07499999999993,
      "xg_avg": 2.9241103047391426,
      "hdc_avg": 5.781609195402299,
      "gs_avg": 3.138793103448275
    },
    "MIN": {
      "games_played": 86,
      "xg_sum": 280.1731526013709,
      "hdc_sum": 525.0,
      "gs_sum": 424.1500000000007,
      "xg_avg": 3.257827355829894,
      "hdc_avg": 6.104651162790698,
      "gs_avg": 4.931976744186055
    },
    "NYR": {
      "games_played": 19,
      "xg_sum": 55.11042114915968,
      "hdc_sum": 114.0,
      "gs_sum": 81.49999999999999,
      "xg_avg": 2.90054848153472,
      "hdc_avg": 6.0,
      "gs_avg": 4.289473684210526
    },
    "WPG": {
      "games_played": 17,
      "xg_sum": 48.656952694130354,
      "hdc_sum": 95.0,
      "gs_sum": 70.72500000000001,
      "xg_avg": 2.862173687890021,
      "hdc_avg": 5.588235294117647,
      "gs_avg": 4.16029411764706
    },
    "CHI": {
      "games_played": 16,
      "xg_sum": 40.95959503049232,
      "hdc_sum": 96.0,
      "gs_sum": 55.85000000000001,
      "xg_avg": 2.55997468940577,
      "hdc_avg": 6.0,
      "gs_avg": 3.4906250000000005
    },
    "UTA": {
      "games_played": 51,
      "xg_sum": 131.30588921451152,
      "hdc_sum": 294.0,
      "gs_sum": 210.82499999999987,
      "xg_avg": 2.5746252787159123,
      "hdc_avg": 5.764705882352941,
      "gs_avg": 4.133823529411762
    },
    "NSH": {
      "games_played": 16,
      "xg_sum": 47.53674217654653,
      "hdc_sum": 115.0,
      "gs_sum": 62.5,
      "xg_avg": 2.9710463860341583,
      "hdc_avg": 7.1875,
      "gs_avg": 3.90625
    },
    "VAN": {
      "games_played": 15,
      "xg_sum": 40.8151848045925,
      "hdc_sum": 84.0,
      "gs_sum": 56.100000000000016,
      "xg_avg": 2.7210123203061665,
      "hdc_avg": 5.6,
      "gs_avg": 3.740000000000001
    },
    "PIT": {
      "games_played": 55,
      "xg_sum": 151.59634773095897,
      "hdc_sum": 469.0,
      "gs_sum": 222.79999999999998,
      "xg_avg": 2.756297231471981,
      "hdc_avg": 8.527272727272727,
      "gs_avg": 4.050909090909091
    },
    "VGK": {
      "games_played": 108,
      "xg_sum": 354.3860502591514,
      "hdc_sum": 719.0,
      "gs_sum": 508.79999999999956,
      "xg_avg": 3.2813523172143646,
      "hdc_avg": 6.657407407407407,
      "gs_avg": 4.711111111111107
    },
    "COL": {
      "games_played": 93,
      "xg_sum": 310.99947917043,
      "hdc_sum": 728.0,
      "gs_sum": 474.37500000000034,
      "xg_avg": 3.344080421187419,
      "hdc_avg": 7.827956989247312,
      "gs_avg": 5.100806451612907
    },
    "SEA": {
      "games_played": 17,
      "xg_sum": 43.72124245097605,
      "hdc_sum": 123.0,
      "gs_sum": 67.20000000000002,
      "xg_avg": 2.5718377912338855,
      "hdc_avg": 7.235294117647059,
      "gs_avg": 3.9529411764705893
    },
    "LAK": {
      "games_played": 40,
      "xg_sum": 130.11802252492438,
      "hdc_sum": 243.0,
      "gs_sum": 152.35000000000005,
      "xg_avg": 3.2529505631231097,
      "hdc_avg": 6.075,
      "gs_avg": 3.808750000000001
    },
    "NYI": {
      "games_played": 15,
      "xg_sum": 52.970843760935885,
      "hdc_sum": 156.0,
      "gs_sum": 62.90000000000001,
      "xg_avg": 3.5313895840623926,
      "hdc_avg": 10.4,
      "gs_avg": 4.193333333333334
    },
    "OTT": {
      "games_played": 52,
      "xg_sum": 181.86676505767872,
      "hdc_sum": 362.0,
      "gs_sum": 171.82500000000016,
      "xg_avg": 3.4974377895707445,
      "hdc_avg": 6.961538461538462,
      "gs_avg": 3.304326923076926
    },
    "MTL": {
      "games_played": 129,
      "xg_sum": 394.5881345199342,
      "hdc_sum": 737.0,
      "gs_sum": 455.8499999999999,
      "xg_avg": 3.0588227482165444,
      "hdc_avg": 5.713178294573644,
      "gs_avg": 3.5337209302325574
    }
  }
}