{
  "season": "2025-2026",
  "generated_at": "2026-03-29T01:06:20.652895",
  "total_games": 266,
  "teams": {
    "SJS": {
      "games_played": 9,
      "xg_sum": 26.419057091240553,
      "hdc_sum": 60.0,
      "gs_sum": 35.35000000000001,
      "xg_avg": 2.935450787915617,
      "hdc_avg": 6.666666666666667,
      "gs_avg": 3.927777777777779
    },
    "BOS": {
      "games_played": 9,
      "xg_sum": 27.0008541827935,
      "hdc_sum": 92.0,
      "gs_sum": 42.025,
      "xg_avg": 3.000094909199278,
      "hdc_avg": 10.222222222222221,
      "gs_avg": 4.669444444444444
    },
    "WSH": {
      "games_played": 7,
      "xg_sum": 21.631705207216598,
      "hdc_sum": 28.0,
      "gs_sum": 25.925000000000004,
      "xg_avg": 3.0902436010309424,
      "hdc_avg": 4.0,
      "gs_avg": 3.703571428571429
    },
    "BUF": {
      "games_played": 9,
      "xg_sum": 29.222002235192253,
      "hdc_sum": 71.0,
      "gs_sum": 42.175,
      "xg_avg": 3.2468891372435835,
      "hdc_avg": 7.888888888888889,
      "gs_avg": 4.686111111111111
    },
    "ANA": {
      "games_played": 9,
      "xg_sum": 31.558992560759016,
      "hdc_sum": 94.0,
      "gs_sum": 42.150000000000006,
      "xg_avg": 3.506554728973224,
      "hdc_avg": 10.444444444444445,
      "gs_avg": 4.683333333333334
    },
    "TOR": {
      "games_played": 8,
      "xg_sum": 19.807363754434228,
      "hdc_sum": 42.0,
      "gs_sum": 28.57500000000001,
      "xg_avg": 2.4759204693042784,
      "hdc_avg": 5.25,
      "gs_avg": 3.5718750000000012
    },
    "DET": {
      "games_played": 7,
      "xg_sum": 22.093890905265877,
      "hdc_sum": 37.0,
      "gs_sum": 28.475000000000005,
      "xg_avg": 3.1562701293236968,
      "hdc_avg": 5.285714285714286,
      "gs_avg": 4.067857142857144
    },
    "TBL": {
      "games_played": 9,
      "xg_sum": 30.35002899938713,
      "hdc_sum": 69.0,
      "gs_sum": 48.925000000000004,
      "xg_avg": 3.372225444376348,
      "hdc_avg": 7.666666666666667,
      "gs_avg": 5.436111111111112
    },
    "CBJ": {
      "games_played": 9,
      "xg_sum": 28.806611699776305,
      "hdc_sum": 83.0,
      "gs_sum": 38.17500000000001,
      "xg_avg": 3.2007346333084783,
      "hdc_avg": 9.222222222222221,
      "gs_avg": 4.241666666666668
    },
    "FLA": {
      "games_played": 8,
      "xg_sum": 25.162766693698003,
      "hdc_sum": 33.0,
      "gs_sum": 29.700000000000006,
      "xg_avg": 3.1453458367122504,
      "hdc_avg": 4.125,
      "gs_avg": 3.712500000000001
    },
    "CGY": {
      "games_played": 8,
      "xg_sum": 20.602104175883436,
      "hdc_sum": 52.0,
      "gs_sum": 36.35000000000001,
      "xg_avg": 2.5752630219854296,
      "hdc_avg": 6.5,
      "gs_avg": 4.543750000000001
    },
    "NJD": {
      "games_played": 8,
      "xg_sum": 26.411596588078872,
      "hdc_sum": 78.0,
      "gs_sum": 43.37500000000001,
      "xg_avg": 3.301449573509859,
      "hdc_avg": 9.75,
      "gs_avg": 5.421875000000001
    },
    "STL": {
      "games_played": 7,
      "xg_sum": 20.23225936266165,
      "hdc_sum": 57.0,
      "gs_sum": 25.800000000000008,
      "xg_avg": 2.8903227660945214,
      "hdc_avg": 8.142857142857142,
      "gs_avg": 3.685714285714287
    },
    "CAR": {
      "games_played": 8,
      "xg_sum": 30.5827651556984,
      "hdc_sum": 54.0,
      "gs_sum": 42.60000000000001,
      "xg_avg": 3.8228456444623,
      "hdc_avg": 6.75,
      "gs_avg": 5.325000000000001
    },
    "EDM": {
      "games_played": 9,
      "xg_sum": 27.460539922069984,
      "hdc_sum": 88.0,
      "gs_sum": 39.30000000000001,
      "xg_avg": 3.0511711024522206,
      "hdc_avg": 9.777777777777779,
      "gs_avg": 4.366666666666668
    },
    "DAL": {
      "games_played": 9,
      "xg_sum": 26.850129278935444,
      "hdc_sum": 58.0,
      "gs_sum": 36.875,
      "xg_avg": 2.983347697659494,
      "hdc_avg": 6.444444444444445,
      "gs_avg": 4.097222222222222
    },
    "PHI": {
      "games_played": 7,
      "xg_sum": 26.295312853134003,
      "hdc_sum": 53.0,
      "gs_sum": 30.67500000000001,
      "xg_avg": 3.756473264733429,
      "hdc_avg": 7.571428571428571,
      "gs_avg": 4.382142857142859
    },
    "MIN": {
      "games_played": 9,
      "xg_sum": 35.259107161060314,
      "hdc_sum": 66.0,
      "gs_sum": 39.87500000000001,
      "xg_avg": 3.917678573451146,
      "hdc_avg": 7.333333333333333,
      "gs_avg": 4.430555555555556
    },
    "NYR": {
      "games_played": 9,
      "xg_sum": 23.793771291069454,
      "hdc_sum": 47.0,
      "gs_sum": 36.300000000000004,
      "xg_avg": 2.6437523656743838,
      "hdc_avg": 5.222222222222222,
      "gs_avg": 4.033333333333334
    },
    "WPG": {
      "games_played": 9,
      "xg_sum": 26.02973404281326,
      "hdc_sum": 49.0,
      "gs_sum": 38.10000000000001,
      "xg_avg": 2.8921926714236954,
      "hdc_avg": 5.444444444444445,
      "gs_avg": 4.233333333333334
    },
    "CHI": {
      "games_played": 9,
      "xg_sum": 22.294026016587814,
      "hdc_sum": 63.0,
      "gs_sum": 27.575000000000006,
      "xg_avg": 2.4771140018430904,
      "hdc_avg": 7.0,
      "gs_avg": 3.0638888888888896
    },
    "UTA": {
      "games_played": 8,
      "xg_sum": 26.8538982254723,
      "hdc_sum": 73.0,
      "gs_sum": 36.95000000000001,
      "xg_avg": 3.3567372781840374,
      "hdc_avg": 9.125,
      "gs_avg": 4.618750000000001
    },
    "NSH": {
      "games_played": 8,
      "xg_sum": 24.007589541659065,
      "hdc_sum": 57.0,
      "gs_sum": 31.75,
      "xg_avg": 3.000948692707383,
      "hdc_avg": 7.125,
      "gs_avg": 3.96875
    },
    "VAN": {
      "games_played": 7,
      "xg_sum": 19.877262100375454,
      "hdc_sum": 26.0,
      "gs_sum": 25.450000000000003,
      "xg_avg": 2.839608871482208,
      "hdc_avg": 3.7142857142857144,
      "gs_avg": 3.635714285714286
    },
    "PIT": {
      "games_played": 9,
      "xg_sum": 29.78185627097019,
      "hdc_sum": 89.0,
      "gs_sum": 43.25000000000001,
      "xg_avg": 3.30909514121891,
      "hdc_avg": 9.88888888888889,
      "gs_avg": 4.805555555555556
    },
    "VGK": {
      "games_played": 8,
      "xg_sum": 28.11061049344639,
      "hdc_sum": 47.0,
      "gs_sum": 30.0,
      "xg_avg": 3.513826311680799,
      "hdc_avg": 5.875,
      "gs_avg": 3.75
    },
    "COL": {
      "games_played": 8,
      "xg_sum": 30.829485558992477,
      "hdc_sum": 68.0,
      "gs_sum": 39.45,
      "xg_avg": 3.8536856948740597,
      "hdc_avg": 8.5,
      "gs_avg": 4.93125
    },
    "SEA": {
      "games_played": 9,
      "xg_sum": 23.44995455820393,
      "hdc_sum": 60.0,
      "gs_sum": 36.550000000000004,
      "xg_avg": 2.6055505064671034,
      "hdc_avg": 6.666666666666667,
      "gs_avg": 4.061111111111112
    },
    "LAK": {
      "games_played": 8,
      "xg_sum": 27.097685125095786,
      "hdc_sum": 55.0,
      "gs_sum": 38.87500000000001,
      "xg_avg": 3.3872106406369733,
      "hdc_avg": 6.875,
      "gs_avg": 4.859375000000001
    },
    "NYI": {
      "games_played": 9,
      "xg_sum": 30.403488634117842,
      "hdc_sum": 98.0,
      "gs_sum": 38.925000000000004,
      "xg_avg": 3.3781654037908715,
      "hdc_avg": 10.88888888888889,
      "gs_avg": 4.325
    },
    "OTT": {
      "games_played": 9,
      "xg_sum": 32.681025512218376,
      "hdc_sum": 80.0,
      "gs_sum": 40.82500000000001,
      "xg_avg": 3.631225056913153,
      "hdc_avg": 8.88888888888889,
      "gs_avg": 4.536111111111112
    },
    "MTL": {
      "games_played": 7,
      "xg_sum": 26.919375215210348,
      "hdc_sum": 42.0,
      "gs_sum": 32.025000000000006,
      "xg_avg": 3.8456250307443356,
      "hdc_avg": 6.0,
      "gs_avg": 4.575000000000001
    }
  }
}