{
  "season": "2025-2026",
  "generated_at": "2025-12-06T05:27:42.634722",
  "total_games": 40,
  "teams": {
    "VGK": {
      "games_played": 6,
      "xg_sum": 18.937463246337,
      "hdc_sum": 18.0,
      "gs_sum": 25.500000000000004,
      "xg_avg": 3.1562438743895,
      "hdc_avg": 3.0,
      "gs_avg": 4.250000000000001
    },
    "NJD": {
      "games_played": 6,
      "xg_sum": 15.374412370125,
      "hdc_sum": 12.0,
      "gs_sum": 16.2,
      "xg_avg": 2.5624020616875,
      "hdc_avg": 2.0,
      "gs_avg": 2.6999999999999997
    },
    "BUF": {
      "games_played": 6,
      "xg_sum": 26.076804155550004,
      "hdc_sum": 72.0,
      "gs_sum": 20.400000000000006,
      "xg_avg": 4.346134025925001,
      "hdc_avg": 12.0,
      "gs_avg": 3.400000000000001
    },
    "WPG": {
      "games_played": 6,
      "xg_sum": 12.205463372924998,
      "hdc_sum": 30.0,
      "gs_sum": 25.950000000000014,
      "xg_avg": 2.0342438954874997,
      "hdc_avg": 5.0,
      "gs_avg": 4.325000000000002
    },
    "SJS": {
      "games_played": 5,
      "xg_sum": 9.595877277625,
      "hdc_sum": 35.0,
      "gs_sum": 11.749999999999993,
      "xg_avg": 1.919175455525,
      "hdc_avg": 7.0,
      "gs_avg": 2.3499999999999988
    },
    "DAL": {
      "games_played": 5,
      "xg_sum": 13.824135556937504,
      "hdc_sum": 5.0,
      "gs_sum": 21.250000000000004,
      "xg_avg": 2.764827111387501,
      "hdc_avg": 1.0,
      "gs_avg": 4.250000000000001
    },
    "UTA": {
      "games_played": 3,
      "xg_sum": 8.158789279012499,
      "hdc_sum": 15.0,
      "gs_sum": 12.150000000000002,
      "xg_avg": 2.7195964263374997,
      "hdc_avg": 5.0,
      "gs_avg": 4.050000000000001
    },
    "VAN": {
      "games_played": 3,
      "xg_sum": 13.99325508439988,
      "hdc_sum": 24.0,
      "gs_sum": 11.475000000000001,
      "xg_avg": 4.664418361466627,
      "hdc_avg": 8.0,
      "gs_avg": 3.8250000000000006
    }
  }
}