{
  "season": "2025-2026",
  "generated_at": "2026-04-13T02:05:09.491711",
  "total_games": 432,
  "teams": {
    "SJS": {
      "games_played": 14,
      "xg_sum": 39.61233258829255,
      "hdc_sum": 99.0,
      "gs_sum": 55.90000000000002,
      "xg_avg": 2.8294523277351824,
      "hdc_avg": 7.071428571428571,
      "gs_avg": 3.992857142857144
    },
    "BOS": {
      "games_played": 14,
      "xg_sum": 43.420832025133485,
      "hdc_sum": 129.0,
      "gs_sum": 66.3,
      "xg_avg": 3.101488001795249,
      "hdc_avg": 9.214285714285714,
      "gs_avg": 4.735714285714286
    },
    "WSH": {
      "games_played": 14,
      "xg_sum": 40.6731933186205,
      "hdc_sum": 71.0,
      "gs_sum": 56.075,
      "xg_avg": 2.9052280941871786,
      "hdc_avg": 5.071428571428571,
      "gs_avg": 4.005357142857143
    },
    "BUF": {
      "games_played": 13,
      "xg_sum": 40.84149094842483,
      "hdc_sum": 107.0,
      "gs_sum": 61.95,
      "xg_avg": 3.1416531498788327,
      "hdc_avg": 8.23076923076923,
      "gs_avg": 4.765384615384615
    },
    "ANA": {
      "games_played": 12,
      "xg_sum": 43.738713955258895,
      "hdc_sum": 129.0,
      "gs_sum": 57.02500000000001,
      "xg_avg": 3.644892829604908,
      "hdc_avg": 10.75,
      "gs_avg": 4.752083333333334
    },
    "TOR": {
      "games_played": 13,
      "xg_sum": 32.952503397818255,
      "hdc_sum": 65.0,
      "gs_sum": 43.250000000000014,
      "xg_avg": 2.5348079536783272,
      "hdc_avg": 5.0,
      "gs_avg": 3.326923076923078
    },
    "DET": {
      "games_played": 12,
      "xg_sum": 36.94677289274171,
      "hdc_sum": 67.0,
      "gs_sum": 52.775000000000006,
      "xg_avg": 3.0788977410618092,
      "hdc_avg": 5.583333333333333,
      "gs_avg": 4.397916666666667
    },
    "TBL": {
      "games_played": 15,
      "xg_sum": 46.56114929995796,
      "hdc_sum": 110.0,
      "gs_sum": 65.75000000000001,
      "xg_avg": 3.104076619997197,
      "hdc_avg": 7.333333333333333,
      "gs_avg": 4.383333333333335
    },
    "CBJ": {
      "games_played": 15,
      "xg_sum": 51.800665246829205,
      "hdc_sum": 140.0,
      "gs_sum": 67.90000000000002,
      "xg_avg": 3.453377683121947,
      "hdc_avg": 9.333333333333334,
      "gs_avg": 4.526666666666668
    },
    "FLA": {
      "games_played": 15,
      "xg_sum": 48.050345079128604,
      "hdc_sum": 95.0,
      "gs_sum": 63.8,
      "xg_avg": 3.2033563386085735,
      "hdc_avg": 6.333333333333333,
      "gs_avg": 4.253333333333333
    },
    "CGY": {
      "games_played": 13,
      "xg_sum": 32.81127612479269,
      "hdc_sum": 86.0,
      "gs_sum": 55.900000000000006,
      "xg_avg": 2.5239443172917455,
      "hdc_avg": 6.615384615384615,
      "gs_avg": 4.300000000000001
    },
    "NJD": {
      "games_played": 14,
      "xg_sum": 44.61793960186812,
      "hdc_sum": 124.0,
      "gs_sum": 65.75,
      "xg_avg": 3.186995685847723,
      "hdc_avg": 8.857142857142858,
      "gs_avg": 4.696428571428571
    },
    "STL": {
      "games_played": 12,
      "xg_sum": 35.39153960516766,
      "hdc_sum": 107.0,
      "gs_sum": 49.55000000000001,
      "xg_avg": 2.949294967097305,
      "hdc_avg": 8.916666666666666,
      "gs_avg": 4.129166666666667
    },
    "CAR": {
      "games_played": 13,
      "xg_sum": 49.72753149318186,
      "hdc_sum": 89.0,
      "gs_sum": 71.67500000000003,
      "xg_avg": 3.825194730244758,
      "hdc_avg": 6.846153846153846,
      "gs_avg": 5.513461538461541
    },
    "EDM": {
      "games_played": 13,
      "xg_sum": 38.16805620106343,
      "hdc_sum": 120.0,
      "gs_sum": 56.90000000000001,
      "xg_avg": 2.936004323158725,
      "hdc_avg": 9.23076923076923,
      "gs_avg": 4.376923076923078
    },
    "DAL": {
      "games_played": 14,
      "xg_sum": 40.94901187111189,
      "hdc_sum": 90.0,
      "gs_sum": 53.449999999999996,
      "xg_avg": 2.924929419365135,
      "hdc_avg": 6.428571428571429,
      "gs_avg": 3.8178571428571426
    },
    "PHI": {
      "games_played": 13,
      "xg_sum": 43.66256511105136,
      "hdc_sum": 103.0,
      "gs_sum": 59.65000000000001,
      "xg_avg": 3.3586588546962584,
      "hdc_avg": 7.923076923076923,
      "gs_avg": 4.588461538461539
    },
    "MIN": {
      "games_played": 12,
      "xg_sum": 44.03880668941807,
      "hdc_sum": 84.0,
      "gs_sum": 53.125,
      "xg_avg": 3.6699005574515056,
      "hdc_avg": 7.0,
      "gs_avg": 4.427083333333333
    },
    "NYR": {
      "games_played": 17,
      "xg_sum": 49.14152769678468,
      "hdc_sum": 96.0,
      "gs_sum": 73.725,
      "xg_avg": 2.8906780998108634,
      "hdc_avg": 5.647058823529412,
      "gs_avg": 4.336764705882352
    },
    "WPG": {
      "games_played": 14,
      "xg_sum": 41.87874012768411,
      "hdc_sum": 78.0,
      "gs_sum": 62.10000000000001,
      "xg_avg": 2.9913385805488653,
      "hdc_avg": 5.571428571428571,
      "gs_avg": 4.435714285714286
    },
    "CHI": {
      "games_played": 14,
      "xg_sum": 36.29987680459982,
      "hdc_sum": 88.0,
      "gs_sum": 48.650000000000006,
      "xg_avg": 2.5928483431857012,
      "hdc_avg": 6.285714285714286,
      "gs_avg": 3.4750000000000005
    },
    "UTA": {
      "games_played": 12,
      "xg_sum": 40.70246028722423,
      "hdc_sum": 117.0,
      "gs_sum": 58.85000000000001,
      "xg_avg": 3.3918716906020188,
      "hdc_avg": 9.75,
      "gs_avg": 4.904166666666668
    },
    "NSH": {
      "games_played": 14,
      "xg_sum": 41.94152444740028,
      "hdc_sum": 96.0,
      "gs_sum": 54.25,
      "xg_avg": 2.995823174814306,
      "hdc_avg": 6.857142857142857,
      "gs_avg": 3.875
    },
    "VAN": {
      "games_played": 12,
      "xg_sum": 33.514135699044054,
      "hdc_sum": 66.0,
      "gs_sum": 45.500000000000014,
      "xg_avg": 2.7928446415870045,
      "hdc_avg": 5.5,
      "gs_avg": 3.791666666666668
    },
    "PIT": {
      "games_played": 14,
      "xg_sum": 47.25300336118466,
      "hdc_sum": 125.0,
      "gs_sum": 69.22500000000001,
      "xg_avg": 3.375214525798904,
      "hdc_avg": 8.928571428571429,
      "gs_avg": 4.944642857142858
    },
    "VGK": {
      "games_played": 13,
      "xg_sum": 47.353220184797955,
      "hdc_sum": 87.0,
      "gs_sum": 55.675000000000004,
      "xg_avg": 3.642555398830612,
      "hdc_avg": 6.6923076923076925,
      "gs_avg": 4.282692307692308
    },
    "COL": {
      "games_played": 13,
      "xg_sum": 50.073759604011386,
      "hdc_sum": 99.0,
      "gs_sum": 68.275,
      "xg_avg": 3.8518276618470297,
      "hdc_avg": 7.615384615384615,
      "gs_avg": 5.251923076923077
    },
    "SEA": {
      "games_played": 14,
      "xg_sum": 37.75067348760905,
      "hdc_sum": 109.0,
      "gs_sum": 58.35000000000001,
      "xg_avg": 2.6964766776863605,
      "hdc_avg": 7.785714285714286,
      "gs_avg": 4.167857142857144
    },
    "LAK": {
      "games_played": 12,
      "xg_sum": 38.476149939112204,
      "hdc_sum": 78.0,
      "gs_sum": 55.67500000000001,
      "xg_avg": 3.20634582825935,
      "hdc_avg": 6.5,
      "gs_avg": 4.639583333333334
    },
    "NYI": {
      "games_played": 14,
      "xg_sum": 49.78966722776089,
      "hdc_sum": 145.0,
      "gs_sum": 59.250000000000014,
      "xg_avg": 3.5564048019829206,
      "hdc_avg": 10.357142857142858,
      "gs_avg": 4.2321428571428585
    },
    "OTT": {
      "games_played": 14,
      "xg_sum": 44.857189234378055,
      "hdc_sum": 119.0,
      "gs_sum": 60.65000000000001,
      "xg_avg": 3.2040849453127183,
      "hdc_avg": 8.5,
      "gs_avg": 4.332142857142858
    },
    "MTL": {
      "games_played": 14,
      "xg_sum": 49.01350793737434,
      "hdc_sum": 84.0,
      "gs_sum": 59.12500000000002,
      "xg_avg": 3.500964852669596,
      "hdc_avg": 6.0,
      "gs_avg": 4.223214285714287
    }
  }
}