{
  "season": "2025-2026",
  "generated_at": "2025-12-06T21:39:41.837980",
  "total_games": 168,
  "teams": {
    "VGK": {
      "games_played": 18,
      "xg_sum": 56.81238973901102,
      "hdc_sum": 54.0,
      "gs_sum": 76.50000000000001,
      "xg_avg": 3.156243874389501,
      "hdc_avg": 3.0,
      "gs_avg": 4.250000000000001
    },
    "NJD": {
      "games_played": 18,
      "xg_sum": 46.123237110375,
      "hdc_sum": 36.0,
      "gs_sum": 48.600000000000016,
      "xg_avg": 2.5624020616875,
      "hdc_avg": 2.0,
      "gs_avg": 2.700000000000001
    },
    "BUF": {
      "games_played": 18,
      "xg_sum": 78.23041246665002,
      "hdc_sum": 216.0,
      "gs_sum": 61.2,
      "xg_avg": 4.346134025925001,
      "hdc_avg": 12.0,
      "gs_avg": 3.4000000000000004
    },
    "WPG": {
      "games_played": 18,
      "xg_sum": 36.616390118774994,
      "hdc_sum": 90.0,
      "gs_sum": 77.85000000000004,
      "xg_avg": 2.0342438954874997,
      "hdc_avg": 5.0,
      "gs_avg": 4.325000000000002
    },
    "SJS": {
      "games_played": 17,
      "xg_sum": 32.625982743925,
      "hdc_sum": 119.0,
      "gs_sum": 39.94999999999998,
      "xg_avg": 1.919175455525,
      "hdc_avg": 7.0,
      "gs_avg": 2.3499999999999988
    },
    "DAL": {
      "games_played": 17,
      "xg_sum": 47.00206089358753,
      "hdc_sum": 17.0,
      "gs_sum": 72.25000000000001,
      "xg_avg": 2.764827111387502,
      "hdc_avg": 1.0,
      "gs_avg": 4.250000000000001
    },
    "UTA": {
      "games_played": 15,
      "xg_sum": 40.75992983756249,
      "hdc_sum": 75.0,
      "gs_sum": 60.749999999999986,
      "xg_avg": 2.717328655837499,
      "hdc_avg": 5.0,
      "gs_avg": 4.049999999999999
    },
    "VAN": {
      "games_played": 15,
      "xg_sum": 70.47920620088665,
      "hdc_sum": 120.0,
      "gs_sum": 58.124999999999986,
      "xg_avg": 4.698613746725777,
      "hdc_avg": 8.0,
      "gs_avg": 3.874999999999999
    },
    "WSH": {
      "games_played": 11,
      "xg_sum": 42.44408675372638,
      "hdc_sum": 66.0,
      "gs_sum": 52.24999999999999,
      "xg_avg": 3.8585533412478528,
      "hdc_avg": 6.0,
      "gs_avg": 4.749999999999999
    },
    "ANA": {
      "games_played": 11,
      "xg_sum": 48.28618742241502,
      "hdc_sum": 110.0,
      "gs_sum": 77.54999999999998,
      "xg_avg": 4.389653402037729,
      "hdc_avg": 10.0,
      "gs_avg": 7.049999999999998
    },
    "COL": {
      "games_played": 5,
      "xg_sum": 18.763190652582512,
      "hdc_sum": 80.0,
      "gs_sum": 29.550000000000008,
      "xg_avg": 3.7526381305165026,
      "hdc_avg": 16.0,
      "gs_avg": 5.910000000000002
    },
    "NYR": {
      "games_played": 5,
      "xg_sum": 11.859276452630507,
      "hdc_sum": 5.0,
      "gs_sum": 19.25,
      "xg_avg": 2.3718552905261014,
      "hdc_avg": 1.0,
      "gs_avg": 3.85
    }
  }
}