{
  "season": "2025-2026",
  "generated_at": "2026-01-09T04:03:20.283600",
  "total_games": 648,
  "teams": {
    "VGK": {
      "games_played": 31,
      "xg_sum": 100.37969926543626,
      "hdc_sum": 131.0,
      "gs_sum": 137.40000000000003,
      "xg_avg": 3.2380548150140727,
      "hdc_avg": 4.225806451612903,
      "gs_avg": 4.43225806451613
    },
    "NJD": {
      "games_played": 34,
      "xg_sum": 102.13738560547884,
      "hdc_sum": 163.0,
      "gs_sum": 112.50000000000004,
      "xg_avg": 3.004040753102319,
      "hdc_avg": 4.794117647058823,
      "gs_avg": 3.308823529411766
    },
    "BUF": {
      "games_played": 30,
      "xg_sum": 109.64660370861289,
      "hdc_sum": 292.0,
      "gs_sum": 117.80000000000001,
      "xg_avg": 3.654886790287096,
      "hdc_avg": 9.733333333333333,
      "gs_avg": 3.926666666666667
    },
    "WPG": {
      "games_played": 32,
      "xg_sum": 80.88276863678604,
      "hdc_sum": 151.0,
      "gs_sum": 137.27500000000003,
      "xg_avg": 2.5275865198995637,
      "hdc_avg": 4.71875,
      "gs_avg": 4.289843750000001
    },
    "SJS": {
      "games_played": 29,
      "xg_sum": 75.94880651518676,
      "hdc_sum": 244.0,
      "gs_sum": 100.62499999999996,
      "xg_avg": 2.618924362592647,
      "hdc_avg": 8.413793103448276,
      "gs_avg": 3.469827586206895
    },
    "DAL": {
      "games_played": 31,
      "xg_sum": 90.63083195746086,
      "hdc_sum": 125.0,
      "gs_sum": 135.67500000000004,
      "xg_avg": 2.923575224434221,
      "hdc_avg": 4.032258064516129,
      "gs_avg": 4.376612903225808
    },
    "UTA": {
      "games_played": 29,
      "xg_sum": 90.27200238887757,
      "hdc_sum": 186.0,
      "gs_sum": 123.19999999999996,
      "xg_avg": 3.112827668581985,
      "hdc_avg": 6.413793103448276,
      "gs_avg": 4.248275862068964
    },
    "VAN": {
      "games_played": 29,
      "xg_sum": 113.757544113738,
      "hdc_sum": 188.0,
      "gs_sum": 117.425,
      "xg_avg": 3.922673934956483,
      "hdc_avg": 6.482758620689655,
      "gs_avg": 4.049137931034482
    },
    "WSH": {
      "games_played": 24,
      "xg_sum": 83.46538839442998,
      "hdc_sum": 152.0,
      "gs_sum": 105.64999999999999,
      "xg_avg": 3.4777245164345825,
      "hdc_avg": 6.333333333333333,
      "gs_avg": 4.402083333333333
    },
    "ANA": {
      "games_played": 27,
      "xg_sum": 103.14445361508442,
      "hdc_sum": 254.0,
      "gs_sum": 145.8,
      "xg_avg": 3.82016494870683,
      "hdc_avg": 9.407407407407407,
      "gs_avg": 5.4
    },
    "COL": {
      "games_played": 17,
      "xg_sum": 64.6327971481061,
      "hdc_sum": 179.0,
      "gs_sum": 97.875,
      "xg_avg": 3.8019292440062418,
      "hdc_avg": 10.529411764705882,
      "gs_avg": 5.757352941176471
    },
    "NYR": {
      "games_played": 18,
      "xg_sum": 50.75727951129559,
      "hdc_sum": 93.0,
      "gs_sum": 68.325,
      "xg_avg": 2.819848861738644,
      "hdc_avg": 5.166666666666667,
      "gs_avg": 3.7958333333333334
    },
    "CBJ": {
      "games_played": 14,
      "xg_sum": 44.797713218114055,
      "hdc_sum": 114.0,
      "gs_sum": 64.275,
      "xg_avg": 3.1998366584367184,
      "hdc_avg": 8.142857142857142,
      "gs_avg": 4.591071428571429
    },
    "FLA": {
      "games_played": 17,
      "xg_sum": 56.840259692874355,
      "hdc_sum": 120.0,
      "gs_sum": 77.97500000000002,
      "xg_avg": 3.3435446878161383,
      "hdc_avg": 7.0588235294117645,
      "gs_avg": 4.586764705882354
    },
    "BOS": {
      "games_played": 14,
      "xg_sum": 43.2815810079277,
      "hdc_sum": 105.0,
      "gs_sum": 59.625000000000014,
      "xg_avg": 3.0915415005662643,
      "hdc_avg": 7.5,
      "gs_avg": 4.258928571428572
    },
    "MTL": {
      "games_played": 18,
      "xg_sum": 60.911651443628166,
      "hdc_sum": 98.0,
      "gs_sum": 84.175,
      "xg_avg": 3.3839806357571205,
      "hdc_avg": 5.444444444444445,
      "gs_avg": 4.676388888888889
    },
    "TOR": {
      "games_played": 18,
      "xg_sum": 48.465909428454296,
      "hdc_sum": 119.0,
      "gs_sum": 80.67500000000003,
      "xg_avg": 2.6925505238030163,
      "hdc_avg": 6.611111111111111,
      "gs_avg": 4.481944444444446
    },
    "STL": {
      "games_played": 15,
      "xg_sum": 38.7128123849431,
      "hdc_sum": 115.0,
      "gs_sum": 52.500000000000014,
      "xg_avg": 2.5808541589962064,
      "hdc_avg": 7.666666666666667,
      "gs_avg": 3.500000000000001
    },
    "OTT": {
      "games_played": 15,
      "xg_sum": 53.08275312591232,
      "hdc_sum": 146.0,
      "gs_sum": 72.92500000000001,
      "xg_avg": 3.5388502083941544,
      "hdc_avg": 9.733333333333333,
      "gs_avg": 4.861666666666667
    },
    "NYI": {
      "games_played": 17,
      "xg_sum": 48.672517036814426,
      "hdc_sum": 141.0,
      "gs_sum": 72.15000000000002,
      "xg_avg": 2.863089237459672,
      "hdc_avg": 8.294117647058824,
      "gs_avg": 4.244117647058824
    },
    "TBL": {
      "games_played": 14,
      "xg_sum": 48.791334593520475,
      "hdc_sum": 126.0,
      "gs_sum": 67.025,
      "xg_avg": 3.4850953281086055,
      "hdc_avg": 9.0,
      "gs_avg": 4.7875000000000005
    },
    "NSH": {
      "games_played": 15,
      "xg_sum": 47.459833980406835,
      "hdc_sum": 108.0,
      "gs_sum": 67.47500000000001,
      "xg_avg": 3.1639889320271224,
      "hdc_avg": 7.2,
      "gs_avg": 4.498333333333334
    },
    "CAR": {
      "games_played": 18,
      "xg_sum": 66.51641860589021,
      "hdc_sum": 129.0,
      "gs_sum": 93.42500000000003,
      "xg_avg": 3.695356589216123,
      "hdc_avg": 7.166666666666667,
      "gs_avg": 5.190277777777779
    },
    "CGY": {
      "games_played": 14,
      "xg_sum": 44.22742852437283,
      "hdc_sum": 85.0,
      "gs_sum": 62.250000000000014,
      "xg_avg": 3.1591020374552023,
      "hdc_avg": 6.071428571428571,
      "gs_avg": 4.446428571428572
    },
    "CHI": {
      "games_played": 18,
      "xg_sum": 46.91644548183895,
      "hdc_sum": 108.0,
      "gs_sum": 70.87500000000001,
      "xg_avg": 2.606469193435497,
      "hdc_avg": 6.0,
      "gs_avg": 3.937500000000001
    },
    "LAK": {
      "games_played": 15,
      "xg_sum": 48.18866550585041,
      "hdc_sum": 80.0,
      "gs_sum": 64.35,
      "xg_avg": 3.2125777003900273,
      "hdc_avg": 5.333333333333333,
      "gs_avg": 4.29
    },
    "EDM": {
      "games_played": 15,
      "xg_sum": 53.042246083449236,
      "hdc_sum": 157.0,
      "gs_sum": 73.47500000000001,
      "xg_avg": 3.536149738896616,
      "hdc_avg": 10.466666666666667,
      "gs_avg": 4.898333333333334
    },
    "DET": {
      "games_played": 16,
      "xg_sum": 47.28066433224907,
      "hdc_sum": 104.0,
      "gs_sum": 69.97500000000001,
      "xg_avg": 2.9550415207655667,
      "hdc_avg": 6.5,
      "gs_avg": 4.3734375000000005
    },
    "SEA": {
      "games_played": 18,
      "xg_sum": 54.84186361509814,
      "hdc_sum": 136.0,
      "gs_sum": 80.30000000000001,
      "xg_avg": 3.0467702008387856,
      "hdc_avg": 7.555555555555555,
      "gs_avg": 4.461111111111112
    },
    "MIN": {
      "games_played": 15,
      "xg_sum": 51.265833987645706,
      "hdc_sum": 127.0,
      "gs_sum": 77.75000000000001,
      "xg_avg": 3.417722265843047,
      "hdc_avg": 8.466666666666667,
      "gs_avg": 5.1833333333333345
    },
    "PHI": {
      "games_played": 15,
      "xg_sum": 48.71727454223286,
      "hdc_sum": 93.0,
      "gs_sum": 68.9,
      "xg_avg": 3.247818302815524,
      "hdc_avg": 6.2,
      "gs_avg": 4.593333333333334
    },
    "PIT": {
      "games_played": 16,
      "xg_sum": 56.10839498088454,
      "hdc_sum": 176.0,
      "gs_sum": 84.175,
      "xg_avg": 3.5067746863052838,
      "hdc_avg": 11.0,
      "gs_avg": 5.2609375
    }
  }
}