{
  "season": "2025-2026",
  "generated_at": "2026-03-15T01:51:27.979391",
  "total_games": 46,
  "teams": {
    "SJS": {
      "games_played": 1,
      "xg_sum": 2.897096063825,
      "hdc_sum": 6.0,
      "gs_sum": 4.6,
      "xg_avg": 2.897096063825,
      "hdc_avg": 6.0,
      "gs_avg": 4.6
    },
    "BOS": {
      "games_played": 2,
      "xg_sum": 7.777321126637503,
      "hdc_sum": 35.0,
      "gs_sum": 10.0,
      "xg_avg": 3.8886605633187514,
      "hdc_avg": 17.5,
      "gs_avg": 5.0
    },
    "WSH": {
      "games_played": 2,
      "xg_sum": 6.50579264908165,
      "hdc_sum": 8.0,
      "gs_sum": 7.075000000000003,
      "xg_avg": 3.252896324540825,
      "hdc_avg": 4.0,
      "gs_avg": 3.5375000000000014
    },
    "BUF": {
      "games_played": 1,
      "xg_sum": 3.1128431121500015,
      "hdc_sum": 10.0,
      "gs_sum": 3.4750000000000005,
      "xg_avg": 3.1128431121500015,
      "hdc_avg": 10.0,
      "gs_avg": 3.4750000000000005
    },
    "ANA": {
      "games_played": 2,
      "xg_sum": 7.9269691190638145,
      "hdc_sum": 25.0,
      "gs_sum": 6.525000000000002,
      "xg_avg": 3.9634845595319073,
      "hdc_avg": 12.5,
      "gs_avg": 3.262500000000001
    },
    "TOR": {
      "games_played": 1,
      "xg_sum": 2.7776567644625008,
      "hdc_sum": 7.0,
      "gs_sum": 4.799999999999999,
      "xg_avg": 2.7776567644625008,
      "hdc_avg": 7.0,
      "gs_avg": 4.799999999999999
    },
    "DET": {
      "games_played": 1,
      "xg_sum": 3.017362812975001,
      "hdc_sum": 10.0,
      "gs_sum": 3.0999999999999996,
      "xg_avg": 3.017362812975001,
      "hdc_avg": 10.0,
      "gs_avg": 3.0999999999999996
    },
    "TBL": {
      "games_played": 2,
      "xg_sum": 7.080569481813752,
      "hdc_sum": 19.0,
      "gs_sum": 8.524999999999999,
      "xg_avg": 3.540284740906876,
      "hdc_avg": 9.5,
      "gs_avg": 4.262499999999999
    },
    "CBJ": {
      "games_played": 1,
      "xg_sum": 4.342558778712499,
      "hdc_sum": 10.0,
      "gs_sum": 3.600000000000001,
      "xg_avg": 4.342558778712499,
      "hdc_avg": 10.0,
      "gs_avg": 3.600000000000001
    },
    "FLA": {
      "games_played": 1,
      "xg_sum": 2.784451858875,
      "hdc_sum": 5.0,
      "gs_sum": 3.2250000000000005,
      "xg_avg": 2.784451858875,
      "hdc_avg": 5.0,
      "gs_avg": 3.2250000000000005
    },
    "CGY": {
      "games_played": 2,
      "xg_sum": 5.1592928539,
      "hdc_sum": 11.0,
      "gs_sum": 10.350000000000003,
      "xg_avg": 2.57964642695,
      "hdc_avg": 5.5,
      "gs_avg": 5.175000000000002
    },
    "NJD": {
      "games_played": 2,
      "xg_sum": 7.021921566100002,
      "hdc_sum": 25.0,
      "gs_sum": 12.7,
      "xg_avg": 3.510960783050001,
      "hdc_avg": 12.5,
      "gs_avg": 6.35
    },
    "STL": {
      "games_played": 2,
      "xg_sum": 4.194340763812501,
      "hdc_sum": 14.0,
      "gs_sum": 7.800000000000001,
      "xg_avg": 2.0971703819062504,
      "hdc_avg": 7.0,
      "gs_avg": 3.9000000000000004
    },
    "CAR": {
      "games_played": 2,
      "xg_sum": 7.7136613290997245,
      "hdc_sum": 8.0,
      "gs_sum": 8.800000000000002,
      "xg_avg": 3.8568306645498622,
      "hdc_avg": 4.0,
      "gs_avg": 4.400000000000001
    },
    "EDM": {
      "games_played": 2,
      "xg_sum": 6.366273842975,
      "hdc_sum": 20.0,
      "gs_sum": 6.950000000000006,
      "xg_avg": 3.1831369214875,
      "hdc_avg": 10.0,
      "gs_avg": 3.475000000000003
    },
    "DAL": {
      "games_played": 1,
      "xg_sum": 2.581541017875,
      "hdc_sum": 8.0,
      "gs_sum": 5.499999999999997,
      "xg_avg": 2.581541017875,
      "hdc_avg": 8.0,
      "gs_avg": 5.499999999999997
    },
    "PHI": {
      "games_played": 1,
      "xg_sum": 2.2720914257249993,
      "hdc_sum": 7.0,
      "gs_sum": 4.350000000000001,
      "xg_avg": 2.2720914257249993,
      "hdc_avg": 7.0,
      "gs_avg": 4.350000000000001
    },
    "MIN": {
      "games_played": 2,
      "xg_sum": 7.791808507325001,
      "hdc_sum": 16.0,
      "gs_sum": 8.600000000000003,
      "xg_avg": 3.8959042536625006,
      "hdc_avg": 8.0,
      "gs_avg": 4.300000000000002
    },
    "NYR": {
      "games_played": 2,
      "xg_sum": 3.83440983639825,
      "hdc_sum": 11.0,
      "gs_sum": 9.325000000000001,
      "xg_avg": 1.917204918199125,
      "hdc_avg": 5.5,
      "gs_avg": 4.6625000000000005
    },
    "WPG": {
      "games_played": 2,
      "xg_sum": 4.064934003800001,
      "hdc_sum": 8.0,
      "gs_sum": 8.05,
      "xg_avg": 2.0324670019000006,
      "hdc_avg": 4.0,
      "gs_avg": 4.025
    },
    "CHI": {
      "games_played": 1,
      "xg_sum": 2.0865169886499997,
      "hdc_sum": 4.0,
      "gs_sum": 4.000000000000002,
      "xg_avg": 2.0865169886499997,
      "hdc_avg": 4.0,
      "gs_avg": 4.000000000000002
    },
    "UTA": {
      "games_played": 1,
      "xg_sum": 4.4866851956875005,
      "hdc_sum": 12.0,
      "gs_sum": 4.275000000000001,
      "xg_avg": 4.4866851956875005,
      "hdc_avg": 12.0,
      "gs_avg": 4.275000000000001
    },
    "NSH": {
      "games_played": 1,
      "xg_sum": 3.0898688249100004,
      "hdc_sum": 7.0,
      "gs_sum": 3.825000000000001,
      "xg_avg": 3.0898688249100004,
      "hdc_avg": 7.0,
      "gs_avg": 3.825000000000001
    },
    "VAN": {
      "games_played": 1,
      "xg_sum": 3.839078328417501,
      "hdc_sum": 4.0,
      "gs_sum": 5.35,
      "xg_avg": 3.839078328417501,
      "hdc_avg": 4.0,
      "gs_avg": 5.35
    },
    "PIT": {
      "games_played": 1,
      "xg_sum": 2.604155146650001,
      "hdc_sum": 5.0,
      "gs_sum": 3.600000000000001,
      "xg_avg": 2.604155146650001,
      "hdc_avg": 5.0,
      "gs_avg": 3.600000000000001
    },
    "VGK": {
      "games_played": 1,
      "xg_sum": 2.2468880647625,
      "hdc_sum": 4.0,
      "gs_sum": 5.124999999999998,
      "xg_avg": 2.2468880647625,
      "hdc_avg": 4.0,
      "gs_avg": 5.124999999999998
    },
    "COL": {
      "games_played": 2,
      "xg_sum": 7.46296030145,
      "hdc_sum": 11.0,
      "gs_sum": 9.725,
      "xg_avg": 3.731480150725,
      "hdc_avg": 5.5,
      "gs_avg": 4.8625
    },
    "SEA": {
      "games_played": 1,
      "xg_sum": 2.5801818003987265,
      "hdc_sum": 4.0,
      "gs_sum": 3.5,
      "xg_avg": 2.5801818003987265,
      "hdc_avg": 4.0,
      "gs_avg": 3.5
    },
    "LAK": {
      "games_played": 2,
      "xg_sum": 8.280863748038449,
      "hdc_sum": 17.0,
      "gs_sum": 9.525000000000002,
      "xg_avg": 4.1404318740192245,
      "hdc_avg": 8.5,
      "gs_avg": 4.762500000000001
    },
    "NYI": {
      "games_played": 2,
      "xg_sum": 5.977429633791139,
      "hdc_sum": 21.0,
      "gs_sum": 8.025000000000002,
      "xg_avg": 2.9887148168955693,
      "hdc_avg": 10.5,
      "gs_avg": 4.012500000000001
    },
    "OTT": {
      "games_played": 1,
      "xg_sum": 4.481661542940251,
      "hdc_sum": 10.0,
      "gs_sum": 3.625000000000001,
      "xg_avg": 4.481661542940251,
      "hdc_avg": 10.0,
      "gs_avg": 3.625000000000001
    }
  }
}