{
  "season": "2025-2026",
  "generated_at": "2026-04-11T19:41:13.895816",
  "total_games": 398,
  "teams": {
    "SJS": {
      "games_played": 13,
      "xg_sum": 35.840573769982555,
      "hdc_sum": 80.0,
      "gs_sum": 50.45000000000002,
      "xg_avg": 2.756967213075581,
      "hdc_avg": 6.153846153846154,
      "gs_avg": 3.880769230769232
    },
    "BOS": {
      "games_played": 13,
      "xg_sum": 41.08778537043349,
      "hdc_sum": 122.0,
      "gs_sum": 62.775,
      "xg_avg": 3.1605988746487297,
      "hdc_avg": 9.384615384615385,
      "gs_avg": 4.828846153846154
    },
    "WSH": {
      "games_played": 12,
      "xg_sum": 33.33113261222055,
      "hdc_sum": 57.0,
      "gs_sum": 44.475,
      "xg_avg": 2.7775943843517124,
      "hdc_avg": 4.75,
      "gs_avg": 3.7062500000000003
    },
    "BUF": {
      "games_played": 13,
      "xg_sum": 40.84149094842483,
      "hdc_sum": 107.0,
      "gs_sum": 61.95,
      "xg_avg": 3.1416531498788327,
      "hdc_avg": 8.23076923076923,
      "gs_avg": 4.765384615384615
    },
    "ANA": {
      "games_played": 12,
      "xg_sum": 43.738713955258895,
      "hdc_sum": 129.0,
      "gs_sum": 57.02500000000001,
      "xg_avg": 3.644892829604908,
      "hdc_avg": 10.75,
      "gs_avg": 4.752083333333334
    },
    "TOR": {
      "games_played": 12,
      "xg_sum": 30.62695937549388,
      "hdc_sum": 61.0,
      "gs_sum": 39.77500000000001,
      "xg_avg": 2.5522466146244898,
      "hdc_avg": 5.083333333333333,
      "gs_avg": 3.3145833333333345
    },
    "DET": {
      "games_played": 11,
      "xg_sum": 33.98115566261421,
      "hdc_sum": 63.0,
      "gs_sum": 48.00000000000001,
      "xg_avg": 3.0891959693285647,
      "hdc_avg": 5.7272727272727275,
      "gs_avg": 4.363636363636364
    },
    "TBL": {
      "games_played": 15,
      "xg_sum": 46.56114929995796,
      "hdc_sum": 110.0,
      "gs_sum": 65.75000000000001,
      "xg_avg": 3.104076619997197,
      "hdc_avg": 7.333333333333333,
      "gs_avg": 4.383333333333335
    },
    "CBJ": {
      "games_played": 13,
      "xg_sum": 43.55687893376476,
      "hdc_sum": 119.0,
      "gs_sum": 57.32500000000002,
      "xg_avg": 3.3505291487511353,
      "hdc_avg": 9.153846153846153,
      "gs_avg": 4.409615384615386
    },
    "FLA": {
      "games_played": 14,
      "xg_sum": 45.77891501500051,
      "hdc_sum": 86.0,
      "gs_sum": 57.324999999999996,
      "xg_avg": 3.269922501071465,
      "hdc_avg": 6.142857142857143,
      "gs_avg": 4.094642857142857
    },
    "CGY": {
      "games_played": 12,
      "xg_sum": 31.11048784231769,
      "hdc_sum": 84.0,
      "gs_sum": 53.050000000000004,
      "xg_avg": 2.592540653526474,
      "hdc_avg": 7.0,
      "gs_avg": 4.420833333333333
    },
    "NJD": {
      "games_played": 12,
      "xg_sum": 40.397655356618124,
      "hdc_sum": 114.0,
      "gs_sum": 59.300000000000004,
      "xg_avg": 3.366471279718177,
      "hdc_avg": 9.5,
      "gs_avg": 4.941666666666667
    },
    "STL": {
      "games_played": 11,
      "xg_sum": 31.793008774442654,
      "hdc_sum": 94.0,
      "gs_sum": 43.77500000000001,
      "xg_avg": 2.890273524949332,
      "hdc_avg": 8.545454545454545,
      "gs_avg": 3.979545454545456
    },
    "CAR": {
      "games_played": 12,
      "xg_sum": 46.08544171652508,
      "hdc_sum": 87.0,
      "gs_sum": 66.77500000000002,
      "xg_avg": 3.8404534763770903,
      "hdc_avg": 7.25,
      "gs_avg": 5.564583333333335
    },
    "EDM": {
      "games_played": 12,
      "xg_sum": 34.75801440810693,
      "hdc_sum": 108.0,
      "gs_sum": 54.07500000000001,
      "xg_avg": 2.8965012006755777,
      "hdc_avg": 9.0,
      "gs_avg": 4.5062500000000005
    },
    "DAL": {
      "games_played": 13,
      "xg_sum": 38.53160364403689,
      "hdc_sum": 86.0,
      "gs_sum": 51.175,
      "xg_avg": 2.963969511079761,
      "hdc_avg": 6.615384615384615,
      "gs_avg": 3.9365384615384613
    },
    "PHI": {
      "games_played": 12,
      "xg_sum": 39.465436320182256,
      "hdc_sum": 96.0,
      "gs_sum": 52.95000000000001,
      "xg_avg": 3.288786360015188,
      "hdc_avg": 8.0,
      "gs_avg": 4.4125000000000005
    },
    "MIN": {
      "games_played": 11,
      "xg_sum": 41.162097022810315,
      "hdc_sum": 81.0,
      "gs_sum": 50.2,
      "xg_avg": 3.7420088202554833,
      "hdc_avg": 7.363636363636363,
      "gs_avg": 4.5636363636363635
    },
    "NYR": {
      "games_played": 16,
      "xg_sum": 46.547596658222176,
      "hdc_sum": 90.0,
      "gs_sum": 71.875,
      "xg_avg": 2.909224791138886,
      "hdc_avg": 5.625,
      "gs_avg": 4.4921875
    },
    "WPG": {
      "games_played": 13,
      "xg_sum": 37.74370565996951,
      "hdc_sum": 72.0,
      "gs_sum": 58.67500000000001,
      "xg_avg": 2.903361973843808,
      "hdc_avg": 5.538461538461538,
      "gs_avg": 4.51346153846154
    },
    "CHI": {
      "games_played": 13,
      "xg_sum": 33.629164560049816,
      "hdc_sum": 82.0,
      "gs_sum": 43.675000000000004,
      "xg_avg": 2.586858812311524,
      "hdc_avg": 6.3076923076923075,
      "gs_avg": 3.359615384615385
    },
    "UTA": {
      "games_played": 11,
      "xg_sum": 37.18963718103573,
      "hdc_sum": 107.0,
      "gs_sum": 55.75000000000001,
      "xg_avg": 3.3808761073668845,
      "hdc_avg": 9.727272727272727,
      "gs_avg": 5.068181818181819
    },
    "NSH": {
      "games_played": 13,
      "xg_sum": 39.30071641756278,
      "hdc_sum": 89.0,
      "gs_sum": 50.85,
      "xg_avg": 3.023132032120214,
      "hdc_avg": 6.846153846153846,
      "gs_avg": 3.911538461538462
    },
    "VAN": {
      "games_played": 11,
      "xg_sum": 29.704149235475455,
      "hdc_sum": 58.0,
      "gs_sum": 38.32500000000001,
      "xg_avg": 2.7003772032250413,
      "hdc_avg": 5.2727272727272725,
      "gs_avg": 3.48409090909091
    },
    "PIT": {
      "games_played": 12,
      "xg_sum": 41.28259197081769,
      "hdc_sum": 115.0,
      "gs_sum": 63.35000000000001,
      "xg_avg": 3.440215997568141,
      "hdc_avg": 9.583333333333334,
      "gs_avg": 5.279166666666668
    },
    "VGK": {
      "games_played": 12,
      "xg_sum": 42.61131253052295,
      "hdc_sum": 80.0,
      "gs_sum": 50.87500000000001,
      "xg_avg": 3.5509427108769125,
      "hdc_avg": 6.666666666666667,
      "gs_avg": 4.239583333333334
    },
    "COL": {
      "games_played": 12,
      "xg_sum": 47.04060757365639,
      "hdc_sum": 93.0,
      "gs_sum": 64.525,
      "xg_avg": 3.9200506311380323,
      "hdc_avg": 7.75,
      "gs_avg": 5.377083333333334
    },
    "SEA": {
      "games_played": 13,
      "xg_sum": 34.35634229586778,
      "hdc_sum": 99.0,
      "gs_sum": 53.32500000000001,
      "xg_avg": 2.642795561220599,
      "hdc_avg": 7.615384615384615,
      "gs_avg": 4.101923076923078
    },
    "LAK": {
      "games_played": 11,
      "xg_sum": 35.729212510508354,
      "hdc_sum": 75.0,
      "gs_sum": 52.875000000000014,
      "xg_avg": 3.248110228228032,
      "hdc_avg": 6.818181818181818,
      "gs_avg": 4.806818181818183
    },
    "NYI": {
      "games_played": 13,
      "xg_sum": 46.01136928277589,
      "hdc_sum": 135.0,
      "gs_sum": 56.000000000000014,
      "xg_avg": 3.539336098675068,
      "hdc_avg": 10.384615384615385,
      "gs_avg": 4.307692307692308
    },
    "OTT": {
      "games_played": 13,
      "xg_sum": 44.857189234378055,
      "hdc_sum": 119.0,
      "gs_sum": 60.65000000000001,
      "xg_avg": 3.450553018029081,
      "hdc_avg": 9.153846153846153,
      "gs_avg": 4.665384615384617
    },
    "MTL": {
      "games_played": 12,
      "xg_sum": 43.207968741010745,
      "hdc_sum": 77.0,
      "gs_sum": 51.92500000000002,
      "xg_avg": 3.6006640617508956,
      "hdc_avg": 6.416666666666667,
      "gs_avg": 4.327083333333335
    }
  }
}