{
  "season": "2025-2026",
  "generated_at": "2026-01-29T03:26:09.797256",
  "total_games": 144,
  "teams": {
    "BUF": {
      "games_played": 5,
      "xg_sum": 12.086812551111937,
      "hdc_sum": 31.0,
      "gs_sum": 24.35,
      "xg_avg": 2.4173625102223872,
      "hdc_avg": 6.2,
      "gs_avg": 4.87
    },
    "CAR": {
      "games_played": 3,
      "xg_sum": 10.2096489655978,
      "hdc_sum": 17.0,
      "gs_sum": 13.650000000000002,
      "xg_avg": 3.4032163218659335,
      "hdc_avg": 5.666666666666667,
      "gs_avg": 4.550000000000001
    },
    "WSH": {
      "games_played": 5,
      "xg_sum": 18.4611004963989,
      "hdc_sum": 43.0,
      "gs_sum": 20.325000000000003,
      "xg_avg": 3.69222009927978,
      "hdc_avg": 8.6,
      "gs_avg": 4.065
    },
    "COL": {
      "games_played": 5,
      "xg_sum": 18.782090038105597,
      "hdc_sum": 36.0,
      "gs_sum": 26.700000000000003,
      "xg_avg": 3.7564180076211193,
      "hdc_avg": 7.2,
      "gs_avg": 5.340000000000001
    },
    "PIT": {
      "games_played": 4,
      "xg_sum": 10.975329143737502,
      "hdc_sum": 28.0,
      "gs_sum": 22.025000000000002,
      "xg_avg": 2.7438322859343756,
      "hdc_avg": 7.0,
      "gs_avg": 5.5062500000000005
    },
    "SEA": {
      "games_played": 5,
      "xg_sum": 12.178968518847501,
      "hdc_sum": 43.0,
      "gs_sum": 20.725,
      "xg_avg": 2.4357937037695003,
      "hdc_avg": 8.6,
      "gs_avg": 4.1450000000000005
    },
    "SJS": {
      "games_played": 4,
      "xg_sum": 12.780607893086177,
      "hdc_sum": 36.0,
      "gs_sum": 18.1,
      "xg_avg": 3.1951519732715443,
      "hdc_avg": 9.0,
      "gs_avg": 4.525
    },
    "FLA": {
      "games_played": 5,
      "xg_sum": 15.136168822829452,
      "hdc_sum": 32.0,
      "gs_sum": 20.875000000000007,
      "xg_avg": 3.0272337645658904,
      "hdc_avg": 6.4,
      "gs_avg": 4.175000000000002
    },
    "MIN": {
      "games_played": 5,
      "xg_sum": 15.326023464608253,
      "hdc_sum": 35.0,
      "gs_sum": 25.000000000000004,
      "xg_avg": 3.0652046929216508,
      "hdc_avg": 7.0,
      "gs_avg": 5.000000000000001
    },
    "TOR": {
      "games_played": 5,
      "xg_sum": 16.84201547712406,
      "hdc_sum": 32.0,
      "gs_sum": 20.650000000000006,
      "xg_avg": 3.3684030954248123,
      "hdc_avg": 6.4,
      "gs_avg": 4.130000000000001
    },
    "PHI": {
      "games_played": 5,
      "xg_sum": 14.801826014836406,
      "hdc_sum": 26.0,
      "gs_sum": 19.15,
      "xg_avg": 2.960365202967281,
      "hdc_avg": 5.2,
      "gs_avg": 3.8299999999999996
    },
    "VGK": {
      "games_played": 5,
      "xg_sum": 19.209305190024306,
      "hdc_sum": 40.0,
      "gs_sum": 22.075000000000006,
      "xg_avg": 3.8418610380048612,
      "hdc_avg": 8.0,
      "gs_avg": 4.415000000000001
    },
    "WPG": {
      "games_played": 5,
      "xg_sum": 14.005956541636824,
      "hdc_sum": 28.0,
      "gs_sum": 16.425,
      "xg_avg": 2.8011913083273647,
      "hdc_avg": 5.6,
      "gs_avg": 3.285
    },
    "CHI": {
      "games_played": 5,
      "xg_sum": 14.758285222842,
      "hdc_sum": 40.0,
      "gs_sum": 19.65,
      "xg_avg": 2.9516570445684,
      "hdc_avg": 8.0,
      "gs_avg": 3.9299999999999997
    },
    "NJD": {
      "games_played": 5,
      "xg_sum": 14.729650283953717,
      "hdc_sum": 36.0,
      "gs_sum": 20.900000000000002,
      "xg_avg": 2.9459300567907434,
      "hdc_avg": 7.2,
      "gs_avg": 4.180000000000001
    },
    "CGY": {
      "games_played": 4,
      "xg_sum": 11.539977993303904,
      "hdc_sum": 16.0,
      "gs_sum": 13.950000000000001,
      "xg_avg": 2.884994498325976,
      "hdc_avg": 4.0,
      "gs_avg": 3.4875000000000003
    },
    "NYI": {
      "games_played": 5,
      "xg_sum": 15.501701740046064,
      "hdc_sum": 41.0,
      "gs_sum": 20.950000000000006,
      "xg_avg": 3.1003403480092127,
      "hdc_avg": 8.2,
      "gs_avg": 4.190000000000001
    },
    "VAN": {
      "games_played": 5,
      "xg_sum": 18.06687186016303,
      "hdc_sum": 32.0,
      "gs_sum": 22.000000000000004,
      "xg_avg": 3.613374372032606,
      "hdc_avg": 6.4,
      "gs_avg": 4.4
    },
    "NYR": {
      "games_played": 5,
      "xg_sum": 14.814346975051112,
      "hdc_sum": 27.0,
      "gs_sum": 19.625000000000007,
      "xg_avg": 2.9628693950102223,
      "hdc_avg": 5.4,
      "gs_avg": 3.9250000000000016
    },
    "ANA": {
      "games_played": 5,
      "xg_sum": 14.316368001070604,
      "hdc_sum": 26.0,
      "gs_sum": 25.650000000000006,
      "xg_avg": 2.8632736002141206,
      "hdc_avg": 5.2,
      "gs_avg": 5.130000000000001
    },
    "MTL": {
      "games_played": 4,
      "xg_sum": 15.083246064663225,
      "hdc_sum": 23.0,
      "gs_sum": 18.550000000000004,
      "xg_avg": 3.7708115161658062,
      "hdc_avg": 5.75,
      "gs_avg": 4.637500000000001
    },
    "TBL": {
      "games_played": 4,
      "xg_sum": 12.633143586395313,
      "hdc_sum": 35.0,
      "gs_sum": 19.650000000000002,
      "xg_avg": 3.1582858965988283,
      "hdc_avg": 8.75,
      "gs_avg": 4.9125000000000005
    },
    "OTT": {
      "games_played": 5,
      "xg_sum": 14.385314859987503,
      "hdc_sum": 40.0,
      "gs_sum": 24.775000000000006,
      "xg_avg": 2.8770629719975007,
      "hdc_avg": 8.0,
      "gs_avg": 4.955000000000001
    },
    "CBJ": {
      "games_played": 4,
      "xg_sum": 9.4119081584375,
      "hdc_sum": 26.0,
      "gs_sum": 18.675000000000004,
      "xg_avg": 2.352977039609375,
      "hdc_avg": 6.5,
      "gs_avg": 4.668750000000001
    },
    "BOS": {
      "games_played": 5,
      "xg_sum": 12.843255605234999,
      "hdc_sum": 28.0,
      "gs_sum": 19.325000000000003,
      "xg_avg": 2.568651121047,
      "hdc_avg": 5.6,
      "gs_avg": 3.8650000000000007
    },
    "DAL": {
      "games_played": 4,
      "xg_sum": 12.727421936407621,
      "hdc_sum": 26.0,
      "gs_sum": 18.625,
      "xg_avg": 3.1818554841019053,
      "hdc_avg": 6.5,
      "gs_avg": 4.65625
    },
    "NSH": {
      "games_played": 4,
      "xg_sum": 13.307548639318854,
      "hdc_sum": 27.0,
      "gs_sum": 18.025000000000002,
      "xg_avg": 3.3268871598297136,
      "hdc_avg": 6.75,
      "gs_avg": 4.5062500000000005
    },
    "STL": {
      "games_played": 4,
      "xg_sum": 11.521840315421,
      "hdc_sum": 29.0,
      "gs_sum": 16.875000000000004,
      "xg_avg": 2.88046007885525,
      "hdc_avg": 7.25,
      "gs_avg": 4.218750000000001
    },
    "EDM": {
      "games_played": 4,
      "xg_sum": 14.438089125090002,
      "hdc_sum": 50.0,
      "gs_sum": 20.85,
      "xg_avg": 3.6095222812725005,
      "hdc_avg": 12.5,
      "gs_avg": 5.2125
    },
    "LAK": {
      "games_played": 3,
      "xg_sum": 10.770050784806003,
      "hdc_sum": 15.0,
      "gs_sum": 16.125000000000004,
      "xg_avg": 3.5900169282686676,
      "hdc_avg": 5.0,
      "gs_avg": 5.375000000000001
    },
    "DET": {
      "games_played": 4,
      "xg_sum": 13.74556910970755,
      "hdc_sum": 28.0,
      "gs_sum": 19.300000000000004,
      "xg_avg": 3.4363922774268874,
      "hdc_avg": 7.0,
      "gs_avg": 4.825000000000001
    },
    "UTA": {
      "games_played": 4,
      "xg_sum": 13.310520531075724,
      "hdc_sum": 29.0,
      "gs_sum": 16.850000000000005,
      "xg_avg": 3.327630132768931,
      "hdc_avg": 7.25,
      "gs_avg": 4.212500000000001
    }
  }
}