{
  "season": "2025-2026",
  "generated_at": "2026-01-26T04:09:35.956040",
  "total_games": 110,
  "teams": {
    "BUF": {
      "games_played": 4,
      "xg_sum": 9.587018930861937,
      "hdc_sum": 25.0,
      "gs_sum": 16.650000000000002,
      "xg_avg": 2.3967547327154843,
      "hdc_avg": 6.25,
      "gs_avg": 4.1625000000000005
    },
    "CAR": {
      "games_played": 3,
      "xg_sum": 10.2096489655978,
      "hdc_sum": 17.0,
      "gs_sum": 13.650000000000002,
      "xg_avg": 3.4032163218659335,
      "hdc_avg": 5.666666666666667,
      "gs_avg": 4.550000000000001
    },
    "WSH": {
      "games_played": 4,
      "xg_sum": 15.42867769495755,
      "hdc_sum": 40.0,
      "gs_sum": 17.950000000000003,
      "xg_avg": 3.8571694237393874,
      "hdc_avg": 10.0,
      "gs_avg": 4.487500000000001
    },
    "COL": {
      "games_played": 4,
      "xg_sum": 16.820487320180597,
      "hdc_sum": 34.0,
      "gs_sum": 23.800000000000004,
      "xg_avg": 4.205121830045149,
      "hdc_avg": 8.5,
      "gs_avg": 5.950000000000001
    },
    "PIT": {
      "games_played": 4,
      "xg_sum": 10.975329143737502,
      "hdc_sum": 28.0,
      "gs_sum": 22.025000000000002,
      "xg_avg": 2.7438322859343756,
      "hdc_avg": 7.0,
      "gs_avg": 5.5062500000000005
    },
    "SEA": {
      "games_played": 4,
      "xg_sum": 9.2692371427425,
      "hdc_sum": 30.0,
      "gs_sum": 14.900000000000002,
      "xg_avg": 2.317309285685625,
      "hdc_avg": 7.5,
      "gs_avg": 3.7250000000000005
    },
    "SJS": {
      "games_played": 3,
      "xg_sum": 9.269109997842026,
      "hdc_sum": 26.0,
      "gs_sum": 12.050000000000004,
      "xg_avg": 3.089703332614009,
      "hdc_avg": 8.666666666666666,
      "gs_avg": 4.016666666666668
    },
    "FLA": {
      "games_played": 4,
      "xg_sum": 11.683331107223252,
      "hdc_sum": 27.0,
      "gs_sum": 16.800000000000004,
      "xg_avg": 2.920832776805813,
      "hdc_avg": 6.75,
      "gs_avg": 4.200000000000001
    },
    "MIN": {
      "games_played": 4,
      "xg_sum": 12.623216441483253,
      "hdc_sum": 31.0,
      "gs_sum": 20.875000000000004,
      "xg_avg": 3.155804110370813,
      "hdc_avg": 7.75,
      "gs_avg": 5.218750000000001
    },
    "TOR": {
      "games_played": 4,
      "xg_sum": 13.174355336290859,
      "hdc_sum": 28.0,
      "gs_sum": 15.525000000000006,
      "xg_avg": 3.2935888340727146,
      "hdc_avg": 7.0,
      "gs_avg": 3.8812500000000014
    },
    "PHI": {
      "games_played": 3,
      "xg_sum": 8.519428626422004,
      "hdc_sum": 18.0,
      "gs_sum": 13.325,
      "xg_avg": 2.8398095421406677,
      "hdc_avg": 6.0,
      "gs_avg": 4.441666666666666
    },
    "VGK": {
      "games_played": 4,
      "xg_sum": 14.882122562807504,
      "hdc_sum": 28.0,
      "gs_sum": 17.875000000000004,
      "xg_avg": 3.720530640701876,
      "hdc_avg": 7.0,
      "gs_avg": 4.468750000000001
    },
    "WPG": {
      "games_played": 4,
      "xg_sum": 11.262218422918323,
      "hdc_sum": 21.0,
      "gs_sum": 11.525000000000002,
      "xg_avg": 2.815554605729581,
      "hdc_avg": 5.25,
      "gs_avg": 2.8812500000000005
    },
    "CHI": {
      "games_played": 4,
      "xg_sum": 9.475014540812499,
      "hdc_sum": 26.0,
      "gs_sum": 14.45,
      "xg_avg": 2.3687536352031247,
      "hdc_avg": 6.5,
      "gs_avg": 3.6125
    },
    "NJD": {
      "games_played": 4,
      "xg_sum": 11.482292630026091,
      "hdc_sum": 24.0,
      "gs_sum": 15.900000000000002,
      "xg_avg": 2.8705731575065228,
      "hdc_avg": 6.0,
      "gs_avg": 3.9750000000000005
    },
    "CGY": {
      "games_played": 4,
      "xg_sum": 11.539977993303904,
      "hdc_sum": 16.0,
      "gs_sum": 13.950000000000001,
      "xg_avg": 2.884994498325976,
      "hdc_avg": 4.0,
      "gs_avg": 3.4875000000000003
    },
    "NYI": {
      "games_played": 3,
      "xg_sum": 9.962699066997,
      "hdc_sum": 21.0,
      "gs_sum": 10.300000000000002,
      "xg_avg": 3.3208996889990003,
      "hdc_avg": 7.0,
      "gs_avg": 3.433333333333334
    },
    "VAN": {
      "games_played": 4,
      "xg_sum": 15.637364902205029,
      "hdc_sum": 26.0,
      "gs_sum": 19.075000000000003,
      "xg_avg": 3.909341225551257,
      "hdc_avg": 6.5,
      "gs_avg": 4.768750000000001
    },
    "NYR": {
      "games_played": 3,
      "xg_sum": 9.997927180765254,
      "hdc_sum": 17.0,
      "gs_sum": 11.725000000000003,
      "xg_avg": 3.332642393588418,
      "hdc_avg": 5.666666666666667,
      "gs_avg": 3.9083333333333345
    },
    "ANA": {
      "games_played": 4,
      "xg_sum": 10.842078167876855,
      "hdc_sum": 21.0,
      "gs_sum": 19.85,
      "xg_avg": 2.7105195419692136,
      "hdc_avg": 5.25,
      "gs_avg": 4.9625
    },
    "MTL": {
      "games_played": 3,
      "xg_sum": 10.914903693843275,
      "hdc_sum": 15.0,
      "gs_sum": 14.075000000000001,
      "xg_avg": 3.638301231281092,
      "hdc_avg": 5.0,
      "gs_avg": 4.691666666666667
    },
    "TBL": {
      "games_played": 3,
      "xg_sum": 9.621457501735964,
      "hdc_sum": 26.0,
      "gs_sum": 16.725,
      "xg_avg": 3.2071525005786548,
      "hdc_avg": 8.666666666666666,
      "gs_avg": 5.575
    },
    "OTT": {
      "games_played": 4,
      "xg_sum": 11.718185641850003,
      "hdc_sum": 30.0,
      "gs_sum": 19.075000000000006,
      "xg_avg": 2.9295464104625006,
      "hdc_avg": 7.5,
      "gs_avg": 4.768750000000002
    },
    "CBJ": {
      "games_played": 3,
      "xg_sum": 6.6657749939375,
      "hdc_sum": 16.0,
      "gs_sum": 12.775000000000002,
      "xg_avg": 2.221924997979167,
      "hdc_avg": 5.333333333333333,
      "gs_avg": 4.258333333333334
    },
    "BOS": {
      "games_played": 3,
      "xg_sum": 8.5286660557725,
      "hdc_sum": 16.0,
      "gs_sum": 11.675,
      "xg_avg": 2.8428886852575004,
      "hdc_avg": 5.333333333333333,
      "gs_avg": 3.891666666666667
    },
    "DAL": {
      "games_played": 3,
      "xg_sum": 9.374783904970121,
      "hdc_sum": 19.0,
      "gs_sum": 13.725,
      "xg_avg": 3.1249279683233735,
      "hdc_avg": 6.333333333333333,
      "gs_avg": 4.575
    },
    "NSH": {
      "games_played": 3,
      "xg_sum": 10.266203752768853,
      "hdc_sum": 21.0,
      "gs_sum": 14.475000000000001,
      "xg_avg": 3.4220679175896174,
      "hdc_avg": 7.0,
      "gs_avg": 4.825
    },
    "STL": {
      "games_played": 3,
      "xg_sum": 8.741333230464999,
      "hdc_sum": 17.0,
      "gs_sum": 12.250000000000004,
      "xg_avg": 2.913777743488333,
      "hdc_avg": 5.666666666666667,
      "gs_avg": 4.083333333333335
    },
    "EDM": {
      "games_played": 3,
      "xg_sum": 10.8449540661125,
      "hdc_sum": 39.0,
      "gs_sum": 13.575000000000003,
      "xg_avg": 3.614984688704167,
      "hdc_avg": 13.0,
      "gs_avg": 4.525000000000001
    },
    "LAK": {
      "games_played": 2,
      "xg_sum": 7.618884852502002,
      "hdc_sum": 8.0,
      "gs_sum": 12.200000000000001,
      "xg_avg": 3.809442426251001,
      "hdc_avg": 4.0,
      "gs_avg": 6.1000000000000005
    },
    "DET": {
      "games_played": 3,
      "xg_sum": 9.711806193020209,
      "hdc_sum": 27.0,
      "gs_sum": 16.125000000000004,
      "xg_avg": 3.2372687310067363,
      "hdc_avg": 9.0,
      "gs_avg": 5.375000000000001
    },
    "UTA": {
      "games_played": 2,
      "xg_sum": 6.27902352618,
      "hdc_sum": 16.0,
      "gs_sum": 11.200000000000003,
      "xg_avg": 3.13951176309,
      "hdc_avg": 8.0,
      "gs_avg": 5.600000000000001
    }
  }
}