{
  "season": "2025-2026",
  "generated_at": "2025-12-06T05:56:46.762292",
  "total_games": 58,
  "teams": {
    "VGK": {
      "games_played": 8,
      "xg_sum": 25.249950995116,
      "hdc_sum": 24.0,
      "gs_sum": 34.00000000000001,
      "xg_avg": 3.1562438743895,
      "hdc_avg": 3.0,
      "gs_avg": 4.250000000000001
    },
    "NJD": {
      "games_played": 8,
      "xg_sum": 20.4992164935,
      "hdc_sum": 16.0,
      "gs_sum": 21.599999999999998,
      "xg_avg": 2.5624020616875,
      "hdc_avg": 2.0,
      "gs_avg": 2.6999999999999997
    },
    "BUF": {
      "games_played": 8,
      "xg_sum": 34.76907220740001,
      "hdc_sum": 96.0,
      "gs_sum": 27.20000000000001,
      "xg_avg": 4.346134025925001,
      "hdc_avg": 12.0,
      "gs_avg": 3.4000000000000012
    },
    "WPG": {
      "games_played": 8,
      "xg_sum": 16.273951163899998,
      "hdc_sum": 40.0,
      "gs_sum": 34.600000000000016,
      "xg_avg": 2.0342438954874997,
      "hdc_avg": 5.0,
      "gs_avg": 4.325000000000002
    },
    "SJS": {
      "games_played": 7,
      "xg_sum": 13.434228188675,
      "hdc_sum": 49.0,
      "gs_sum": 16.44999999999999,
      "xg_avg": 1.919175455525,
      "hdc_avg": 7.0,
      "gs_avg": 2.3499999999999983
    },
    "DAL": {
      "games_played": 7,
      "xg_sum": 19.353789779712507,
      "hdc_sum": 7.0,
      "gs_sum": 29.750000000000004,
      "xg_avg": 2.764827111387501,
      "hdc_avg": 1.0,
      "gs_avg": 4.250000000000001
    },
    "UTA": {
      "games_played": 5,
      "xg_sum": 13.592312705437497,
      "hdc_sum": 25.0,
      "gs_sum": 20.250000000000004,
      "xg_avg": 2.7184625410874994,
      "hdc_avg": 5.0,
      "gs_avg": 4.050000000000001
    },
    "VAN": {
      "games_played": 5,
      "xg_sum": 23.34980377386226,
      "hdc_sum": 40.0,
      "gs_sum": 19.125,
      "xg_avg": 4.669960754772452,
      "hdc_avg": 8.0,
      "gs_avg": 3.825
    },
    "WSH": {
      "games_played": 1,
      "xg_sum": 3.8585533412478523,
      "hdc_sum": 6.0,
      "gs_sum": 4.749999999999999,
      "xg_avg": 3.8585533412478523,
      "hdc_avg": 6.0,
      "gs_avg": 4.749999999999999
    },
    "ANA": {
      "games_played": 1,
      "xg_sum": 4.346435074765002,
      "hdc_sum": 10.0,
      "gs_sum": 7.050000000000001,
      "xg_avg": 4.346435074765002,
      "hdc_avg": 10.0,
      "gs_avg": 7.050000000000001
    }
  }
}