{
  "season": "2025-2026",
  "generated_at": "2026-03-31T04:33:07.401270",
  "total_games": 296,
  "teams": {
    "SJS": {
      "games_played": 9,
      "xg_sum": 26.419057091240553,
      "hdc_sum": 60.0,
      "gs_sum": 35.35000000000001,
      "xg_avg": 2.935450787915617,
      "hdc_avg": 6.666666666666667,
      "gs_avg": 3.927777777777779
    },
    "BOS": {
      "games_played": 10,
      "xg_sum": 33.2940839432138,
      "hdc_sum": 104.0,
      "gs_sum": 49.125,
      "xg_avg": 3.32940839432138,
      "hdc_avg": 10.4,
      "gs_avg": 4.9125
    },
    "WSH": {
      "games_played": 8,
      "xg_sum": 24.4288960906874,
      "hdc_sum": 35.0,
      "gs_sum": 31.175000000000004,
      "xg_avg": 3.053612011335925,
      "hdc_avg": 4.375,
      "gs_avg": 3.8968750000000005
    },
    "BUF": {
      "games_played": 9,
      "xg_sum": 29.222002235192253,
      "hdc_sum": 71.0,
      "gs_sum": 42.175,
      "xg_avg": 3.2468891372435835,
      "hdc_avg": 7.888888888888889,
      "gs_avg": 4.686111111111111
    },
    "ANA": {
      "games_played": 9,
      "xg_sum": 31.558992560759016,
      "hdc_sum": 94.0,
      "gs_sum": 42.150000000000006,
      "xg_avg": 3.506554728973224,
      "hdc_avg": 10.444444444444445,
      "gs_avg": 4.683333333333334
    },
    "TOR": {
      "games_played": 9,
      "xg_sum": 21.692007359606077,
      "hdc_sum": 43.0,
      "gs_sum": 30.32500000000001,
      "xg_avg": 2.4102230399562306,
      "hdc_avg": 4.777777777777778,
      "gs_avg": 3.3694444444444454
    },
    "DET": {
      "games_played": 8,
      "xg_sum": 25.186776872353377,
      "hdc_sum": 42.0,
      "gs_sum": 33.400000000000006,
      "xg_avg": 3.148347109044172,
      "hdc_avg": 5.25,
      "gs_avg": 4.175000000000001
    },
    "TBL": {
      "games_played": 10,
      "xg_sum": 33.67833351593713,
      "hdc_sum": 77.0,
      "gs_sum": 52.95,
      "xg_avg": 3.3678333515937133,
      "hdc_avg": 7.7,
      "gs_avg": 5.295
    },
    "CBJ": {
      "games_played": 10,
      "xg_sum": 32.05052775938881,
      "hdc_sum": 98.0,
      "gs_sum": 42.600000000000016,
      "xg_avg": 3.2050527759388805,
      "hdc_avg": 9.8,
      "gs_avg": 4.260000000000002
    },
    "FLA": {
      "games_played": 9,
      "xg_sum": 29.050402132263002,
      "hdc_sum": 46.0,
      "gs_sum": 33.300000000000004,
      "xg_avg": 3.2278224591403335,
      "hdc_avg": 5.111111111111111,
      "gs_avg": 3.7000000000000006
    },
    "CGY": {
      "games_played": 10,
      "xg_sum": 26.447562970003688,
      "hdc_sum": 68.0,
      "gs_sum": 46.22500000000001,
      "xg_avg": 2.644756297000369,
      "hdc_avg": 6.8,
      "gs_avg": 4.6225000000000005
    },
    "NJD": {
      "games_played": 9,
      "xg_sum": 32.444975320508874,
      "hdc_sum": 93.0,
      "gs_sum": 50.400000000000006,
      "xg_avg": 3.6049972578343192,
      "hdc_avg": 10.333333333333334,
      "gs_avg": 5.6000000000000005
    },
    "STL": {
      "games_played": 8,
      "xg_sum": 23.08624040478665,
      "hdc_sum": 69.0,
      "gs_sum": 32.37500000000001,
      "xg_avg": 2.8857800505983313,
      "hdc_avg": 8.625,
      "gs_avg": 4.046875000000001
    },
    "CAR": {
      "games_played": 9,
      "xg_sum": 35.832094494936584,
      "hdc_sum": 64.0,
      "gs_sum": 46.95000000000001,
      "xg_avg": 3.9813438327707313,
      "hdc_avg": 7.111111111111111,
      "gs_avg": 5.216666666666668
    },
    "EDM": {
      "games_played": 9,
      "xg_sum": 27.460539922069984,
      "hdc_sum": 88.0,
      "gs_sum": 39.30000000000001,
      "xg_avg": 3.0511711024522206,
      "hdc_avg": 9.777777777777779,
      "gs_avg": 4.366666666666668
    },
    "DAL": {
      "games_played": 10,
      "xg_sum": 29.313474180885443,
      "hdc_sum": 63.0,
      "gs_sum": 39.0,
      "xg_avg": 2.9313474180885444,
      "hdc_avg": 6.3,
      "gs_avg": 3.9
    },
    "PHI": {
      "games_played": 9,
      "xg_sum": 31.929148530359004,
      "hdc_sum": 70.0,
      "gs_sum": 39.70000000000001,
      "xg_avg": 3.5476831700398894,
      "hdc_avg": 7.777777777777778,
      "gs_avg": 4.411111111111112
    },
    "MIN": {
      "games_played": 9,
      "xg_sum": 35.259107161060314,
      "hdc_sum": 66.0,
      "gs_sum": 39.87500000000001,
      "xg_avg": 3.917678573451146,
      "hdc_avg": 7.333333333333333,
      "gs_avg": 4.430555555555556
    },
    "NYR": {
      "games_played": 10,
      "xg_sum": 25.449445454616953,
      "hdc_sum": 50.0,
      "gs_sum": 39.900000000000006,
      "xg_avg": 2.5449445454616955,
      "hdc_avg": 5.0,
      "gs_avg": 3.9900000000000007
    },
    "WPG": {
      "games_played": 10,
      "xg_sum": 28.26727604444451,
      "hdc_sum": 56.0,
      "gs_sum": 42.57500000000001,
      "xg_avg": 2.826727604444451,
      "hdc_avg": 5.6,
      "gs_avg": 4.257500000000001
    },
    "CHI": {
      "games_played": 10,
      "xg_sum": 26.110773925437815,
      "hdc_sum": 67.0,
      "gs_sum": 32.37500000000001,
      "xg_avg": 2.6110773925437814,
      "hdc_avg": 6.7,
      "gs_avg": 3.2375000000000007
    },
    "UTA": {
      "games_played": 9,
      "xg_sum": 30.345571020997227,
      "hdc_sum": 90.0,
      "gs_sum": 44.00000000000001,
      "xg_avg": 3.371730113444136,
      "hdc_avg": 10.0,
      "gs_avg": 4.888888888888889
    },
    "NSH": {
      "games_played": 10,
      "xg_sum": 29.281117202080782,
      "hdc_sum": 67.0,
      "gs_sum": 38.25,
      "xg_avg": 2.9281117202080784,
      "hdc_avg": 6.7,
      "gs_avg": 3.825
    },
    "VAN": {
      "games_played": 8,
      "xg_sum": 23.019046814250455,
      "hdc_sum": 39.0,
      "gs_sum": 30.025000000000006,
      "xg_avg": 2.877380851781307,
      "hdc_avg": 4.875,
      "gs_avg": 3.7531250000000007
    },
    "PIT": {
      "games_played": 10,
      "xg_sum": 34.18763988285769,
      "hdc_sum": 98.0,
      "gs_sum": 51.07500000000001,
      "xg_avg": 3.418763988285769,
      "hdc_avg": 9.8,
      "gs_avg": 5.107500000000001
    },
    "VGK": {
      "games_played": 9,
      "xg_sum": 31.4352928398716,
      "hdc_sum": 52.0,
      "gs_sum": 34.9,
      "xg_avg": 3.492810315541289,
      "hdc_avg": 5.777777777777778,
      "gs_avg": 3.8777777777777778
    },
    "COL": {
      "games_played": 10,
      "xg_sum": 38.80915893018693,
      "hdc_sum": 73.0,
      "gs_sum": 53.425000000000004,
      "xg_avg": 3.880915893018693,
      "hdc_avg": 7.3,
      "gs_avg": 5.3425
    },
    "SEA": {
      "games_played": 9,
      "xg_sum": 23.44995455820393,
      "hdc_sum": 60.0,
      "gs_sum": 36.550000000000004,
      "xg_avg": 2.6055505064671034,
      "hdc_avg": 6.666666666666667,
      "gs_avg": 4.061111111111112
    },
    "LAK": {
      "games_played": 9,
      "xg_sum": 29.468867270745786,
      "hdc_sum": 60.0,
      "gs_sum": 42.75000000000001,
      "xg_avg": 3.2743185856384205,
      "hdc_avg": 6.666666666666667,
      "gs_avg": 4.750000000000001
    },
    "NYI": {
      "games_played": 10,
      "xg_sum": 33.02051925897409,
      "hdc_sum": 103.0,
      "gs_sum": 43.12500000000001,
      "xg_avg": 3.302051925897409,
      "hdc_avg": 10.3,
      "gs_avg": 4.312500000000001
    },
    "OTT": {
      "games_played": 9,
      "xg_sum": 32.681025512218376,
      "hdc_sum": 80.0,
      "gs_sum": 40.82500000000001,
      "xg_avg": 3.631225056913153,
      "hdc_avg": 8.88888888888889,
      "gs_avg": 4.536111111111112
    },
    "MTL": {
      "games_played": 9,
      "xg_sum": 33.28537489041225,
      "hdc_sum": 60.0,
      "gs_sum": 40.500000000000014,
      "xg_avg": 3.698374987823583,
      "hdc_avg": 6.666666666666667,
      "gs_avg": 4.500000000000002
    }
  }
}