{
  "season": "2025-2026",
  "generated_at": "2025-12-21T05:48:07.648537",
  "total_games": 398,
  "teams": {
    "VGK": {
      "games_played": 24,
      "xg_sum": 78.52206118115177,
      "hdc_sum": 99.0,
      "gs_sum": 104.42500000000001,
      "xg_avg": 3.271752549214657,
      "hdc_avg": 4.125,
      "gs_avg": 4.351041666666667
    },
    "NJD": {
      "games_played": 25,
      "xg_sum": 70.02941309535915,
      "hdc_sum": 89.0,
      "gs_sum": 78.97500000000002,
      "xg_avg": 2.801176523814366,
      "hdc_avg": 3.56,
      "gs_avg": 3.1590000000000007
    },
    "BUF": {
      "games_played": 23,
      "xg_sum": 91.05361917460503,
      "hdc_sum": 247.0,
      "gs_sum": 85.17500000000001,
      "xg_avg": 3.958853007591523,
      "hdc_avg": 10.73913043478261,
      "gs_avg": 3.703260869565218
    },
    "WPG": {
      "games_played": 24,
      "xg_sum": 56.996347374047986,
      "hdc_sum": 114.0,
      "gs_sum": 100.77500000000005,
      "xg_avg": 2.3748478072519994,
      "hdc_avg": 4.75,
      "gs_avg": 4.198958333333335
    },
    "SJS": {
      "games_played": 23,
      "xg_sum": 55.424500353050874,
      "hdc_sum": 182.0,
      "gs_sum": 72.44999999999997,
      "xg_avg": 2.409760884915255,
      "hdc_avg": 7.913043478260869,
      "gs_avg": 3.149999999999999
    },
    "DAL": {
      "games_played": 23,
      "xg_sum": 64.28317020665085,
      "hdc_sum": 62.0,
      "gs_sum": 99.40000000000002,
      "xg_avg": 2.7949204437674284,
      "hdc_avg": 2.6956521739130435,
      "gs_avg": 4.321739130434784
    },
    "UTA": {
      "games_played": 22,
      "xg_sum": 67.88020990830485,
      "hdc_sum": 130.0,
      "gs_sum": 92.52499999999998,
      "xg_avg": 3.0854640867411294,
      "hdc_avg": 5.909090909090909,
      "gs_avg": 4.205681818181817
    },
    "VAN": {
      "games_played": 21,
      "xg_sum": 86.27121658315302,
      "hdc_sum": 146.0,
      "gs_sum": 83.0,
      "xg_avg": 4.108153170626334,
      "hdc_avg": 6.9523809523809526,
      "gs_avg": 3.9523809523809526
    },
    "WSH": {
      "games_played": 16,
      "xg_sum": 57.32954217135063,
      "hdc_sum": 100.0,
      "gs_sum": 69.3,
      "xg_avg": 3.5830963857094145,
      "hdc_avg": 6.25,
      "gs_avg": 4.33125
    },
    "ANA": {
      "games_played": 18,
      "xg_sum": 71.65711116350643,
      "hdc_sum": 157.0,
      "gs_sum": 111.0,
      "xg_avg": 3.9809506201948017,
      "hdc_avg": 8.722222222222221,
      "gs_avg": 6.166666666666667
    },
    "COL": {
      "games_played": 10,
      "xg_sum": 38.848842123946135,
      "hdc_sum": 109.0,
      "gs_sum": 59.32500000000001,
      "xg_avg": 3.8848842123946135,
      "hdc_avg": 10.9,
      "gs_avg": 5.932500000000001
    },
    "NYR": {
      "games_played": 11,
      "xg_sum": 31.478426043979187,
      "hdc_sum": 53.0,
      "gs_sum": 41.4,
      "xg_avg": 2.861675094907199,
      "hdc_avg": 4.818181818181818,
      "gs_avg": 3.7636363636363637
    },
    "CBJ": {
      "games_played": 8,
      "xg_sum": 22.9678926841556,
      "hdc_sum": 56.0,
      "gs_sum": 35.575,
      "xg_avg": 2.87098658551945,
      "hdc_avg": 7.0,
      "gs_avg": 4.446875
    },
    "FLA": {
      "games_played": 9,
      "xg_sum": 29.84987434533798,
      "hdc_sum": 61.0,
      "gs_sum": 47.12500000000001,
      "xg_avg": 3.316652705037553,
      "hdc_avg": 6.777777777777778,
      "gs_avg": 5.236111111111112
    },
    "BOS": {
      "games_played": 7,
      "xg_sum": 21.267657326367,
      "hdc_sum": 52.0,
      "gs_sum": 34.575,
      "xg_avg": 3.0382367609095717,
      "hdc_avg": 7.428571428571429,
      "gs_avg": 4.939285714285715
    },
    "MTL": {
      "games_played": 9,
      "xg_sum": 29.295787703347564,
      "hdc_sum": 55.0,
      "gs_sum": 38.225,
      "xg_avg": 3.2550875225941738,
      "hdc_avg": 6.111111111111111,
      "gs_avg": 4.247222222222223
    },
    "TOR": {
      "games_played": 7,
      "xg_sum": 17.85947724643086,
      "hdc_sum": 37.0,
      "gs_sum": 25.050000000000004,
      "xg_avg": 2.5513538923472656,
      "hdc_avg": 5.285714285714286,
      "gs_avg": 3.578571428571429
    },
    "STL": {
      "games_played": 9,
      "xg_sum": 22.519046274279045,
      "hdc_sum": 65.0,
      "gs_sum": 31.82500000000001,
      "xg_avg": 2.5021162526976717,
      "hdc_avg": 7.222222222222222,
      "gs_avg": 3.5361111111111123
    },
    "OTT": {
      "games_played": 7,
      "xg_sum": 26.779972594242217,
      "hdc_sum": 77.0,
      "gs_sum": 37.60000000000001,
      "xg_avg": 3.825710370606031,
      "hdc_avg": 11.0,
      "gs_avg": 5.371428571428573
    },
    "NYI": {
      "games_played": 8,
      "xg_sum": 21.205647450810623,
      "hdc_sum": 63.0,
      "gs_sum": 32.875,
      "xg_avg": 2.650705931351328,
      "hdc_avg": 7.875,
      "gs_avg": 4.109375
    },
    "TBL": {
      "games_played": 8,
      "xg_sum": 28.97843051313955,
      "hdc_sum": 79.0,
      "gs_sum": 38.575,
      "xg_avg": 3.6223038141424437,
      "hdc_avg": 9.875,
      "gs_avg": 4.821875
    },
    "NSH": {
      "games_played": 7,
      "xg_sum": 21.49256159762188,
      "hdc_sum": 59.0,
      "gs_sum": 33.4,
      "xg_avg": 3.0703659425174115,
      "hdc_avg": 8.428571428571429,
      "gs_avg": 4.771428571428571
    },
    "CAR": {
      "games_played": 9,
      "xg_sum": 34.31813546399563,
      "hdc_sum": 67.0,
      "gs_sum": 48.02500000000001,
      "xg_avg": 3.8131261626661814,
      "hdc_avg": 7.444444444444445,
      "gs_avg": 5.336111111111112
    },
    "CGY": {
      "games_played": 7,
      "xg_sum": 23.980144883840982,
      "hdc_sum": 45.0,
      "gs_sum": 38.12500000000001,
      "xg_avg": 3.4257349834058544,
      "hdc_avg": 6.428571428571429,
      "gs_avg": 5.446428571428572
    },
    "CHI": {
      "games_played": 8,
      "xg_sum": 15.466895858406003,
      "hdc_sum": 35.0,
      "gs_sum": 23.75,
      "xg_avg": 1.9333619823007504,
      "hdc_avg": 4.375,
      "gs_avg": 2.96875
    },
    "LAK": {
      "games_played": 7,
      "xg_sum": 21.89507763569694,
      "hdc_sum": 41.0,
      "gs_sum": 26.525000000000002,
      "xg_avg": 3.1278682336709913,
      "hdc_avg": 5.857142857142857,
      "gs_avg": 3.7892857142857146
    },
    "EDM": {
      "games_played": 8,
      "xg_sum": 26.70273342728336,
      "hdc_sum": 79.0,
      "gs_sum": 39.699999999999996,
      "xg_avg": 3.33784167841042,
      "hdc_avg": 9.875,
      "gs_avg": 4.9624999999999995
    },
    "DET": {
      "games_played": 8,
      "xg_sum": 26.54592604309932,
      "hdc_sum": 60.0,
      "gs_sum": 36.175000000000004,
      "xg_avg": 3.318240755387415,
      "hdc_avg": 7.5,
      "gs_avg": 4.5218750000000005
    },
    "SEA": {
      "games_played": 8,
      "xg_sum": 27.55549559452447,
      "hdc_sum": 63.0,
      "gs_sum": 33.425000000000004,
      "xg_avg": 3.4444369493155587,
      "hdc_avg": 7.875,
      "gs_avg": 4.1781250000000005
    },
    "MIN": {
      "games_played": 8,
      "xg_sum": 26.600748210054654,
      "hdc_sum": 63.0,
      "gs_sum": 43.425000000000004,
      "xg_avg": 3.3250935262568317,
      "hdc_avg": 7.875,
      "gs_avg": 5.4281250000000005
    },
    "PHI": {
      "games_played": 8,
      "xg_sum": 23.8260763464429,
      "hdc_sum": 50.0,
      "gs_sum": 32.425000000000004,
      "xg_avg": 2.9782595433053625,
      "hdc_avg": 6.25,
      "gs_avg": 4.0531250000000005
    },
    "PIT": {
      "games_played": 8,
      "xg_sum": 29.018895816124783,
      "hdc_sum": 95.0,
      "gs_sum": 36.45,
      "xg_avg": 3.627361977015598,
      "hdc_avg": 11.875,
      "gs_avg": 4.55625
    }
  }
}