{
  "season": "2025-2026",
  "generated_at": "2026-01-03T23:13:38.410302",
  "total_games": 562,
  "teams": {
    "VGK": {
      "games_played": 29,
      "xg_sum": 94.81462036523627,
      "hdc_sum": 119.0,
      "gs_sum": 129.15000000000003,
      "xg_avg": 3.2694696677667676,
      "hdc_avg": 4.103448275862069,
      "gs_avg": 4.45344827586207
    },
    "NJD": {
      "games_played": 31,
      "xg_sum": 91.77817275363275,
      "hdc_sum": 136.0,
      "gs_sum": 101.75000000000004,
      "xg_avg": 2.9605862178591207,
      "hdc_avg": 4.387096774193548,
      "gs_avg": 3.2822580645161303
    },
    "BUF": {
      "games_played": 28,
      "xg_sum": 104.50400702981216,
      "hdc_sum": 281.0,
      "gs_sum": 107.525,
      "xg_avg": 3.7322859653504343,
      "hdc_avg": 10.035714285714286,
      "gs_avg": 3.8401785714285714
    },
    "WPG": {
      "games_played": 29,
      "xg_sum": 73.43448324855493,
      "hdc_sum": 142.0,
      "gs_sum": 127.30000000000005,
      "xg_avg": 2.5322235602949976,
      "hdc_avg": 4.896551724137931,
      "gs_avg": 4.389655172413795
    },
    "SJS": {
      "games_played": 26,
      "xg_sum": 63.98174531546725,
      "hdc_sum": 211.0,
      "gs_sum": 86.67499999999997,
      "xg_avg": 2.460836358287202,
      "hdc_avg": 8.115384615384615,
      "gs_avg": 3.3336538461538447
    },
    "DAL": {
      "games_played": 28,
      "xg_sum": 80.13830441686086,
      "hdc_sum": 97.0,
      "gs_sum": 122.27500000000003,
      "xg_avg": 2.862082300602174,
      "hdc_avg": 3.4642857142857144,
      "gs_avg": 4.366964285714287
    },
    "UTA": {
      "games_played": 27,
      "xg_sum": 83.84008426548836,
      "hdc_sum": 166.0,
      "gs_sum": 115.32499999999997,
      "xg_avg": 3.1051883061291985,
      "hdc_avg": 6.148148148148148,
      "gs_avg": 4.2712962962962955
    },
    "VAN": {
      "games_played": 26,
      "xg_sum": 101.5073404834909,
      "hdc_sum": 171.0,
      "gs_sum": 104.425,
      "xg_avg": 3.9041284801342657,
      "hdc_avg": 6.576923076923077,
      "gs_avg": 4.016346153846154
    },
    "WSH": {
      "games_played": 21,
      "xg_sum": 74.71495083128374,
      "hdc_sum": 141.0,
      "gs_sum": 91.075,
      "xg_avg": 3.557854801489702,
      "hdc_avg": 6.714285714285714,
      "gs_avg": 4.336904761904762
    },
    "ANA": {
      "games_played": 24,
      "xg_sum": 93.77863666617192,
      "hdc_sum": 228.0,
      "gs_sum": 134.65,
      "xg_avg": 3.90744319442383,
      "hdc_avg": 9.5,
      "gs_avg": 5.610416666666667
    },
    "COL": {
      "games_played": 14,
      "xg_sum": 53.999914606446104,
      "hdc_sum": 147.0,
      "gs_sum": 84.275,
      "xg_avg": 3.857136757603293,
      "hdc_avg": 10.5,
      "gs_avg": 6.019642857142857
    },
    "NYR": {
      "games_played": 16,
      "xg_sum": 45.26620578634309,
      "hdc_sum": 81.0,
      "gs_sum": 60.475,
      "xg_avg": 2.8291378616464433,
      "hdc_avg": 5.0625,
      "gs_avg": 3.7796875
    },
    "CBJ": {
      "games_played": 12,
      "xg_sum": 37.93521747528393,
      "hdc_sum": 96.0,
      "gs_sum": 55.400000000000006,
      "xg_avg": 3.1612681229403274,
      "hdc_avg": 8.0,
      "gs_avg": 4.616666666666667
    },
    "FLA": {
      "games_played": 14,
      "xg_sum": 47.383264993365856,
      "hdc_sum": 98.0,
      "gs_sum": 68.05000000000001,
      "xg_avg": 3.384518928097561,
      "hdc_avg": 7.0,
      "gs_avg": 4.860714285714287
    },
    "BOS": {
      "games_played": 11,
      "xg_sum": 32.440455113419496,
      "hdc_sum": 75.0,
      "gs_sum": 44.95000000000001,
      "xg_avg": 2.949132283038136,
      "hdc_avg": 6.818181818181818,
      "gs_avg": 4.086363636363637
    },
    "MTL": {
      "games_played": 14,
      "xg_sum": 47.73830399698307,
      "hdc_sum": 81.0,
      "gs_sum": 66.125,
      "xg_avg": 3.4098788569273624,
      "hdc_avg": 5.785714285714286,
      "gs_avg": 4.723214285714286
    },
    "TOR": {
      "games_played": 15,
      "xg_sum": 41.04086602690766,
      "hdc_sum": 98.0,
      "gs_sum": 68.97500000000002,
      "xg_avg": 2.736057735127177,
      "hdc_avg": 6.533333333333333,
      "gs_avg": 4.5983333333333345
    },
    "STL": {
      "games_played": 13,
      "xg_sum": 32.809862184901846,
      "hdc_sum": 93.0,
      "gs_sum": 45.25000000000001,
      "xg_avg": 2.5238355526847576,
      "hdc_avg": 7.153846153846154,
      "gs_avg": 3.4807692307692313
    },
    "OTT": {
      "games_played": 12,
      "xg_sum": 43.71317519056232,
      "hdc_sum": 122.0,
      "gs_sum": 60.275000000000006,
      "xg_avg": 3.6427645992135265,
      "hdc_avg": 10.166666666666666,
      "gs_avg": 5.022916666666667
    },
    "NYI": {
      "games_played": 14,
      "xg_sum": 41.15767959682468,
      "hdc_sum": 118.0,
      "gs_sum": 56.15000000000001,
      "xg_avg": 2.9398342569160483,
      "hdc_avg": 8.428571428571429,
      "gs_avg": 4.010714285714287
    },
    "TBL": {
      "games_played": 12,
      "xg_sum": 41.517443474059206,
      "hdc_sum": 115.0,
      "gs_sum": 55.650000000000006,
      "xg_avg": 3.4597869561716004,
      "hdc_avg": 9.583333333333334,
      "gs_avg": 4.6375
    },
    "NSH": {
      "games_played": 12,
      "xg_sum": 38.08345630567163,
      "hdc_sum": 89.0,
      "gs_sum": 54.75000000000001,
      "xg_avg": 3.173621358805969,
      "hdc_avg": 7.416666666666667,
      "gs_avg": 4.562500000000001
    },
    "CAR": {
      "games_played": 14,
      "xg_sum": 52.35517094384601,
      "hdc_sum": 98.0,
      "gs_sum": 72.27500000000002,
      "xg_avg": 3.7396550674175724,
      "hdc_avg": 7.0,
      "gs_avg": 5.162500000000001
    },
    "CGY": {
      "games_played": 10,
      "xg_sum": 33.12125984060701,
      "hdc_sum": 62.0,
      "gs_sum": 47.275000000000006,
      "xg_avg": 3.312125984060701,
      "hdc_avg": 6.2,
      "gs_avg": 4.727500000000001
    },
    "CHI": {
      "games_played": 15,
      "xg_sum": 36.593405461861884,
      "hdc_sum": 79.0,
      "gs_sum": 52.525000000000006,
      "xg_avg": 2.4395603641241257,
      "hdc_avg": 5.266666666666667,
      "gs_avg": 3.501666666666667
    },
    "LAK": {
      "games_played": 12,
      "xg_sum": 36.76440194540314,
      "hdc_sum": 55.0,
      "gs_sum": 46.974999999999994,
      "xg_avg": 3.063700162116928,
      "hdc_avg": 4.583333333333333,
      "gs_avg": 3.914583333333333
    },
    "EDM": {
      "games_played": 13,
      "xg_sum": 44.59556006136574,
      "hdc_sum": 130.0,
      "gs_sum": 60.650000000000006,
      "xg_avg": 3.4304276970281338,
      "hdc_avg": 10.0,
      "gs_avg": 4.665384615384616
    },
    "DET": {
      "games_played": 14,
      "xg_sum": 41.34973397268707,
      "hdc_sum": 91.0,
      "gs_sum": 59.650000000000006,
      "xg_avg": 2.953552426620505,
      "hdc_avg": 6.5,
      "gs_avg": 4.260714285714286
    },
    "SEA": {
      "games_played": 16,
      "xg_sum": 48.08422631731244,
      "hdc_sum": 117.0,
      "gs_sum": 67.47500000000001,
      "xg_avg": 3.0052641448320276,
      "hdc_avg": 7.3125,
      "gs_avg": 4.2171875000000005
    },
    "MIN": {
      "games_played": 13,
      "xg_sum": 42.82387258298361,
      "hdc_sum": 99.0,
      "gs_sum": 66.92500000000001,
      "xg_avg": 3.2941440448448933,
      "hdc_avg": 7.615384615384615,
      "gs_avg": 5.148076923076924
    },
    "PHI": {
      "games_played": 13,
      "xg_sum": 41.135645724618854,
      "hdc_sum": 80.0,
      "gs_sum": 59.650000000000006,
      "xg_avg": 3.1642804403552964,
      "hdc_avg": 6.153846153846154,
      "gs_avg": 4.588461538461539
    },
    "PIT": {
      "games_played": 14,
      "xg_sum": 48.324413374176785,
      "hdc_sum": 156.0,
      "gs_sum": 70.75,
      "xg_avg": 3.4517438124411988,
      "hdc_avg": 11.142857142857142,
      "gs_avg": 5.053571428571429
    }
  }
}