{
  "season": "2025-2026",
  "generated_at": "2026-03-29T06:01:56.602342",
  "total_games": 280,
  "teams": {
    "SJS": {
      "games_played": 9,
      "xg_sum": 26.419057091240553,
      "hdc_sum": 60.0,
      "gs_sum": 35.35000000000001,
      "xg_avg": 2.935450787915617,
      "hdc_avg": 6.666666666666667,
      "gs_avg": 3.927777777777779
    },
    "BOS": {
      "games_played": 9,
      "xg_sum": 27.0008541827935,
      "hdc_sum": 92.0,
      "gs_sum": 42.025,
      "xg_avg": 3.000094909199278,
      "hdc_avg": 10.222222222222221,
      "gs_avg": 4.669444444444444
    },
    "WSH": {
      "games_played": 8,
      "xg_sum": 24.4288960906874,
      "hdc_sum": 35.0,
      "gs_sum": 31.175000000000004,
      "xg_avg": 3.053612011335925,
      "hdc_avg": 4.375,
      "gs_avg": 3.8968750000000005
    },
    "BUF": {
      "games_played": 9,
      "xg_sum": 29.222002235192253,
      "hdc_sum": 71.0,
      "gs_sum": 42.175,
      "xg_avg": 3.2468891372435835,
      "hdc_avg": 7.888888888888889,
      "gs_avg": 4.686111111111111
    },
    "ANA": {
      "games_played": 9,
      "xg_sum": 31.558992560759016,
      "hdc_sum": 94.0,
      "gs_sum": 42.150000000000006,
      "xg_avg": 3.506554728973224,
      "hdc_avg": 10.444444444444445,
      "gs_avg": 4.683333333333334
    },
    "TOR": {
      "games_played": 9,
      "xg_sum": 21.692007359606077,
      "hdc_sum": 43.0,
      "gs_sum": 30.32500000000001,
      "xg_avg": 2.4102230399562306,
      "hdc_avg": 4.777777777777778,
      "gs_avg": 3.3694444444444454
    },
    "DET": {
      "games_played": 8,
      "xg_sum": 25.186776872353377,
      "hdc_sum": 42.0,
      "gs_sum": 33.400000000000006,
      "xg_avg": 3.148347109044172,
      "hdc_avg": 5.25,
      "gs_avg": 4.175000000000001
    },
    "TBL": {
      "games_played": 9,
      "xg_sum": 30.35002899938713,
      "hdc_sum": 69.0,
      "gs_sum": 48.925000000000004,
      "xg_avg": 3.372225444376348,
      "hdc_avg": 7.666666666666667,
      "gs_avg": 5.436111111111112
    },
    "CBJ": {
      "games_played": 9,
      "xg_sum": 28.806611699776305,
      "hdc_sum": 83.0,
      "gs_sum": 38.17500000000001,
      "xg_avg": 3.2007346333084783,
      "hdc_avg": 9.222222222222221,
      "gs_avg": 4.241666666666668
    },
    "FLA": {
      "games_played": 8,
      "xg_sum": 25.162766693698003,
      "hdc_sum": 33.0,
      "gs_sum": 29.700000000000006,
      "xg_avg": 3.1453458367122504,
      "hdc_avg": 4.125,
      "gs_avg": 3.712500000000001
    },
    "CGY": {
      "games_played": 9,
      "xg_sum": 23.067689954303688,
      "hdc_sum": 59.0,
      "gs_sum": 42.650000000000006,
      "xg_avg": 2.5630766615892986,
      "hdc_avg": 6.555555555555555,
      "gs_avg": 4.73888888888889
    },
    "NJD": {
      "games_played": 8,
      "xg_sum": 26.411596588078872,
      "hdc_sum": 78.0,
      "gs_sum": 43.37500000000001,
      "xg_avg": 3.301449573509859,
      "hdc_avg": 9.75,
      "gs_avg": 5.421875000000001
    },
    "STL": {
      "games_played": 8,
      "xg_sum": 23.08624040478665,
      "hdc_sum": 69.0,
      "gs_sum": 32.37500000000001,
      "xg_avg": 2.8857800505983313,
      "hdc_avg": 8.625,
      "gs_avg": 4.046875000000001
    },
    "CAR": {
      "games_played": 8,
      "xg_sum": 30.5827651556984,
      "hdc_sum": 54.0,
      "gs_sum": 42.60000000000001,
      "xg_avg": 3.8228456444623,
      "hdc_avg": 6.75,
      "gs_avg": 5.325000000000001
    },
    "EDM": {
      "games_played": 9,
      "xg_sum": 27.460539922069984,
      "hdc_sum": 88.0,
      "gs_sum": 39.30000000000001,
      "xg_avg": 3.0511711024522206,
      "hdc_avg": 9.777777777777779,
      "gs_avg": 4.366666666666668
    },
    "DAL": {
      "games_played": 9,
      "xg_sum": 26.850129278935444,
      "hdc_sum": 58.0,
      "gs_sum": 36.875,
      "xg_avg": 2.983347697659494,
      "hdc_avg": 6.444444444444445,
      "gs_avg": 4.097222222222222
    },
    "PHI": {
      "games_played": 8,
      "xg_sum": 28.999258300934006,
      "hdc_sum": 63.0,
      "gs_sum": 36.10000000000001,
      "xg_avg": 3.6249072876167507,
      "hdc_avg": 7.875,
      "gs_avg": 4.512500000000001
    },
    "MIN": {
      "games_played": 9,
      "xg_sum": 35.259107161060314,
      "hdc_sum": 66.0,
      "gs_sum": 39.87500000000001,
      "xg_avg": 3.917678573451146,
      "hdc_avg": 7.333333333333333,
      "gs_avg": 4.430555555555556
    },
    "NYR": {
      "games_played": 9,
      "xg_sum": 23.793771291069454,
      "hdc_sum": 47.0,
      "gs_sum": 36.300000000000004,
      "xg_avg": 2.6437523656743838,
      "hdc_avg": 5.222222222222222,
      "gs_avg": 4.033333333333334
    },
    "WPG": {
      "games_played": 10,
      "xg_sum": 28.26727604444451,
      "hdc_sum": 56.0,
      "gs_sum": 42.57500000000001,
      "xg_avg": 2.826727604444451,
      "hdc_avg": 5.6,
      "gs_avg": 4.257500000000001
    },
    "CHI": {
      "games_played": 9,
      "xg_sum": 22.294026016587814,
      "hdc_sum": 63.0,
      "gs_sum": 27.575000000000006,
      "xg_avg": 2.4771140018430904,
      "hdc_avg": 7.0,
      "gs_avg": 3.0638888888888896
    },
    "UTA": {
      "games_played": 9,
      "xg_sum": 30.345571020997227,
      "hdc_sum": 90.0,
      "gs_sum": 44.00000000000001,
      "xg_avg": 3.371730113444136,
      "hdc_avg": 10.0,
      "gs_avg": 4.888888888888889
    },
    "NSH": {
      "games_played": 9,
      "xg_sum": 26.12592250484328,
      "hdc_sum": 62.0,
      "gs_sum": 34.475,
      "xg_avg": 2.90288027831592,
      "hdc_avg": 6.888888888888889,
      "gs_avg": 3.8305555555555557
    },
    "VAN": {
      "games_played": 8,
      "xg_sum": 23.019046814250455,
      "hdc_sum": 39.0,
      "gs_sum": 30.025000000000006,
      "xg_avg": 2.877380851781307,
      "hdc_avg": 4.875,
      "gs_avg": 3.7531250000000007
    },
    "PIT": {
      "games_played": 9,
      "xg_sum": 29.78185627097019,
      "hdc_sum": 89.0,
      "gs_sum": 43.25000000000001,
      "xg_avg": 3.30909514121891,
      "hdc_avg": 9.88888888888889,
      "gs_avg": 4.805555555555556
    },
    "VGK": {
      "games_played": 9,
      "xg_sum": 31.4352928398716,
      "hdc_sum": 52.0,
      "gs_sum": 34.9,
      "xg_avg": 3.492810315541289,
      "hdc_avg": 5.777777777777778,
      "gs_avg": 3.8777777777777778
    },
    "COL": {
      "games_played": 9,
      "xg_sum": 33.30537314710498,
      "hdc_sum": 71.0,
      "gs_sum": 43.025000000000006,
      "xg_avg": 3.700597016344998,
      "hdc_avg": 7.888888888888889,
      "gs_avg": 4.780555555555556
    },
    "SEA": {
      "games_played": 9,
      "xg_sum": 23.44995455820393,
      "hdc_sum": 60.0,
      "gs_sum": 36.550000000000004,
      "xg_avg": 2.6055505064671034,
      "hdc_avg": 6.666666666666667,
      "gs_avg": 4.061111111111112
    },
    "LAK": {
      "games_played": 9,
      "xg_sum": 29.468867270745786,
      "hdc_sum": 60.0,
      "gs_sum": 42.75000000000001,
      "xg_avg": 3.2743185856384205,
      "hdc_avg": 6.666666666666667,
      "gs_avg": 4.750000000000001
    },
    "NYI": {
      "games_played": 9,
      "xg_sum": 30.403488634117842,
      "hdc_sum": 98.0,
      "gs_sum": 38.925000000000004,
      "xg_avg": 3.3781654037908715,
      "hdc_avg": 10.88888888888889,
      "gs_avg": 4.325
    },
    "OTT": {
      "games_played": 9,
      "xg_sum": 32.681025512218376,
      "hdc_sum": 80.0,
      "gs_sum": 40.82500000000001,
      "xg_avg": 3.631225056913153,
      "hdc_avg": 8.88888888888889,
      "gs_avg": 4.536111111111112
    },
    "MTL": {
      "games_played": 8,
      "xg_sum": 29.88919791673535,
      "hdc_sum": 53.0,
      "gs_sum": 36.92500000000001,
      "xg_avg": 3.7361497395919185,
      "hdc_avg": 6.625,
      "gs_avg": 4.615625000000001
    }
  }
}