{
  "season": "2025-2026",
  "generated_at": "2026-03-22T04:07:06.229700",
  "total_games": 164,
  "teams": {
    "SJS": {
      "games_played": 6,
      "xg_sum": 16.279940362054752,
      "hdc_sum": 43.0,
      "gs_sum": 22.300000000000004,
      "xg_avg": 2.713323393675792,
      "hdc_avg": 7.166666666666667,
      "gs_avg": 3.7166666666666672
    },
    "BOS": {
      "games_played": 6,
      "xg_sum": 19.9851117892019,
      "hdc_sum": 68.0,
      "gs_sum": 28.225,
      "xg_avg": 3.330851964866983,
      "hdc_avg": 11.333333333333334,
      "gs_avg": 4.704166666666667
    },
    "WSH": {
      "games_played": 4,
      "xg_sum": 14.251131528907301,
      "hdc_sum": 19.0,
      "gs_sum": 15.650000000000006,
      "xg_avg": 3.5627828822268253,
      "hdc_avg": 4.75,
      "gs_avg": 3.9125000000000014
    },
    "BUF": {
      "games_played": 5,
      "xg_sum": 15.314710507415953,
      "hdc_sum": 41.0,
      "gs_sum": 22.925000000000004,
      "xg_avg": 3.0629421014831903,
      "hdc_avg": 8.2,
      "gs_avg": 4.585000000000001
    },
    "ANA": {
      "games_played": 5,
      "xg_sum": 17.811702965070765,
      "hdc_sum": 53.0,
      "gs_sum": 19.975,
      "xg_avg": 3.562340593014153,
      "hdc_avg": 10.6,
      "gs_avg": 3.995
    },
    "TOR": {
      "games_played": 6,
      "xg_sum": 13.359518701784225,
      "hdc_sum": 31.0,
      "gs_sum": 19.900000000000006,
      "xg_avg": 2.2265864502973707,
      "hdc_avg": 5.166666666666667,
      "gs_avg": 3.3166666666666678
    },
    "DET": {
      "games_played": 5,
      "xg_sum": 16.448541536552625,
      "hdc_sum": 32.0,
      "gs_sum": 19.950000000000003,
      "xg_avg": 3.289708307310525,
      "hdc_avg": 6.4,
      "gs_avg": 3.9900000000000007
    },
    "TBL": {
      "games_played": 4,
      "xg_sum": 13.547456221794354,
      "hdc_sum": 32.0,
      "gs_sum": 21.5,
      "xg_avg": 3.3868640554485885,
      "hdc_avg": 8.0,
      "gs_avg": 5.375
    },
    "CBJ": {
      "games_played": 5,
      "xg_sum": 18.123052029392507,
      "hdc_sum": 62.0,
      "gs_sum": 25.950000000000003,
      "xg_avg": 3.6246104058785016,
      "hdc_avg": 12.4,
      "gs_avg": 5.19
    },
    "FLA": {
      "games_played": 5,
      "xg_sum": 15.969729294129651,
      "hdc_sum": 21.0,
      "gs_sum": 16.400000000000006,
      "xg_avg": 3.19394585882593,
      "hdc_avg": 4.2,
      "gs_avg": 3.280000000000001
    },
    "CGY": {
      "games_played": 5,
      "xg_sum": 13.323404861185,
      "hdc_sum": 34.0,
      "gs_sum": 23.075000000000006,
      "xg_avg": 2.664680972237,
      "hdc_avg": 6.8,
      "gs_avg": 4.615000000000001
    },
    "NJD": {
      "games_played": 5,
      "xg_sum": 17.258713117891375,
      "hdc_sum": 51.0,
      "gs_sum": 28.575000000000003,
      "xg_avg": 3.451742623578275,
      "hdc_avg": 10.2,
      "gs_avg": 5.715000000000001
    },
    "STL": {
      "games_played": 5,
      "xg_sum": 14.42678324158415,
      "hdc_sum": 43.0,
      "gs_sum": 18.425000000000004,
      "xg_avg": 2.8853566483168303,
      "hdc_avg": 8.6,
      "gs_avg": 3.685000000000001
    },
    "CAR": {
      "games_played": 5,
      "xg_sum": 19.0740988676298,
      "hdc_sum": 28.0,
      "gs_sum": 25.725000000000005,
      "xg_avg": 3.81481977352596,
      "hdc_avg": 5.6,
      "gs_avg": 5.145000000000001
    },
    "EDM": {
      "games_played": 5,
      "xg_sum": 15.6289598866125,
      "hdc_sum": 52.0,
      "gs_sum": 19.50000000000001,
      "xg_avg": 3.1257919773225002,
      "hdc_avg": 10.4,
      "gs_avg": 3.900000000000002
    },
    "DAL": {
      "games_played": 5,
      "xg_sum": 16.06003618289969,
      "hdc_sum": 40.0,
      "gs_sum": 19.725,
      "xg_avg": 3.212007236579938,
      "hdc_avg": 8.0,
      "gs_avg": 3.9450000000000003
    },
    "PHI": {
      "games_played": 5,
      "xg_sum": 17.362466638974553,
      "hdc_sum": 37.0,
      "gs_sum": 20.750000000000007,
      "xg_avg": 3.4724933277949104,
      "hdc_avg": 7.4,
      "gs_avg": 4.150000000000001
    },
    "MIN": {
      "games_played": 6,
      "xg_sum": 23.17760891267181,
      "hdc_sum": 43.0,
      "gs_sum": 25.27500000000001,
      "xg_avg": 3.862934818778635,
      "hdc_avg": 7.166666666666667,
      "gs_avg": 4.212500000000001
    },
    "NYR": {
      "games_played": 5,
      "xg_sum": 10.881090199825476,
      "hdc_sum": 21.0,
      "gs_sum": 19.150000000000002,
      "xg_avg": 2.176218039965095,
      "hdc_avg": 4.2,
      "gs_avg": 3.8300000000000005
    },
    "WPG": {
      "games_played": 6,
      "xg_sum": 18.611498737769658,
      "hdc_sum": 31.0,
      "gs_sum": 25.400000000000002,
      "xg_avg": 3.101916456294943,
      "hdc_avg": 5.166666666666667,
      "gs_avg": 4.233333333333333
    },
    "CHI": {
      "games_played": 5,
      "xg_sum": 11.896780800958641,
      "hdc_sum": 31.0,
      "gs_sum": 13.975000000000005,
      "xg_avg": 2.3793561601917284,
      "hdc_avg": 6.2,
      "gs_avg": 2.795000000000001
    },
    "UTA": {
      "games_played": 5,
      "xg_sum": 16.317343594133302,
      "hdc_sum": 44.0,
      "gs_sum": 22.000000000000004,
      "xg_avg": 3.2634687188266605,
      "hdc_avg": 8.8,
      "gs_avg": 4.4
    },
    "NSH": {
      "games_played": 5,
      "xg_sum": 15.568984247360815,
      "hdc_sum": 30.0,
      "gs_sum": 19.075000000000003,
      "xg_avg": 3.113796849472163,
      "hdc_avg": 6.0,
      "gs_avg": 3.8150000000000004
    },
    "VAN": {
      "games_played": 5,
      "xg_sum": 14.844976724767504,
      "hdc_sum": 16.0,
      "gs_sum": 19.800000000000004,
      "xg_avg": 2.968995344953501,
      "hdc_avg": 3.2,
      "gs_avg": 3.960000000000001
    },
    "PIT": {
      "games_played": 5,
      "xg_sum": 15.396494547231,
      "hdc_sum": 44.0,
      "gs_sum": 26.97500000000001,
      "xg_avg": 3.0792989094462,
      "hdc_avg": 8.8,
      "gs_avg": 5.395000000000001
    },
    "VGK": {
      "games_played": 5,
      "xg_sum": 16.990789947625004,
      "hdc_sum": 22.0,
      "gs_sum": 17.799999999999997,
      "xg_avg": 3.398157989525001,
      "hdc_avg": 4.4,
      "gs_avg": 3.5599999999999996
    },
    "COL": {
      "games_played": 5,
      "xg_sum": 21.392563303392603,
      "hdc_sum": 42.0,
      "gs_sum": 24.325000000000003,
      "xg_avg": 4.278512660678521,
      "hdc_avg": 8.4,
      "gs_avg": 4.865
    },
    "SEA": {
      "games_played": 6,
      "xg_sum": 15.353593014446005,
      "hdc_sum": 36.0,
      "gs_sum": 23.475000000000005,
      "xg_avg": 2.558932169074334,
      "hdc_avg": 6.0,
      "gs_avg": 3.912500000000001
    },
    "LAK": {
      "games_played": 5,
      "xg_sum": 16.607706243448284,
      "hdc_sum": 31.0,
      "gs_sum": 23.025000000000006,
      "xg_avg": 3.3215412486896567,
      "hdc_avg": 6.2,
      "gs_avg": 4.605000000000001
    },
    "NYI": {
      "games_played": 5,
      "xg_sum": 14.588189501891943,
      "hdc_sum": 51.0,
      "gs_sum": 19.300000000000004,
      "xg_avg": 2.9176379003783888,
      "hdc_avg": 10.2,
      "gs_avg": 3.8600000000000008
    },
    "OTT": {
      "games_played": 5,
      "xg_sum": 20.240779839523718,
      "hdc_sum": 46.0,
      "gs_sum": 24.850000000000005,
      "xg_avg": 4.048155967904743,
      "hdc_avg": 9.2,
      "gs_avg": 4.970000000000001
    },
    "MTL": {
      "games_played": 5,
      "xg_sum": 22.1842632440166,
      "hdc_sum": 32.0,
      "gs_sum": 23.975,
      "xg_avg": 4.4368526488033195,
      "hdc_avg": 6.4,
      "gs_avg": 4.795
    }
  }
}