{
  "season": "2025-2026",
  "generated_at": "2026-01-31T23:41:31.592906",
  "total_games": 184,
  "teams": {
    "BUF": {
      "games_played": 6,
      "xg_sum": 14.962395284586936,
      "hdc_sum": 36.0,
      "gs_sum": 29.200000000000003,
      "xg_avg": 2.493732547431156,
      "hdc_avg": 6.0,
      "gs_avg": 4.866666666666667
    },
    "CAR": {
      "games_played": 4,
      "xg_sum": 14.1151080534603,
      "hdc_sum": 21.0,
      "gs_sum": 20.150000000000002,
      "xg_avg": 3.528777013365075,
      "hdc_avg": 5.25,
      "gs_avg": 5.0375000000000005
    },
    "WSH": {
      "games_played": 6,
      "xg_sum": 21.2386631224114,
      "hdc_sum": 51.0,
      "gs_sum": 26.525000000000006,
      "xg_avg": 3.5397771870685664,
      "hdc_avg": 8.5,
      "gs_avg": 4.420833333333334
    },
    "COL": {
      "games_played": 7,
      "xg_sum": 25.299444593049348,
      "hdc_sum": 48.0,
      "gs_sum": 36.75000000000001,
      "xg_avg": 3.614206370435621,
      "hdc_avg": 6.857142857142857,
      "gs_avg": 5.250000000000001
    },
    "PIT": {
      "games_played": 6,
      "xg_sum": 19.326982144687502,
      "hdc_sum": 55.0,
      "gs_sum": 36.275000000000006,
      "xg_avg": 3.22116369078125,
      "hdc_avg": 9.166666666666666,
      "gs_avg": 6.045833333333334
    },
    "SEA": {
      "games_played": 6,
      "xg_sum": 14.051298925599001,
      "hdc_sum": 48.0,
      "gs_sum": 25.75,
      "xg_avg": 2.3418831542665,
      "hdc_avg": 8.0,
      "gs_avg": 4.291666666666667
    },
    "SJS": {
      "games_played": 5,
      "xg_sum": 14.067307423836176,
      "hdc_sum": 38.0,
      "gs_sum": 21.725,
      "xg_avg": 2.8134614847672355,
      "hdc_avg": 7.6,
      "gs_avg": 4.345000000000001
    },
    "FLA": {
      "games_played": 7,
      "xg_sum": 20.517351957988403,
      "hdc_sum": 37.0,
      "gs_sum": 27.65000000000001,
      "xg_avg": 2.931050279712629,
      "hdc_avg": 5.285714285714286,
      "gs_avg": 3.9500000000000015
    },
    "MIN": {
      "games_played": 6,
      "xg_sum": 17.986890934358254,
      "hdc_sum": 37.0,
      "gs_sum": 29.800000000000004,
      "xg_avg": 2.9978151557263755,
      "hdc_avg": 6.166666666666667,
      "gs_avg": 4.966666666666668
    },
    "TOR": {
      "games_played": 6,
      "xg_sum": 20.114279522466564,
      "hdc_sum": 39.0,
      "gs_sum": 24.825000000000006,
      "xg_avg": 3.352379920411094,
      "hdc_avg": 6.5,
      "gs_avg": 4.137500000000001
    },
    "PHI": {
      "games_played": 7,
      "xg_sum": 21.156230077561904,
      "hdc_sum": 41.0,
      "gs_sum": 26.95,
      "xg_avg": 3.0223185825088437,
      "hdc_avg": 5.857142857142857,
      "gs_avg": 3.85
    },
    "VGK": {
      "games_played": 6,
      "xg_sum": 22.082339012086805,
      "hdc_sum": 43.0,
      "gs_sum": 27.400000000000006,
      "xg_avg": 3.680389835347801,
      "hdc_avg": 7.166666666666667,
      "gs_avg": 4.566666666666667
    },
    "WPG": {
      "games_played": 7,
      "xg_sum": 18.30674438448932,
      "hdc_sum": 38.0,
      "gs_sum": 22.0,
      "xg_avg": 2.6152491977841885,
      "hdc_avg": 5.428571428571429,
      "gs_avg": 3.142857142857143
    },
    "CHI": {
      "games_played": 7,
      "xg_sum": 20.386036355999472,
      "hdc_sum": 47.0,
      "gs_sum": 26.1,
      "xg_avg": 2.9122909079999246,
      "hdc_avg": 6.714285714285714,
      "gs_avg": 3.7285714285714286
    },
    "NJD": {
      "games_played": 6,
      "xg_sum": 18.032211673385593,
      "hdc_sum": 45.0,
      "gs_sum": 25.950000000000003,
      "xg_avg": 3.005368612230932,
      "hdc_avg": 7.5,
      "gs_avg": 4.325
    },
    "CGY": {
      "games_played": 5,
      "xg_sum": 14.669741967756291,
      "hdc_sum": 29.0,
      "gs_sum": 17.275000000000002,
      "xg_avg": 2.9339483935512582,
      "hdc_avg": 5.8,
      "gs_avg": 3.4550000000000005
    },
    "NYI": {
      "games_played": 6,
      "xg_sum": 17.069599613091064,
      "hdc_sum": 45.0,
      "gs_sum": 23.825000000000006,
      "xg_avg": 2.8449332688485107,
      "hdc_avg": 7.5,
      "gs_avg": 3.9708333333333345
    },
    "VAN": {
      "games_played": 6,
      "xg_sum": 21.369472226081093,
      "hdc_sum": 37.0,
      "gs_sum": 25.6,
      "xg_avg": 3.5615787043468488,
      "hdc_avg": 6.166666666666667,
      "gs_avg": 4.266666666666667
    },
    "NYR": {
      "games_played": 7,
      "xg_sum": 20.748168810704932,
      "hdc_sum": 32.0,
      "gs_sum": 26.900000000000006,
      "xg_avg": 2.9640241158149903,
      "hdc_avg": 4.571428571428571,
      "gs_avg": 3.842857142857144
    },
    "ANA": {
      "games_played": 6,
      "xg_sum": 17.938742661430354,
      "hdc_sum": 36.0,
      "gs_sum": 28.425000000000004,
      "xg_avg": 2.9897904435717257,
      "hdc_avg": 6.0,
      "gs_avg": 4.737500000000001
    },
    "MTL": {
      "games_played": 5,
      "xg_sum": 17.566683311288227,
      "hdc_sum": 30.0,
      "gs_sum": 25.375000000000007,
      "xg_avg": 3.5133366622576454,
      "hdc_avg": 6.0,
      "gs_avg": 5.075000000000001
    },
    "TBL": {
      "games_played": 5,
      "xg_sum": 15.300444792907813,
      "hdc_sum": 47.0,
      "gs_sum": 25.325000000000003,
      "xg_avg": 3.0600889585815625,
      "hdc_avg": 9.4,
      "gs_avg": 5.065
    },
    "OTT": {
      "games_played": 5,
      "xg_sum": 14.385314859987503,
      "hdc_sum": 40.0,
      "gs_sum": 24.775000000000006,
      "xg_avg": 2.8770629719975007,
      "hdc_avg": 8.0,
      "gs_avg": 4.955000000000001
    },
    "CBJ": {
      "games_played": 5,
      "xg_sum": 12.232226686048126,
      "hdc_sum": 35.0,
      "gs_sum": 23.775000000000002,
      "xg_avg": 2.4464453372096253,
      "hdc_avg": 7.0,
      "gs_avg": 4.755000000000001
    },
    "BOS": {
      "games_played": 6,
      "xg_sum": 16.26887386316,
      "hdc_sum": 39.0,
      "gs_sum": 25.35,
      "xg_avg": 2.7114789771933334,
      "hdc_avg": 6.5,
      "gs_avg": 4.2250000000000005
    },
    "DAL": {
      "games_played": 5,
      "xg_sum": 16.136766019243986,
      "hdc_sum": 38.0,
      "gs_sum": 25.35,
      "xg_avg": 3.2273532038487973,
      "hdc_avg": 7.6,
      "gs_avg": 5.07
    },
    "NSH": {
      "games_played": 5,
      "xg_sum": 16.487549922643854,
      "hdc_sum": 33.0,
      "gs_sum": 22.1,
      "xg_avg": 3.2975099845287708,
      "hdc_avg": 6.6,
      "gs_avg": 4.42
    },
    "STL": {
      "games_played": 5,
      "xg_sum": 13.5372698640021,
      "hdc_sum": 39.0,
      "gs_sum": 21.47500000000001,
      "xg_avg": 2.70745397280042,
      "hdc_avg": 7.8,
      "gs_avg": 4.295000000000002
    },
    "EDM": {
      "games_played": 5,
      "xg_sum": 17.335032693365005,
      "hdc_sum": 58.0,
      "gs_sum": 26.3,
      "xg_avg": 3.467006538673001,
      "hdc_avg": 11.6,
      "gs_avg": 5.26
    },
    "LAK": {
      "games_played": 5,
      "xg_sum": 16.646855907205655,
      "hdc_sum": 28.0,
      "gs_sum": 23.650000000000006,
      "xg_avg": 3.329371181441131,
      "hdc_avg": 5.6,
      "gs_avg": 4.730000000000001
    },
    "DET": {
      "games_played": 6,
      "xg_sum": 19.49840116464505,
      "hdc_sum": 36.0,
      "gs_sum": 27.475,
      "xg_avg": 3.2497335274408417,
      "hdc_avg": 6.0,
      "gs_avg": 4.579166666666667
    },
    "UTA": {
      "games_played": 5,
      "xg_sum": 15.910435150800723,
      "hdc_sum": 36.0,
      "gs_sum": 21.225000000000005,
      "xg_avg": 3.1820870301601447,
      "hdc_avg": 7.2,
      "gs_avg": 4.245000000000001
    }
  }
}