{
  "season": "2025-2026",
  "generated_at": "2025-12-06T20:54:42.308639",
  "total_games": 144,
  "teams": {
    "VGK": {
      "games_played": 16,
      "xg_sum": 50.49990199023201,
      "hdc_sum": 48.0,
      "gs_sum": 68.00000000000001,
      "xg_avg": 3.1562438743895007,
      "hdc_avg": 3.0,
      "gs_avg": 4.250000000000001
    },
    "NJD": {
      "games_played": 16,
      "xg_sum": 40.998432987,
      "hdc_sum": 32.0,
      "gs_sum": 43.20000000000001,
      "xg_avg": 2.5624020616875,
      "hdc_avg": 2.0,
      "gs_avg": 2.7000000000000006
    },
    "BUF": {
      "games_played": 16,
      "xg_sum": 69.53814441480003,
      "hdc_sum": 192.0,
      "gs_sum": 54.400000000000006,
      "xg_avg": 4.346134025925002,
      "hdc_avg": 12.0,
      "gs_avg": 3.4000000000000004
    },
    "WPG": {
      "games_played": 16,
      "xg_sum": 32.547902327799996,
      "hdc_sum": 80.0,
      "gs_sum": 69.20000000000003,
      "xg_avg": 2.0342438954874997,
      "hdc_avg": 5.0,
      "gs_avg": 4.325000000000002
    },
    "SJS": {
      "games_played": 15,
      "xg_sum": 28.787631832875,
      "hdc_sum": 105.0,
      "gs_sum": 35.24999999999998,
      "xg_avg": 1.919175455525,
      "hdc_avg": 7.0,
      "gs_avg": 2.3499999999999988
    },
    "DAL": {
      "games_played": 15,
      "xg_sum": 41.472406670812525,
      "hdc_sum": 15.0,
      "gs_sum": 63.75000000000001,
      "xg_avg": 2.764827111387502,
      "hdc_avg": 1.0,
      "gs_avg": 4.250000000000001
    },
    "UTA": {
      "games_played": 13,
      "xg_sum": 35.32640641113749,
      "hdc_sum": 65.0,
      "gs_sum": 52.64999999999999,
      "xg_avg": 2.717415877779807,
      "hdc_avg": 5.0,
      "gs_avg": 4.049999999999999
    },
    "VAN": {
      "games_played": 13,
      "xg_sum": 61.05332571548176,
      "hdc_sum": 104.0,
      "gs_sum": 50.32499999999999,
      "xg_avg": 4.696409670421674,
      "hdc_avg": 8.0,
      "gs_avg": 3.8711538461538453
    },
    "WSH": {
      "games_played": 9,
      "xg_sum": 34.72698007123067,
      "hdc_sum": 54.0,
      "gs_sum": 42.74999999999999,
      "xg_avg": 3.8585533412478523,
      "hdc_avg": 6.0,
      "gs_avg": 4.749999999999999
    },
    "ANA": {
      "games_played": 9,
      "xg_sum": 39.498236952885016,
      "hdc_sum": 90.0,
      "gs_sum": 63.44999999999999,
      "xg_avg": 4.388692994765002,
      "hdc_avg": 10.0,
      "gs_avg": 7.049999999999999
    },
    "COL": {
      "games_played": 3,
      "xg_sum": 11.256024582799506,
      "hdc_sum": 48.0,
      "gs_sum": 17.700000000000006,
      "xg_avg": 3.752008194266502,
      "hdc_avg": 16.0,
      "gs_avg": 5.900000000000002
    },
    "NYR": {
      "games_played": 3,
      "xg_sum": 7.115565871578305,
      "hdc_sum": 3.0,
      "gs_sum": 11.55,
      "xg_avg": 2.3718552905261014,
      "hdc_avg": 1.0,
      "gs_avg": 3.85
    }
  }
}