{
  "season": "2025-2026",
  "generated_at": "2025-12-24T05:52:30.451159",
  "total_games": 454,
  "teams": {
    "VGK": {
      "games_played": 26,
      "xg_sum": 85.94540376694877,
      "hdc_sum": 107.0,
      "gs_sum": 115.75000000000001,
      "xg_avg": 3.305592452574953,
      "hdc_avg": 4.115384615384615,
      "gs_avg": 4.4519230769230775
    },
    "NJD": {
      "games_played": 27,
      "xg_sum": 77.40729161201773,
      "hdc_sum": 99.0,
      "gs_sum": 85.37500000000003,
      "xg_avg": 2.866936726371027,
      "hdc_avg": 3.6666666666666665,
      "gs_avg": 3.162037037037038
    },
    "BUF": {
      "games_played": 25,
      "xg_sum": 94.39993550374552,
      "hdc_sum": 260.0,
      "gs_sum": 92.30000000000001,
      "xg_avg": 3.775997420149821,
      "hdc_avg": 10.4,
      "gs_avg": 3.6920000000000006
    },
    "WPG": {
      "games_played": 25,
      "xg_sum": 59.468727212522985,
      "hdc_sum": 117.0,
      "gs_sum": 105.05000000000005,
      "xg_avg": 2.3787490885009195,
      "hdc_avg": 4.68,
      "gs_avg": 4.202000000000002
    },
    "SJS": {
      "games_played": 24,
      "xg_sum": 57.53613259655087,
      "hdc_sum": 190.0,
      "gs_sum": 75.37499999999997,
      "xg_avg": 2.39733885818962,
      "hdc_avg": 7.916666666666667,
      "gs_avg": 3.1406249999999987
    },
    "DAL": {
      "games_played": 25,
      "xg_sum": 69.72858716932585,
      "hdc_sum": 70.0,
      "gs_sum": 108.35000000000002,
      "xg_avg": 2.789143486773034,
      "hdc_avg": 2.8,
      "gs_avg": 4.3340000000000005
    },
    "UTA": {
      "games_played": 24,
      "xg_sum": 73.69902874429235,
      "hdc_sum": 147.0,
      "gs_sum": 100.42499999999998,
      "xg_avg": 3.0707928643455147,
      "hdc_avg": 6.125,
      "gs_avg": 4.184374999999999
    },
    "VAN": {
      "games_played": 22,
      "xg_sum": 88.76161580267802,
      "hdc_sum": 154.0,
      "gs_sum": 86.725,
      "xg_avg": 4.034618900121728,
      "hdc_avg": 7.0,
      "gs_avg": 3.9420454545454544
    },
    "WSH": {
      "games_played": 18,
      "xg_sum": 65.01037463094623,
      "hdc_sum": 121.0,
      "gs_sum": 78.7,
      "xg_avg": 3.6116874794970126,
      "hdc_avg": 6.722222222222222,
      "gs_avg": 4.372222222222223
    },
    "ANA": {
      "games_played": 21,
      "xg_sum": 83.02895641074392,
      "hdc_sum": 203.0,
      "gs_sum": 121.80000000000001,
      "xg_avg": 3.953759829083044,
      "hdc_avg": 9.666666666666666,
      "gs_avg": 5.800000000000001
    },
    "COL": {
      "games_played": 12,
      "xg_sum": 46.04760849734396,
      "hdc_sum": 126.0,
      "gs_sum": 69.92500000000001,
      "xg_avg": 3.8373007081119965,
      "hdc_avg": 10.5,
      "gs_avg": 5.827083333333334
    },
    "NYR": {
      "games_played": 13,
      "xg_sum": 37.04562345916199,
      "hdc_sum": 65.0,
      "gs_sum": 50.9,
      "xg_avg": 2.8496633430124607,
      "hdc_avg": 5.0,
      "gs_avg": 3.9153846153846152
    },
    "CBJ": {
      "games_played": 9,
      "xg_sum": 26.276940704968098,
      "hdc_sum": 64.0,
      "gs_sum": 39.60000000000001,
      "xg_avg": 2.919660078329789,
      "hdc_avg": 7.111111111111111,
      "gs_avg": 4.400000000000001
    },
    "FLA": {
      "games_played": 10,
      "xg_sum": 32.14564757502548,
      "hdc_sum": 71.0,
      "gs_sum": 52.30000000000001,
      "xg_avg": 3.214564757502548,
      "hdc_avg": 7.1,
      "gs_avg": 5.230000000000001
    },
    "BOS": {
      "games_played": 9,
      "xg_sum": 27.326530697912,
      "hdc_sum": 68.0,
      "gs_sum": 39.72500000000001,
      "xg_avg": 3.0362811886568886,
      "hdc_avg": 7.555555555555555,
      "gs_avg": 4.41388888888889
    },
    "MTL": {
      "games_played": 11,
      "xg_sum": 35.70401891463457,
      "hdc_sum": 64.0,
      "gs_sum": 48.8,
      "xg_avg": 3.245819901330415,
      "hdc_avg": 5.818181818181818,
      "gs_avg": 4.4363636363636365
    },
    "TOR": {
      "games_played": 9,
      "xg_sum": 24.811902462456388,
      "hdc_sum": 49.0,
      "gs_sum": 34.50000000000001,
      "xg_avg": 2.756878051384043,
      "hdc_avg": 5.444444444444445,
      "gs_avg": 3.833333333333334
    },
    "STL": {
      "games_played": 10,
      "xg_sum": 25.508528827174846,
      "hdc_sum": 70.0,
      "gs_sum": 34.50000000000001,
      "xg_avg": 2.550852882717485,
      "hdc_avg": 7.0,
      "gs_avg": 3.4500000000000006
    },
    "OTT": {
      "games_played": 9,
      "xg_sum": 34.35536217158857,
      "hdc_sum": 98.0,
      "gs_sum": 46.400000000000006,
      "xg_avg": 3.8172624635098407,
      "hdc_avg": 10.88888888888889,
      "gs_avg": 5.155555555555556
    },
    "NYI": {
      "games_played": 9,
      "xg_sum": 25.677294004835623,
      "hdc_sum": 68.0,
      "gs_sum": 37.2,
      "xg_avg": 2.853032667203958,
      "hdc_avg": 7.555555555555555,
      "gs_avg": 4.133333333333334
    },
    "TBL": {
      "games_played": 9,
      "xg_sum": 31.964999610296502,
      "hdc_sum": 86.0,
      "gs_sum": 43.1,
      "xg_avg": 3.551666623366278,
      "hdc_avg": 9.555555555555555,
      "gs_avg": 4.788888888888889
    },
    "NSH": {
      "games_played": 9,
      "xg_sum": 28.170778581671932,
      "hdc_sum": 76.0,
      "gs_sum": 41.95,
      "xg_avg": 3.1300865090746592,
      "hdc_avg": 8.444444444444445,
      "gs_avg": 4.661111111111111
    },
    "CAR": {
      "games_played": 10,
      "xg_sum": 37.25543621503701,
      "hdc_sum": 73.0,
      "gs_sum": 50.70000000000002,
      "xg_avg": 3.725543621503701,
      "hdc_avg": 7.3,
      "gs_avg": 5.070000000000002
    },
    "CGY": {
      "games_played": 8,
      "xg_sum": 26.157249191365107,
      "hdc_sum": 50.0,
      "gs_sum": 39.025000000000006,
      "xg_avg": 3.2696561489206384,
      "hdc_avg": 6.25,
      "gs_avg": 4.878125000000001
    },
    "CHI": {
      "games_played": 9,
      "xg_sum": 17.86313937265413,
      "hdc_sum": 39.0,
      "gs_sum": 26.1,
      "xg_avg": 1.9847932636282364,
      "hdc_avg": 4.333333333333333,
      "gs_avg": 2.9000000000000004
    },
    "LAK": {
      "games_played": 9,
      "xg_sum": 28.618327497429064,
      "hdc_sum": 49.0,
      "gs_sum": 33.625,
      "xg_avg": 3.179814166381007,
      "hdc_avg": 5.444444444444445,
      "gs_avg": 3.736111111111111
    },
    "EDM": {
      "games_played": 10,
      "xg_sum": 35.067936368234456,
      "hdc_sum": 105.0,
      "gs_sum": 49.375,
      "xg_avg": 3.5067936368234456,
      "hdc_avg": 10.5,
      "gs_avg": 4.9375
    },
    "DET": {
      "games_played": 10,
      "xg_sum": 31.086403784306825,
      "hdc_sum": 68.0,
      "gs_sum": 45.2,
      "xg_avg": 3.1086403784306826,
      "hdc_avg": 6.8,
      "gs_avg": 4.5200000000000005
    },
    "SEA": {
      "games_played": 12,
      "xg_sum": 36.53562074540891,
      "hdc_sum": 76.0,
      "gs_sum": 48.20000000000001,
      "xg_avg": 3.0446350621174094,
      "hdc_avg": 6.333333333333333,
      "gs_avg": 4.0166666666666675
    },
    "MIN": {
      "games_played": 10,
      "xg_sum": 32.87069894769973,
      "hdc_sum": 78.0,
      "gs_sum": 49.87500000000001,
      "xg_avg": 3.287069894769973,
      "hdc_avg": 7.8,
      "gs_avg": 4.987500000000001
    },
    "PHI": {
      "games_played": 10,
      "xg_sum": 31.7465992252379,
      "hdc_sum": 65.0,
      "gs_sum": 43.150000000000006,
      "xg_avg": 3.17465992252379,
      "hdc_avg": 6.5,
      "gs_avg": 4.315
    },
    "PIT": {
      "games_played": 10,
      "xg_sum": 37.50394792709328,
      "hdc_sum": 119.0,
      "gs_sum": 47.95,
      "xg_avg": 3.750394792709328,
      "hdc_avg": 11.9,
      "gs_avg": 4.795
    }
  }
}