{
  "season": "2025-2026",
  "generated_at": "2025-12-06T20:25:16.794534",
  "total_games": 120,
  "teams": {
    "VGK": {
      "games_played": 14,
      "xg_sum": 44.187414241453006,
      "hdc_sum": 42.0,
      "gs_sum": 59.50000000000001,
      "xg_avg": 3.1562438743895003,
      "hdc_avg": 3.0,
      "gs_avg": 4.250000000000001
    },
    "NJD": {
      "games_played": 14,
      "xg_sum": 35.873628863625,
      "hdc_sum": 28.0,
      "gs_sum": 37.800000000000004,
      "xg_avg": 2.5624020616875,
      "hdc_avg": 2.0,
      "gs_avg": 2.7
    },
    "BUF": {
      "games_played": 14,
      "xg_sum": 60.84587636295003,
      "hdc_sum": 168.0,
      "gs_sum": 47.60000000000001,
      "xg_avg": 4.346134025925002,
      "hdc_avg": 12.0,
      "gs_avg": 3.400000000000001
    },
    "WPG": {
      "games_played": 14,
      "xg_sum": 28.479414536824994,
      "hdc_sum": 70.0,
      "gs_sum": 60.55000000000003,
      "xg_avg": 2.0342438954874997,
      "hdc_avg": 5.0,
      "gs_avg": 4.325000000000002
    },
    "SJS": {
      "games_played": 13,
      "xg_sum": 24.949280921825,
      "hdc_sum": 91.0,
      "gs_sum": 30.549999999999976,
      "xg_avg": 1.919175455525,
      "hdc_avg": 7.0,
      "gs_avg": 2.3499999999999983
    },
    "DAL": {
      "games_played": 13,
      "xg_sum": 35.94275244803752,
      "hdc_sum": 13.0,
      "gs_sum": 55.25000000000001,
      "xg_avg": 2.7648271113875014,
      "hdc_avg": 1.0,
      "gs_avg": 4.250000000000001
    },
    "UTA": {
      "games_played": 11,
      "xg_sum": 29.89288298471249,
      "hdc_sum": 55.0,
      "gs_sum": 44.55,
      "xg_avg": 2.7175348167920443,
      "hdc_avg": 5.0,
      "gs_avg": 4.05
    },
    "VAN": {
      "games_played": 11,
      "xg_sum": 51.62744523007689,
      "hdc_sum": 88.0,
      "gs_sum": 42.52499999999999,
      "xg_avg": 4.6934041118251715,
      "hdc_avg": 8.0,
      "gs_avg": 3.8659090909090903
    },
    "WSH": {
      "games_played": 7,
      "xg_sum": 27.009873388734967,
      "hdc_sum": 42.0,
      "gs_sum": 33.24999999999999,
      "xg_avg": 3.8585533412478523,
      "hdc_avg": 6.0,
      "gs_avg": 4.749999999999999
    },
    "ANA": {
      "games_played": 7,
      "xg_sum": 30.71028648335501,
      "hdc_sum": 70.0,
      "gs_sum": 49.349999999999994,
      "xg_avg": 4.38718378333643,
      "hdc_avg": 10.0,
      "gs_avg": 7.049999999999999
    },
    "COL": {
      "games_played": 1,
      "xg_sum": 3.7488585130165024,
      "hdc_sum": 16.0,
      "gs_sum": 5.850000000000002,
      "xg_avg": 3.7488585130165024,
      "hdc_avg": 16.0,
      "gs_avg": 5.850000000000002
    },
    "NYR": {
      "games_played": 1,
      "xg_sum": 2.3718552905261014,
      "hdc_sum": 1.0,
      "gs_sum": 3.85,
      "xg_avg": 2.3718552905261014,
      "hdc_avg": 1.0,
      "gs_avg": 3.85
    }
  }
}