{
  "season": "2025-2026",
  "generated_at": "2025-12-18T03:15:53.692465",
  "total_games": 336,
  "teams": {
    "VGK": {
      "games_played": 22,
      "xg_sum": 69.76498114124627,
      "hdc_sum": 73.0,
      "gs_sum": 95.17500000000001,
      "xg_avg": 3.171135506420285,
      "hdc_avg": 3.3181818181818183,
      "gs_avg": 4.326136363636365
    },
    "NJD": {
      "games_played": 23,
      "xg_sum": 63.6448260795054,
      "hdc_sum": 74.0,
      "gs_sum": 71.22500000000002,
      "xg_avg": 2.7671663512828433,
      "hdc_avg": 3.217391304347826,
      "gs_avg": 3.0967391304347838
    },
    "BUF": {
      "games_played": 21,
      "xg_sum": 84.48422711658753,
      "hdc_sum": 223.0,
      "gs_sum": 74.275,
      "xg_avg": 4.023058434123216,
      "hdc_avg": 10.619047619047619,
      "gs_avg": 3.536904761904762
    },
    "WPG": {
      "games_played": 22,
      "xg_sum": 52.40595881760799,
      "hdc_sum": 109.0,
      "gs_sum": 95.92500000000004,
      "xg_avg": 2.3820890371639996,
      "hdc_avg": 4.954545454545454,
      "gs_avg": 4.360227272727275
    },
    "SJS": {
      "games_played": 21,
      "xg_sum": 46.757184500202,
      "hdc_sum": 157.0,
      "gs_sum": 61.749999999999986,
      "xg_avg": 2.2265325952477144,
      "hdc_avg": 7.476190476190476,
      "gs_avg": 2.94047619047619
    },
    "DAL": {
      "games_played": 21,
      "xg_sum": 58.63375551143133,
      "hdc_sum": 48.0,
      "gs_sum": 86.20000000000002,
      "xg_avg": 2.7920835957824446,
      "hdc_avg": 2.2857142857142856,
      "gs_avg": 4.104761904761905
    },
    "UTA": {
      "games_played": 21,
      "xg_sum": 64.07572398165485,
      "hdc_sum": 120.0,
      "gs_sum": 88.72499999999998,
      "xg_avg": 3.0512249515073737,
      "hdc_avg": 5.714285714285714,
      "gs_avg": 4.224999999999999
    },
    "VAN": {
      "games_played": 19,
      "xg_sum": 80.62617369675303,
      "hdc_sum": 134.0,
      "gs_sum": 72.475,
      "xg_avg": 4.243482826144896,
      "hdc_avg": 7.052631578947368,
      "gs_avg": 3.814473684210526
    },
    "WSH": {
      "games_played": 14,
      "xg_sum": 50.87179136024562,
      "hdc_sum": 90.0,
      "gs_sum": 60.625,
      "xg_avg": 3.6336993828746875,
      "hdc_avg": 6.428571428571429,
      "gs_avg": 4.330357142857143
    },
    "ANA": {
      "games_played": 16,
      "xg_sum": 64.03213710446192,
      "hdc_sum": 137.0,
      "gs_sum": 101.525,
      "xg_avg": 4.00200856902887,
      "hdc_avg": 8.5625,
      "gs_avg": 6.3453125
    },
    "COL": {
      "games_played": 9,
      "xg_sum": 35.98454838212113,
      "hdc_sum": 102.0,
      "gs_sum": 55.05000000000001,
      "xg_avg": 3.9982831535690146,
      "hdc_avg": 11.333333333333334,
      "gs_avg": 6.116666666666668
    },
    "NYR": {
      "games_played": 9,
      "xg_sum": 25.565232076741687,
      "hdc_sum": 41.0,
      "gs_sum": 31.45,
      "xg_avg": 2.8405813418601875,
      "hdc_avg": 4.555555555555555,
      "gs_avg": 3.4944444444444445
    },
    "CBJ": {
      "games_played": 6,
      "xg_sum": 16.294697677101002,
      "hdc_sum": 44.0,
      "gs_sum": 26.125000000000004,
      "xg_avg": 2.7157829461835004,
      "hdc_avg": 7.333333333333333,
      "gs_avg": 4.354166666666667
    },
    "FLA": {
      "games_played": 7,
      "xg_sum": 22.43047830294969,
      "hdc_sum": 45.0,
      "gs_sum": 36.275000000000006,
      "xg_avg": 3.2043540432785274,
      "hdc_avg": 6.428571428571429,
      "gs_avg": 5.182142857142858
    },
    "BOS": {
      "games_played": 5,
      "xg_sum": 13.529123996342001,
      "hdc_sum": 36.0,
      "gs_sum": 25.675000000000004,
      "xg_avg": 2.7058247992684,
      "hdc_avg": 7.2,
      "gs_avg": 5.135000000000001
    },
    "MTL": {
      "games_played": 7,
      "xg_sum": 23.16343341258056,
      "hdc_sum": 44.0,
      "gs_sum": 28.175,
      "xg_avg": 3.309061916082937,
      "hdc_avg": 6.285714285714286,
      "gs_avg": 4.025
    },
    "TOR": {
      "games_played": 5,
      "xg_sum": 12.157050115626426,
      "hdc_sum": 26.0,
      "gs_sum": 19.325000000000003,
      "xg_avg": 2.4314100231252853,
      "hdc_avg": 5.2,
      "gs_avg": 3.8650000000000007
    },
    "STL": {
      "games_played": 6,
      "xg_sum": 13.503297097679043,
      "hdc_sum": 39.0,
      "gs_sum": 19.925000000000004,
      "xg_avg": 2.2505495162798406,
      "hdc_avg": 6.5,
      "gs_avg": 3.320833333333334
    },
    "OTT": {
      "games_played": 5,
      "xg_sum": 19.259973712539153,
      "hdc_sum": 49.0,
      "gs_sum": 25.250000000000007,
      "xg_avg": 3.8519947425078307,
      "hdc_avg": 9.8,
      "gs_avg": 5.050000000000002
    },
    "NYI": {
      "games_played": 6,
      "xg_sum": 14.606087645452048,
      "hdc_sum": 41.0,
      "gs_sum": 25.325000000000003,
      "xg_avg": 2.434347940908675,
      "hdc_avg": 6.833333333333333,
      "gs_avg": 4.220833333333334
    },
    "TBL": {
      "games_played": 6,
      "xg_sum": 21.64809566677705,
      "hdc_sum": 58.0,
      "gs_sum": 28.425,
      "xg_avg": 3.6080159444628417,
      "hdc_avg": 9.666666666666666,
      "gs_avg": 4.7375
    },
    "NSH": {
      "games_played": 5,
      "xg_sum": 15.278812485260254,
      "hdc_sum": 43.0,
      "gs_sum": 23.75,
      "xg_avg": 3.0557624970520507,
      "hdc_avg": 8.6,
      "gs_avg": 4.75
    },
    "CAR": {
      "games_played": 6,
      "xg_sum": 24.820638874683127,
      "hdc_sum": 48.0,
      "gs_sum": 32.70000000000001,
      "xg_avg": 4.136773145780521,
      "hdc_avg": 8.0,
      "gs_avg": 5.450000000000002
    },
    "CGY": {
      "games_played": 5,
      "xg_sum": 16.98561549712126,
      "hdc_sum": 35.0,
      "gs_sum": 24.975,
      "xg_avg": 3.3971230994242516,
      "hdc_avg": 7.0,
      "gs_avg": 4.995
    },
    "CHI": {
      "games_played": 6,
      "xg_sum": 11.311255771144003,
      "hdc_sum": 27.0,
      "gs_sum": 17.75,
      "xg_avg": 1.8852092951906672,
      "hdc_avg": 4.5,
      "gs_avg": 2.9583333333333335
    },
    "LAK": {
      "games_played": 6,
      "xg_sum": 20.143069523179438,
      "hdc_sum": 36.0,
      "gs_sum": 24.225,
      "xg_avg": 3.3571782538632395,
      "hdc_avg": 6.0,
      "gs_avg": 4.0375000000000005
    },
    "EDM": {
      "games_played": 6,
      "xg_sum": 19.342845353578358,
      "hdc_sum": 58.0,
      "gs_sum": 31.1,
      "xg_avg": 3.2238075589297264,
      "hdc_avg": 9.666666666666666,
      "gs_avg": 5.183333333333334
    },
    "DET": {
      "games_played": 7,
      "xg_sum": 20.62226505489393,
      "hdc_sum": 45.0,
      "gs_sum": 29.125000000000004,
      "xg_avg": 2.9460378649848473,
      "hdc_avg": 6.428571428571429,
      "gs_avg": 4.1607142857142865
    },
    "SEA": {
      "games_played": 6,
      "xg_sum": 22.687544054653575,
      "hdc_sum": 52.0,
      "gs_sum": 25.450000000000006,
      "xg_avg": 3.7812573424422626,
      "hdc_avg": 8.666666666666666,
      "gs_avg": 4.241666666666668
    },
    "MIN": {
      "games_played": 6,
      "xg_sum": 20.026543104092156,
      "hdc_sum": 49.0,
      "gs_sum": 31.4,
      "xg_avg": 3.3377571840153593,
      "hdc_avg": 8.166666666666666,
      "gs_avg": 5.233333333333333
    },
    "PHI": {
      "games_played": 6,
      "xg_sum": 17.54486757141165,
      "hdc_sum": 36.0,
      "gs_sum": 23.600000000000005,
      "xg_avg": 2.924144595235275,
      "hdc_avg": 6.0,
      "gs_avg": 3.933333333333334
    },
    "PIT": {
      "games_played": 6,
      "xg_sum": 22.452265269460007,
      "hdc_sum": 78.0,
      "gs_sum": 31.425000000000008,
      "xg_avg": 3.7420442115766677,
      "hdc_avg": 13.0,
      "gs_avg": 5.237500000000002
    }
  }
}