{
  "season": "2025-2026",
  "generated_at": "2025-12-10T03:23:27.753419",
  "total_games": 218,
  "teams": {
    "VGK": {
      "games_played": 20,
      "xg_sum": 64.38299162185352,
      "hdc_sum": 69.0,
      "gs_sum": 86.87500000000001,
      "xg_avg": 3.219149581092676,
      "hdc_avg": 3.45,
      "gs_avg": 4.343750000000001
    },
    "NJD": {
      "games_played": 20,
      "xg_sum": 52.7431511163629,
      "hdc_sum": 41.0,
      "gs_sum": 57.62500000000002,
      "xg_avg": 2.637157555818145,
      "hdc_avg": 2.05,
      "gs_avg": 2.881250000000001
    },
    "BUF": {
      "games_played": 18,
      "xg_sum": 77.47094484092503,
      "hdc_sum": 212.0,
      "gs_sum": 62.37500000000001,
      "xg_avg": 4.30394138005139,
      "hdc_avg": 11.777777777777779,
      "gs_avg": 3.465277777777778
    },
    "WPG": {
      "games_played": 18,
      "xg_sum": 36.947490051134935,
      "hdc_sum": 86.0,
      "gs_sum": 76.80000000000004,
      "xg_avg": 2.052638336174163,
      "hdc_avg": 4.777777777777778,
      "gs_avg": 4.266666666666669
    },
    "SJS": {
      "games_played": 18,
      "xg_sum": 34.88578305745,
      "hdc_sum": 126.0,
      "gs_sum": 44.124999999999986,
      "xg_avg": 1.9380990587472222,
      "hdc_avg": 7.0,
      "gs_avg": 2.451388888888888
    },
    "DAL": {
      "games_played": 17,
      "xg_sum": 47.99674016615303,
      "hdc_sum": 23.0,
      "gs_sum": 72.60000000000002,
      "xg_avg": 2.8233376568325315,
      "hdc_avg": 1.3529411764705883,
      "gs_avg": 4.270588235294119
    },
    "UTA": {
      "games_played": 16,
      "xg_sum": 45.39332389191236,
      "hdc_sum": 87.0,
      "gs_sum": 63.04999999999999,
      "xg_avg": 2.8370827432445225,
      "hdc_avg": 5.4375,
      "gs_avg": 3.9406249999999994
    },
    "VAN": {
      "games_played": 16,
      "xg_sum": 72.8260738318737,
      "hdc_sum": 122.0,
      "gs_sum": 62.249999999999986,
      "xg_avg": 4.551629614492106,
      "hdc_avg": 7.625,
      "gs_avg": 3.890624999999999
    },
    "WSH": {
      "games_played": 11,
      "xg_sum": 42.24658465135353,
      "hdc_sum": 71.0,
      "gs_sum": 51.849999999999994,
      "xg_avg": 3.840598604668503,
      "hdc_avg": 6.454545454545454,
      "gs_avg": 4.713636363636363
    },
    "ANA": {
      "games_played": 12,
      "xg_sum": 52.45225242347752,
      "hdc_sum": 123.0,
      "gs_sum": 84.55,
      "xg_avg": 4.371021035289793,
      "hdc_avg": 10.25,
      "gs_avg": 7.045833333333333
    },
    "COL": {
      "games_played": 5,
      "xg_sum": 17.82646451391601,
      "hdc_sum": 70.0,
      "gs_sum": 28.625000000000007,
      "xg_avg": 3.5652929027832023,
      "hdc_avg": 14.0,
      "gs_avg": 5.725000000000001
    },
    "NYR": {
      "games_played": 5,
      "xg_sum": 12.001393591379406,
      "hdc_sum": 17.0,
      "gs_sum": 18.425,
      "xg_avg": 2.400278718275881,
      "hdc_avg": 3.4,
      "gs_avg": 3.685
    },
    "CBJ": {
      "games_played": 3,
      "xg_sum": 7.993200466430002,
      "hdc_sum": 24.0,
      "gs_sum": 11.825000000000003,
      "xg_avg": 2.664400155476667,
      "hdc_avg": 8.0,
      "gs_avg": 3.9416666666666678
    },
    "FLA": {
      "games_played": 2,
      "xg_sum": 7.116703081677951,
      "hdc_sum": 16.0,
      "gs_sum": 13.575000000000003,
      "xg_avg": 3.5583515408389754,
      "hdc_avg": 8.0,
      "gs_avg": 6.787500000000001
    },
    "BOS": {
      "games_played": 1,
      "xg_sum": 2.6843443198874994,
      "hdc_sum": 8.0,
      "gs_sum": 5.074999999999999,
      "xg_avg": 2.6843443198874994,
      "hdc_avg": 8.0,
      "gs_avg": 5.074999999999999
    },
    "MTL": {
      "games_played": 3,
      "xg_sum": 10.742803448935575,
      "hdc_sum": 22.0,
      "gs_sum": 11.900000000000004,
      "xg_avg": 3.5809344829785252,
      "hdc_avg": 7.333333333333333,
      "gs_avg": 3.966666666666668
    },
    "TOR": {
      "games_played": 2,
      "xg_sum": 4.115586670120798,
      "hdc_sum": 8.0,
      "gs_sum": 6.450000000000002,
      "xg_avg": 2.057793335060399,
      "hdc_avg": 4.0,
      "gs_avg": 3.225000000000001
    },
    "STL": {
      "games_played": 2,
      "xg_sum": 4.180318913126325,
      "hdc_sum": 11.0,
      "gs_sum": 6.0500000000000025,
      "xg_avg": 2.0901594565631627,
      "hdc_avg": 5.5,
      "gs_avg": 3.0250000000000012
    },
    "OTT": {
      "games_played": 2,
      "xg_sum": 7.94458915151835,
      "hdc_sum": 25.0,
      "gs_sum": 9.375,
      "xg_avg": 3.972294575759175,
      "hdc_avg": 12.5,
      "gs_avg": 4.6875
    },
    "NYI": {
      "games_played": 3,
      "xg_sum": 6.639237677636746,
      "hdc_sum": 14.0,
      "gs_sum": 11.125,
      "xg_avg": 2.2130792258789156,
      "hdc_avg": 4.666666666666667,
      "gs_avg": 3.7083333333333335
    },
    "TBL": {
      "games_played": 3,
      "xg_sum": 11.209129087250325,
      "hdc_sum": 33.0,
      "gs_sum": 11.75,
      "xg_avg": 3.736376362416775,
      "hdc_avg": 11.0,
      "gs_avg": 3.9166666666666665
    },
    "NSH": {
      "games_played": 1,
      "xg_sum": 1.9568826019624999,
      "hdc_sum": 6.0,
      "gs_sum": 3.075,
      "xg_avg": 1.9568826019624999,
      "hdc_avg": 6.0,
      "gs_avg": 3.075
    },
    "CAR": {
      "games_played": 3,
      "xg_sum": 13.017409872808125,
      "hdc_sum": 20.0,
      "gs_sum": 16.575000000000003,
      "xg_avg": 4.339136624269375,
      "hdc_avg": 6.666666666666667,
      "gs_avg": 5.525000000000001
    },
    "CGY": {
      "games_played": 2,
      "xg_sum": 5.715852338005002,
      "hdc_sum": 12.0,
      "gs_sum": 9.2,
      "xg_avg": 2.857926169002501,
      "hdc_avg": 6.0,
      "gs_avg": 4.6
    },
    "CHI": {
      "games_played": 2,
      "xg_sum": 2.25299488645875,
      "hdc_sum": 7.0,
      "gs_sum": 3.749999999999999,
      "xg_avg": 1.126497443229375,
      "hdc_avg": 3.5,
      "gs_avg": 1.8749999999999996
    },
    "LAK": {
      "games_played": 2,
      "xg_sum": 6.230940311869302,
      "hdc_sum": 13.0,
      "gs_sum": 11.575000000000001,
      "xg_avg": 3.115470155934651,
      "hdc_avg": 6.5,
      "gs_avg": 5.7875000000000005
    },
    "EDM": {
      "games_played": 1,
      "xg_sum": 3.5800902541500004,
      "hdc_sum": 13.0,
      "gs_sum": 6.150000000000001,
      "xg_avg": 3.5800902541500004,
      "hdc_avg": 13.0,
      "gs_avg": 6.150000000000001
    },
    "DET": {
      "games_played": 2,
      "xg_sum": 5.2242878812815015,
      "hdc_sum": 15.0,
      "gs_sum": 9.175,
      "xg_avg": 2.6121439406407507,
      "hdc_avg": 7.5,
      "gs_avg": 4.5875
    },
    "SEA": {
      "games_played": 2,
      "xg_sum": 6.651568835134195,
      "hdc_sum": 14.0,
      "gs_sum": 7.875000000000001,
      "xg_avg": 3.3257844175670974,
      "hdc_avg": 7.0,
      "gs_avg": 3.9375000000000004
    },
    "MIN": {
      "games_played": 2,
      "xg_sum": 6.696349101550001,
      "hdc_sum": 24.0,
      "gs_sum": 8.725000000000001,
      "xg_avg": 3.3481745507750005,
      "hdc_avg": 12.0,
      "gs_avg": 4.362500000000001
    },
    "PHI": {
      "games_played": 2,
      "xg_sum": 6.224562696367151,
      "hdc_sum": 10.0,
      "gs_sum": 9.525000000000002,
      "xg_avg": 3.1122813481835756,
      "hdc_avg": 5.0,
      "gs_avg": 4.762500000000001
    },
    "PIT": {
      "games_played": 2,
      "xg_sum": 9.466011086535001,
      "hdc_sum": 35.0,
      "gs_sum": 11.250000000000005,
      "xg_avg": 4.733005543267501,
      "hdc_avg": 17.5,
      "gs_avg": 5.625000000000003
    }
  }
}