{
  "season": "2025-2026",
  "generated_at": "2026-01-13T02:55:49.399545",
  "total_games": 704,
  "teams": {
    "VGK": {
      "games_played": 34,
      "xg_sum": 111.59622905538103,
      "hdc_sum": 143.0,
      "gs_sum": 155.55000000000004,
      "xg_avg": 3.2822420310406186,
      "hdc_avg": 4.205882352941177,
      "gs_avg": 4.575000000000001
    },
    "NJD": {
      "games_played": 35,
      "xg_sum": 105.62211110945384,
      "hdc_sum": 169.0,
      "gs_sum": 117.05000000000004,
      "xg_avg": 3.0177746031272528,
      "hdc_avg": 4.828571428571428,
      "gs_avg": 3.3442857142857156
    },
    "BUF": {
      "games_played": 32,
      "xg_sum": 115.79165898926726,
      "hdc_sum": 310.0,
      "gs_sum": 127.52500000000002,
      "xg_avg": 3.618489343414602,
      "hdc_avg": 9.6875,
      "gs_avg": 3.9851562500000006
    },
    "WPG": {
      "games_played": 34,
      "xg_sum": 87.56598662529964,
      "hdc_sum": 162.0,
      "gs_sum": 147.12500000000006,
      "xg_avg": 2.5754701948617544,
      "hdc_avg": 4.764705882352941,
      "gs_avg": 4.327205882352943
    },
    "SJS": {
      "games_played": 31,
      "xg_sum": 82.1998714311519,
      "hdc_sum": 263.0,
      "gs_sum": 109.62499999999996,
      "xg_avg": 2.65160875584361,
      "hdc_avg": 8.483870967741936,
      "gs_avg": 3.5362903225806437
    },
    "DAL": {
      "games_played": 32,
      "xg_sum": 94.1452752642966,
      "hdc_sum": 128.0,
      "gs_sum": 139.52500000000003,
      "xg_avg": 2.9420398520092688,
      "hdc_avg": 4.0,
      "gs_avg": 4.360156250000001
    },
    "UTA": {
      "games_played": 31,
      "xg_sum": 96.89275162587677,
      "hdc_sum": 204.0,
      "gs_sum": 131.54999999999995,
      "xg_avg": 3.125572633092799,
      "hdc_avg": 6.580645161290323,
      "gs_avg": 4.243548387096773
    },
    "VAN": {
      "games_played": 30,
      "xg_sum": 117.85780177309401,
      "hdc_sum": 199.0,
      "gs_sum": 119.75,
      "xg_avg": 3.928593392436467,
      "hdc_avg": 6.633333333333334,
      "gs_avg": 3.9916666666666667
    },
    "WSH": {
      "games_played": 26,
      "xg_sum": 87.95656362544523,
      "hdc_sum": 164.0,
      "gs_sum": 113.77499999999999,
      "xg_avg": 3.3829447548248166,
      "hdc_avg": 6.3076923076923075,
      "gs_avg": 4.375961538461538
    },
    "ANA": {
      "games_played": 28,
      "xg_sum": 106.84169241209942,
      "hdc_sum": 258.0,
      "gs_sum": 150.72500000000002,
      "xg_avg": 3.8157747290035506,
      "hdc_avg": 9.214285714285714,
      "gs_avg": 5.3830357142857155
    },
    "COL": {
      "games_played": 19,
      "xg_sum": 71.19645906397186,
      "hdc_sum": 191.0,
      "gs_sum": 111.8,
      "xg_avg": 3.7471820559985187,
      "hdc_avg": 10.052631578947368,
      "gs_avg": 5.88421052631579
    },
    "NYR": {
      "games_played": 20,
      "xg_sum": 56.289407162370594,
      "hdc_sum": 102.0,
      "gs_sum": 75.35000000000001,
      "xg_avg": 2.8144703581185295,
      "hdc_avg": 5.1,
      "gs_avg": 3.7675000000000005
    },
    "CBJ": {
      "games_played": 17,
      "xg_sum": 56.12220956662006,
      "hdc_sum": 138.0,
      "gs_sum": 77.10000000000001,
      "xg_avg": 3.3013064450952974,
      "hdc_avg": 8.117647058823529,
      "gs_avg": 4.53529411764706
    },
    "FLA": {
      "games_played": 19,
      "xg_sum": 62.13308097117435,
      "hdc_sum": 127.0,
      "gs_sum": 87.07500000000003,
      "xg_avg": 3.2701621563775976,
      "hdc_avg": 6.684210526315789,
      "gs_avg": 4.582894736842107
    },
    "BOS": {
      "games_played": 16,
      "xg_sum": 49.75313405341761,
      "hdc_sum": 127.0,
      "gs_sum": 71.00000000000001,
      "xg_avg": 3.1095708783386007,
      "hdc_avg": 7.9375,
      "gs_avg": 4.437500000000001
    },
    "MTL": {
      "games_played": 19,
      "xg_sum": 63.45876193029067,
      "hdc_sum": 101.0,
      "gs_sum": 86.35,
      "xg_avg": 3.339934838436351,
      "hdc_avg": 5.315789473684211,
      "gs_avg": 4.544736842105263
    },
    "TOR": {
      "games_played": 19,
      "xg_sum": 50.783193391066796,
      "hdc_sum": 125.0,
      "gs_sum": 85.15000000000003,
      "xg_avg": 2.67279965216141,
      "hdc_avg": 6.578947368421052,
      "gs_avg": 4.481578947368423
    },
    "STL": {
      "games_played": 17,
      "xg_sum": 46.02365788554425,
      "hdc_sum": 123.0,
      "gs_sum": 58.625000000000014,
      "xg_avg": 2.707273993267309,
      "hdc_avg": 7.235294117647059,
      "gs_avg": 3.4485294117647065
    },
    "OTT": {
      "games_played": 17,
      "xg_sum": 59.57416819872483,
      "hdc_sum": 162.0,
      "gs_sum": 78.62500000000001,
      "xg_avg": 3.5043628352191076,
      "hdc_avg": 9.529411764705882,
      "gs_avg": 4.625000000000001
    },
    "NYI": {
      "games_played": 18,
      "xg_sum": 51.06657695473193,
      "hdc_sum": 143.0,
      "gs_sum": 77.10000000000002,
      "xg_avg": 2.8370320530406627,
      "hdc_avg": 7.944444444444445,
      "gs_avg": 4.283333333333335
    },
    "TBL": {
      "games_played": 16,
      "xg_sum": 57.08212666365021,
      "hdc_sum": 143.0,
      "gs_sum": 78.65,
      "xg_avg": 3.567632916478138,
      "hdc_avg": 8.9375,
      "gs_avg": 4.915625
    },
    "NSH": {
      "games_played": 17,
      "xg_sum": 53.72930299877635,
      "hdc_sum": 130.0,
      "gs_sum": 73.275,
      "xg_avg": 3.160547235222138,
      "hdc_avg": 7.647058823529412,
      "gs_avg": 4.310294117647059
    },
    "CAR": {
      "games_played": 19,
      "xg_sum": 69.59171803867505,
      "hdc_sum": 134.0,
      "gs_sum": 98.45000000000003,
      "xg_avg": 3.662722002035529,
      "hdc_avg": 7.052631578947368,
      "gs_avg": 5.181578947368423
    },
    "CGY": {
      "games_played": 15,
      "xg_sum": 46.065819304497836,
      "hdc_sum": 86.0,
      "gs_sum": 65.60000000000001,
      "xg_avg": 3.0710546202998557,
      "hdc_avg": 5.733333333333333,
      "gs_avg": 4.373333333333334
    },
    "CHI": {
      "games_played": 20,
      "xg_sum": 52.91422480490845,
      "hdc_sum": 116.0,
      "gs_sum": 76.85000000000001,
      "xg_avg": 2.6457112402454226,
      "hdc_avg": 5.8,
      "gs_avg": 3.8425000000000002
    },
    "LAK": {
      "games_played": 17,
      "xg_sum": 56.03127782026089,
      "hdc_sum": 94.0,
      "gs_sum": 73.32499999999999,
      "xg_avg": 3.295957518838876,
      "hdc_avg": 5.529411764705882,
      "gs_avg": 4.313235294117646
    },
    "EDM": {
      "games_played": 16,
      "xg_sum": 55.89039465626246,
      "hdc_sum": 164.0,
      "gs_sum": 77.92500000000001,
      "xg_avg": 3.4931496660164036,
      "hdc_avg": 10.25,
      "gs_avg": 4.870312500000001
    },
    "DET": {
      "games_played": 17,
      "xg_sum": 51.525015783256315,
      "hdc_sum": 113.0,
      "gs_sum": 75.37500000000001,
      "xg_avg": 3.0308832813680184,
      "hdc_avg": 6.647058823529412,
      "gs_avg": 4.433823529411765
    },
    "SEA": {
      "games_played": 21,
      "xg_sum": 61.68764364681877,
      "hdc_sum": 160.0,
      "gs_sum": 91.52500000000002,
      "xg_avg": 2.9375068403247035,
      "hdc_avg": 7.619047619047619,
      "gs_avg": 4.358333333333334
    },
    "MIN": {
      "games_played": 17,
      "xg_sum": 58.477056471802214,
      "hdc_sum": 138.0,
      "gs_sum": 87.65000000000002,
      "xg_avg": 3.4398268512824832,
      "hdc_avg": 8.117647058823529,
      "gs_avg": 5.155882352941178
    },
    "PHI": {
      "games_played": 17,
      "xg_sum": 53.82321456310786,
      "hdc_sum": 102.0,
      "gs_sum": 72.85000000000001,
      "xg_avg": 3.1660714448886975,
      "hdc_avg": 6.0,
      "gs_avg": 4.28529411764706
    },
    "PIT": {
      "games_played": 18,
      "xg_sum": 62.99760183854804,
      "hdc_sum": 192.0,
      "gs_sum": 89.325,
      "xg_avg": 3.4998667688082246,
      "hdc_avg": 10.666666666666666,
      "gs_avg": 4.9625
    }
  }
}