{
  "season": "2025-2026",
  "generated_at": "2025-12-23T02:53:37.279941",
  "total_games": 418,
  "teams": {
    "VGK": {
      "games_played": 25,
      "xg_sum": 82.17997803202677,
      "hdc_sum": 103.0,
      "gs_sum": 109.07500000000002,
      "xg_avg": 3.2871991212810707,
      "hdc_avg": 4.12,
      "gs_avg": 4.363
    },
    "NJD": {
      "games_played": 26,
      "xg_sum": 72.5122135317824,
      "hdc_sum": 97.0,
      "gs_sum": 81.65000000000002,
      "xg_avg": 2.788931289683938,
      "hdc_avg": 3.730769230769231,
      "gs_avg": 3.140384615384616
    },
    "BUF": {
      "games_played": 24,
      "xg_sum": 92.71967742625803,
      "hdc_sum": 255.0,
      "gs_sum": 88.55000000000001,
      "xg_avg": 3.8633198927607513,
      "hdc_avg": 10.625,
      "gs_avg": 3.6895833333333337
    },
    "WPG": {
      "games_played": 25,
      "xg_sum": 59.468727212522985,
      "hdc_sum": 117.0,
      "gs_sum": 105.05000000000005,
      "xg_avg": 2.3787490885009195,
      "hdc_avg": 4.68,
      "gs_avg": 4.202000000000002
    },
    "SJS": {
      "games_played": 23,
      "xg_sum": 55.424500353050874,
      "hdc_sum": 182.0,
      "gs_sum": 72.44999999999997,
      "xg_avg": 2.409760884915255,
      "hdc_avg": 7.913043478260869,
      "gs_avg": 3.149999999999999
    },
    "DAL": {
      "games_played": 24,
      "xg_sum": 66.92964075650085,
      "hdc_sum": 66.0,
      "gs_sum": 104.27500000000002,
      "xg_avg": 2.7887350315208685,
      "hdc_avg": 2.75,
      "gs_avg": 4.3447916666666675
    },
    "UTA": {
      "games_played": 23,
      "xg_sum": 70.64452041127984,
      "hdc_sum": 139.0,
      "gs_sum": 97.27499999999998,
      "xg_avg": 3.0715008874469496,
      "hdc_avg": 6.043478260869565,
      "gs_avg": 4.229347826086956
    },
    "VAN": {
      "games_played": 21,
      "xg_sum": 86.27121658315302,
      "hdc_sum": 146.0,
      "gs_sum": 83.0,
      "xg_avg": 4.108153170626334,
      "hdc_avg": 6.9523809523809526,
      "gs_avg": 3.9523809523809526
    },
    "WSH": {
      "games_played": 17,
      "xg_sum": 61.79567315757123,
      "hdc_sum": 113.0,
      "gs_sum": 73.775,
      "xg_avg": 3.63503959750419,
      "hdc_avg": 6.647058823529412,
      "gs_avg": 4.339705882352941
    },
    "ANA": {
      "games_played": 18,
      "xg_sum": 71.65711116350643,
      "hdc_sum": 157.0,
      "gs_sum": 111.0,
      "xg_avg": 3.9809506201948017,
      "hdc_avg": 8.722222222222221,
      "gs_avg": 6.166666666666667
    },
    "COL": {
      "games_played": 11,
      "xg_sum": 43.026435019508085,
      "hdc_sum": 121.0,
      "gs_sum": 66.75000000000001,
      "xg_avg": 3.911494092682553,
      "hdc_avg": 11.0,
      "gs_avg": 6.068181818181819
    },
    "NYR": {
      "games_played": 12,
      "xg_sum": 33.528608176216686,
      "hdc_sum": 55.0,
      "gs_sum": 44.05,
      "xg_avg": 2.7940506813513903,
      "hdc_avg": 4.583333333333333,
      "gs_avg": 3.670833333333333
    },
    "CBJ": {
      "games_played": 8,
      "xg_sum": 22.9678926841556,
      "hdc_sum": 56.0,
      "gs_sum": 35.575,
      "xg_avg": 2.87098658551945,
      "hdc_avg": 7.0,
      "gs_avg": 4.446875
    },
    "FLA": {
      "games_played": 9,
      "xg_sum": 29.84987434533798,
      "hdc_sum": 61.0,
      "gs_sum": 47.12500000000001,
      "xg_avg": 3.316652705037553,
      "hdc_avg": 6.777777777777778,
      "gs_avg": 5.236111111111112
    },
    "BOS": {
      "games_played": 8,
      "xg_sum": 23.990181354117,
      "hdc_sum": 57.0,
      "gs_sum": 36.87500000000001,
      "xg_avg": 2.998772669264625,
      "hdc_avg": 7.125,
      "gs_avg": 4.609375000000001
    },
    "MTL": {
      "games_played": 10,
      "xg_sum": 32.701930140910065,
      "hdc_sum": 61.0,
      "gs_sum": 43.125,
      "xg_avg": 3.2701930140910065,
      "hdc_avg": 6.1,
      "gs_avg": 4.3125
    },
    "TOR": {
      "games_played": 8,
      "xg_sum": 21.231138225748587,
      "hdc_sum": 42.0,
      "gs_sum": 28.125000000000004,
      "xg_avg": 2.6538922782185734,
      "hdc_avg": 5.25,
      "gs_avg": 3.5156250000000004
    },
    "STL": {
      "games_played": 10,
      "xg_sum": 25.508528827174846,
      "hdc_sum": 70.0,
      "gs_sum": 34.50000000000001,
      "xg_avg": 2.550852882717485,
      "hdc_avg": 7.0,
      "gs_avg": 3.4500000000000006
    },
    "OTT": {
      "games_played": 8,
      "xg_sum": 30.31031013608907,
      "hdc_sum": 84.0,
      "gs_sum": 42.50000000000001,
      "xg_avg": 3.7887887670111335,
      "hdc_avg": 10.5,
      "gs_avg": 5.312500000000001
    },
    "NYI": {
      "games_played": 8,
      "xg_sum": 21.205647450810623,
      "hdc_sum": 63.0,
      "gs_sum": 32.875,
      "xg_avg": 2.650705931351328,
      "hdc_avg": 7.875,
      "gs_avg": 4.109375
    },
    "TBL": {
      "games_played": 9,
      "xg_sum": 31.964999610296502,
      "hdc_sum": 86.0,
      "gs_sum": 43.1,
      "xg_avg": 3.551666623366278,
      "hdc_avg": 9.555555555555555,
      "gs_avg": 4.788888888888889
    },
    "NSH": {
      "games_played": 8,
      "xg_sum": 25.21099131079693,
      "hdc_sum": 68.0,
      "gs_sum": 37.75,
      "xg_avg": 3.1513739138496164,
      "hdc_avg": 8.5,
      "gs_avg": 4.71875
    },
    "CAR": {
      "games_played": 9,
      "xg_sum": 34.31813546399563,
      "hdc_sum": 67.0,
      "gs_sum": 48.02500000000001,
      "xg_avg": 3.8131261626661814,
      "hdc_avg": 7.444444444444445,
      "gs_avg": 5.336111111111112
    },
    "CGY": {
      "games_played": 7,
      "xg_sum": 23.980144883840982,
      "hdc_sum": 45.0,
      "gs_sum": 38.12500000000001,
      "xg_avg": 3.4257349834058544,
      "hdc_avg": 6.428571428571429,
      "gs_avg": 5.446428571428572
    },
    "CHI": {
      "games_played": 8,
      "xg_sum": 15.466895858406003,
      "hdc_sum": 35.0,
      "gs_sum": 23.75,
      "xg_avg": 1.9333619823007504,
      "hdc_avg": 4.375,
      "gs_avg": 2.96875
    },
    "LAK": {
      "games_played": 7,
      "xg_sum": 21.89507763569694,
      "hdc_sum": 41.0,
      "gs_sum": 26.525000000000002,
      "xg_avg": 3.1278682336709913,
      "hdc_avg": 5.857142857142857,
      "gs_avg": 3.7892857142857146
    },
    "EDM": {
      "games_played": 9,
      "xg_sum": 29.90309443227086,
      "hdc_sum": 88.0,
      "gs_sum": 43.925,
      "xg_avg": 3.3225660480300956,
      "hdc_avg": 9.777777777777779,
      "gs_avg": 4.8805555555555555
    },
    "DET": {
      "games_played": 9,
      "xg_sum": 28.645336948031822,
      "hdc_sum": 65.0,
      "gs_sum": 40.775000000000006,
      "xg_avg": 3.18281521644798,
      "hdc_avg": 7.222222222222222,
      "gs_avg": 4.530555555555556
    },
    "SEA": {
      "games_played": 8,
      "xg_sum": 27.55549559452447,
      "hdc_sum": 63.0,
      "gs_sum": 33.425000000000004,
      "xg_avg": 3.4444369493155587,
      "hdc_avg": 7.875,
      "gs_avg": 4.1781250000000005
    },
    "MIN": {
      "games_played": 9,
      "xg_sum": 29.708849455842156,
      "hdc_sum": 69.0,
      "gs_sum": 46.275000000000006,
      "xg_avg": 3.300983272871351,
      "hdc_avg": 7.666666666666667,
      "gs_avg": 5.1416666666666675
    },
    "PHI": {
      "games_played": 8,
      "xg_sum": 23.8260763464429,
      "hdc_sum": 50.0,
      "gs_sum": 32.425000000000004,
      "xg_avg": 2.9782595433053625,
      "hdc_avg": 6.25,
      "gs_avg": 4.0531250000000005
    },
    "PIT": {
      "games_played": 9,
      "xg_sum": 34.68199330514328,
      "hdc_sum": 108.0,
      "gs_sum": 43.125,
      "xg_avg": 3.853554811682587,
      "hdc_avg": 12.0,
      "gs_avg": 4.791666666666667
    }
  }
}