{
  "season": "2025-2026",
  "generated_at": "2025-12-06T19:51:23.805313",
  "total_games": 78,
  "teams": {
    "VGK": {
      "games_played": 10,
      "xg_sum": 31.562438743894997,
      "hdc_sum": 30.0,
      "gs_sum": 42.50000000000001,
      "xg_avg": 3.1562438743895,
      "hdc_avg": 3.0,
      "gs_avg": 4.250000000000001
    },
    "NJD": {
      "games_played": 10,
      "xg_sum": 25.624020616875,
      "hdc_sum": 20.0,
      "gs_sum": 26.999999999999996,
      "xg_avg": 2.5624020616875,
      "hdc_avg": 2.0,
      "gs_avg": 2.6999999999999997
    },
    "BUF": {
      "games_played": 10,
      "xg_sum": 43.461340259250015,
      "hdc_sum": 120.0,
      "gs_sum": 34.000000000000014,
      "xg_avg": 4.346134025925002,
      "hdc_avg": 12.0,
      "gs_avg": 3.4000000000000012
    },
    "WPG": {
      "games_played": 10,
      "xg_sum": 20.342438954874996,
      "hdc_sum": 50.0,
      "gs_sum": 43.25000000000002,
      "xg_avg": 2.0342438954874997,
      "hdc_avg": 5.0,
      "gs_avg": 4.325000000000002
    },
    "SJS": {
      "games_played": 9,
      "xg_sum": 17.272579099725,
      "hdc_sum": 63.0,
      "gs_sum": 21.149999999999984,
      "xg_avg": 1.919175455525,
      "hdc_avg": 7.0,
      "gs_avg": 2.3499999999999983
    },
    "DAL": {
      "games_played": 9,
      "xg_sum": 24.883444002487508,
      "hdc_sum": 9.0,
      "gs_sum": 38.25000000000001,
      "xg_avg": 2.764827111387501,
      "hdc_avg": 1.0,
      "gs_avg": 4.250000000000001
    },
    "UTA": {
      "games_played": 7,
      "xg_sum": 19.025836131862494,
      "hdc_sum": 35.0,
      "gs_sum": 28.350000000000005,
      "xg_avg": 2.7179765902660704,
      "hdc_avg": 5.0,
      "gs_avg": 4.050000000000001
    },
    "VAN": {
      "games_played": 7,
      "xg_sum": 32.77568425926714,
      "hdc_sum": 56.0,
      "gs_sum": 26.924999999999997,
      "xg_avg": 4.682240608466734,
      "hdc_avg": 8.0,
      "gs_avg": 3.846428571428571
    },
    "WSH": {
      "games_played": 3,
      "xg_sum": 11.575660023743557,
      "hdc_sum": 18.0,
      "gs_sum": 14.249999999999996,
      "xg_avg": 3.8585533412478523,
      "hdc_avg": 6.0,
      "gs_avg": 4.749999999999999
    },
    "ANA": {
      "games_played": 3,
      "xg_sum": 13.134385544295004,
      "hdc_sum": 30.0,
      "gs_sum": 21.150000000000002,
      "xg_avg": 4.3781285147650015,
      "hdc_avg": 10.0,
      "gs_avg": 7.050000000000001
    }
  }
}