{
  "season": "2025-2026",
  "generated_at": "2025-12-06T22:36:55.474119",
  "total_games": 216,
  "teams": {
    "VGK": {
      "games_played": 22,
      "xg_sum": 69.43736523656902,
      "hdc_sum": 66.0,
      "gs_sum": 93.50000000000001,
      "xg_avg": 3.156243874389501,
      "hdc_avg": 3.0,
      "gs_avg": 4.250000000000001
    },
    "NJD": {
      "games_played": 22,
      "xg_sum": 56.372845357125,
      "hdc_sum": 44.0,
      "gs_sum": 59.40000000000003,
      "xg_avg": 2.5624020616875,
      "hdc_avg": 2.0,
      "gs_avg": 2.700000000000001
    },
    "BUF": {
      "games_played": 22,
      "xg_sum": 95.61494857035001,
      "hdc_sum": 264.0,
      "gs_sum": 74.80000000000003,
      "xg_avg": 4.346134025925,
      "hdc_avg": 12.0,
      "gs_avg": 3.4000000000000012
    },
    "WPG": {
      "games_played": 22,
      "xg_sum": 44.75336570072499,
      "hdc_sum": 110.0,
      "gs_sum": 95.15000000000005,
      "xg_avg": 2.0342438954874997,
      "hdc_avg": 5.0,
      "gs_avg": 4.325000000000002
    },
    "SJS": {
      "games_played": 21,
      "xg_sum": 40.302684566025,
      "hdc_sum": 147.0,
      "gs_sum": 49.34999999999999,
      "xg_avg": 1.919175455525,
      "hdc_avg": 7.0,
      "gs_avg": 2.349999999999999
    },
    "DAL": {
      "games_played": 21,
      "xg_sum": 58.06136933913755,
      "hdc_sum": 21.0,
      "gs_sum": 89.25000000000001,
      "xg_avg": 2.7648271113875023,
      "hdc_avg": 1.0,
      "gs_avg": 4.250000000000001
    },
    "UTA": {
      "games_played": 19,
      "xg_sum": 51.626976690412484,
      "hdc_sum": 95.0,
      "gs_sum": 76.94999999999997,
      "xg_avg": 2.717209299495394,
      "hdc_avg": 5.0,
      "gs_avg": 4.049999999999999
    },
    "VAN": {
      "games_played": 19,
      "xg_sum": 89.33096717169643,
      "hdc_sum": 152.0,
      "gs_sum": 73.725,
      "xg_avg": 4.7016298511419174,
      "hdc_avg": 8.0,
      "gs_avg": 3.8802631578947366
    },
    "WSH": {
      "games_played": 15,
      "xg_sum": 57.8783001187178,
      "hdc_sum": 90.0,
      "gs_sum": 71.24999999999999,
      "xg_avg": 3.8585533412478537,
      "hdc_avg": 6.0,
      "gs_avg": 4.749999999999999
    },
    "ANA": {
      "games_played": 15,
      "xg_sum": 65.86208836147503,
      "hdc_sum": 150.0,
      "gs_sum": 105.74999999999997,
      "xg_avg": 4.3908058907650025,
      "hdc_avg": 10.0,
      "gs_avg": 7.049999999999998
    },
    "COL": {
      "games_played": 9,
      "xg_sum": 33.777522792148524,
      "hdc_sum": 144.0,
      "gs_sum": 53.25000000000002,
      "xg_avg": 3.7530580880165028,
      "hdc_avg": 16.0,
      "gs_avg": 5.916666666666669
    },
    "NYR": {
      "games_played": 9,
      "xg_sum": 21.346697614734914,
      "hdc_sum": 9.0,
      "gs_sum": 34.650000000000006,
      "xg_avg": 2.3718552905261014,
      "hdc_avg": 1.0,
      "gs_avg": 3.8500000000000005
    }
  }
}