{
  "season": "2025-2026",
  "generated_at": "2025-12-15T03:25:30.250620",
  "total_games": 300,
  "teams": {
    "VGK": {
      "games_played": 22,
      "xg_sum": 69.76498114124627,
      "hdc_sum": 73.0,
      "gs_sum": 95.17500000000001,
      "xg_avg": 3.171135506420285,
      "hdc_avg": 3.3181818181818183,
      "gs_avg": 4.326136363636365
    },
    "NJD": {
      "games_played": 23,
      "xg_sum": 63.6448260795054,
      "hdc_sum": 74.0,
      "gs_sum": 71.22500000000002,
      "xg_avg": 2.7671663512828433,
      "hdc_avg": 3.217391304347826,
      "gs_avg": 3.0967391304347838
    },
    "BUF": {
      "games_played": 20,
      "xg_sum": 81.88316994543753,
      "hdc_sum": 221.0,
      "gs_sum": 70.275,
      "xg_avg": 4.094158497271876,
      "hdc_avg": 11.05,
      "gs_avg": 3.5137500000000004
    },
    "WPG": {
      "games_played": 21,
      "xg_sum": 48.65715518939549,
      "hdc_sum": 103.0,
      "gs_sum": 92.30000000000004,
      "xg_avg": 2.317007389971214,
      "hdc_avg": 4.904761904761905,
      "gs_avg": 4.395238095238097
    },
    "SJS": {
      "games_played": 20,
      "xg_sum": 43.2929637852895,
      "hdc_sum": 144.0,
      "gs_sum": 55.399999999999984,
      "xg_avg": 2.164648189264475,
      "hdc_avg": 7.2,
      "gs_avg": 2.769999999999999
    },
    "DAL": {
      "games_played": 20,
      "xg_sum": 55.65926376126133,
      "hdc_sum": 42.0,
      "gs_sum": 81.20000000000002,
      "xg_avg": 2.7829631880630665,
      "hdc_avg": 2.1,
      "gs_avg": 4.0600000000000005
    },
    "UTA": {
      "games_played": 19,
      "xg_sum": 57.603478621551936,
      "hdc_sum": 111.0,
      "gs_sum": 81.07499999999999,
      "xg_avg": 3.0317620327132597,
      "hdc_avg": 5.842105263157895,
      "gs_avg": 4.2671052631578945
    },
    "VAN": {
      "games_played": 18,
      "xg_sum": 79.22206239960303,
      "hdc_sum": 128.0,
      "gs_sum": 69.475,
      "xg_avg": 4.401225688866835,
      "hdc_avg": 7.111111111111111,
      "gs_avg": 3.859722222222222
    },
    "WSH": {
      "games_played": 13,
      "xg_sum": 47.670849265066025,
      "hdc_sum": 83.0,
      "gs_sum": 58.199999999999996,
      "xg_avg": 3.6669884050050787,
      "hdc_avg": 6.384615384615385,
      "gs_avg": 4.476923076923077
    },
    "ANA": {
      "games_played": 14,
      "xg_sum": 58.93534927914002,
      "hdc_sum": 128.0,
      "gs_sum": 92.125,
      "xg_avg": 4.209667805652859,
      "hdc_avg": 9.142857142857142,
      "gs_avg": 6.580357142857143
    },
    "COL": {
      "games_played": 8,
      "xg_sum": 30.45701542841556,
      "hdc_sum": 95.0,
      "gs_sum": 48.82500000000001,
      "xg_avg": 3.807126928551945,
      "hdc_avg": 11.875,
      "gs_avg": 6.103125000000001
    },
    "NYR": {
      "games_played": 7,
      "xg_sum": 18.893119652540484,
      "hdc_sum": 29.0,
      "gs_sum": 26.275,
      "xg_avg": 2.699017093220069,
      "hdc_avg": 4.142857142857143,
      "gs_avg": 3.7535714285714286
    },
    "CBJ": {
      "games_played": 5,
      "xg_sum": 13.088210451051001,
      "hdc_sum": 35.0,
      "gs_sum": 20.825000000000003,
      "xg_avg": 2.6176420902102002,
      "hdc_avg": 7.0,
      "gs_avg": 4.165000000000001
    },
    "FLA": {
      "games_played": 5,
      "xg_sum": 17.877171340762192,
      "hdc_sum": 30.0,
      "gs_sum": 27.475000000000005,
      "xg_avg": 3.5754342681524385,
      "hdc_avg": 6.0,
      "gs_avg": 5.495000000000001
    },
    "BOS": {
      "games_played": 4,
      "xg_sum": 11.233960309962502,
      "hdc_sum": 29.0,
      "gs_sum": 21.200000000000003,
      "xg_avg": 2.8084900774906254,
      "hdc_avg": 7.25,
      "gs_avg": 5.300000000000001
    },
    "MTL": {
      "games_played": 6,
      "xg_sum": 20.62693374689306,
      "hdc_sum": 41.0,
      "gs_sum": 25.8,
      "xg_avg": 3.437822291148843,
      "hdc_avg": 6.833333333333333,
      "gs_avg": 4.3
    },
    "TOR": {
      "games_played": 4,
      "xg_sum": 9.663339931751425,
      "hdc_sum": 21.0,
      "gs_sum": 14.675000000000004,
      "xg_avg": 2.4158349829378563,
      "hdc_avg": 5.25,
      "gs_avg": 3.668750000000001
    },
    "STL": {
      "games_played": 5,
      "xg_sum": 11.348309000204043,
      "hdc_sum": 31.0,
      "gs_sum": 17.575000000000003,
      "xg_avg": 2.269661800040809,
      "hdc_avg": 6.2,
      "gs_avg": 3.5150000000000006
    },
    "OTT": {
      "games_played": 4,
      "xg_sum": 14.756555113830851,
      "hdc_sum": 40.0,
      "gs_sum": 20.400000000000006,
      "xg_avg": 3.6891387784577128,
      "hdc_avg": 10.0,
      "gs_avg": 5.100000000000001
    },
    "NYI": {
      "games_played": 5,
      "xg_sum": 12.484345260620048,
      "hdc_sum": 36.0,
      "gs_sum": 21.825000000000003,
      "xg_avg": 2.4968690521240093,
      "hdc_avg": 7.2,
      "gs_avg": 4.365
    },
    "TBL": {
      "games_played": 5,
      "xg_sum": 18.812916014461624,
      "hdc_sum": 50.0,
      "gs_sum": 25.175,
      "xg_avg": 3.762583202892325,
      "hdc_avg": 10.0,
      "gs_avg": 5.035
    },
    "NSH": {
      "games_played": 4,
      "xg_sum": 12.825024183516504,
      "hdc_sum": 38.0,
      "gs_sum": 18.775000000000002,
      "xg_avg": 3.206256045879126,
      "hdc_avg": 9.5,
      "gs_avg": 4.6937500000000005
    },
    "CAR": {
      "games_played": 6,
      "xg_sum": 24.820638874683127,
      "hdc_sum": 48.0,
      "gs_sum": 32.70000000000001,
      "xg_avg": 4.136773145780521,
      "hdc_avg": 8.0,
      "gs_avg": 5.450000000000002
    },
    "CGY": {
      "games_played": 4,
      "xg_sum": 13.577211489039406,
      "hdc_sum": 31.0,
      "gs_sum": 19.5,
      "xg_avg": 3.3943028722598516,
      "hdc_avg": 7.75,
      "gs_avg": 4.875
    },
    "CHI": {
      "games_played": 5,
      "xg_sum": 8.897265454116253,
      "hdc_sum": 19.0,
      "gs_sum": 14.125,
      "xg_avg": 1.7794530908232506,
      "hdc_avg": 3.8,
      "gs_avg": 2.825
    },
    "LAK": {
      "games_played": 4,
      "xg_sum": 12.204449398176875,
      "hdc_sum": 19.0,
      "gs_sum": 16.925,
      "xg_avg": 3.0511123495442187,
      "hdc_avg": 4.75,
      "gs_avg": 4.23125
    },
    "EDM": {
      "games_played": 5,
      "xg_sum": 16.348563482483357,
      "hdc_sum": 54.0,
      "gs_sum": 25.675,
      "xg_avg": 3.269712696496671,
      "hdc_avg": 10.8,
      "gs_avg": 5.135
    },
    "DET": {
      "games_played": 5,
      "xg_sum": 14.528001803578103,
      "hdc_sum": 38.0,
      "gs_sum": 21.500000000000004,
      "xg_avg": 2.9056003607156207,
      "hdc_avg": 7.6,
      "gs_avg": 4.300000000000001
    },
    "SEA": {
      "games_played": 4,
      "xg_sum": 13.723179242541024,
      "hdc_sum": 28.0,
      "gs_sum": 17.925000000000004,
      "xg_avg": 3.430794810635256,
      "hdc_avg": 7.0,
      "gs_avg": 4.481250000000001
    },
    "MIN": {
      "games_played": 5,
      "xg_sum": 17.600329982529654,
      "hdc_sum": 42.0,
      "gs_sum": 25.375,
      "xg_avg": 3.520065996505931,
      "hdc_avg": 8.4,
      "gs_avg": 5.075
    },
    "PHI": {
      "games_played": 5,
      "xg_sum": 15.05827101849915,
      "hdc_sum": 31.0,
      "gs_sum": 19.125000000000004,
      "xg_avg": 3.01165420369983,
      "hdc_avg": 6.2,
      "gs_avg": 3.8250000000000006
    },
    "PIT": {
      "games_played": 5,
      "xg_sum": 18.680777299462505,
      "hdc_sum": 65.0,
      "gs_sum": 26.075000000000006,
      "xg_avg": 3.736155459892501,
      "hdc_avg": 13.0,
      "gs_avg": 5.215000000000002
    }
  }
}