{
  "season": "2025-2026",
  "generated_at": "2026-03-05T06:01:05.092948",
  "total_games": 448,
  "teams": {
    "BUF": {
      "games_played": 15,
      "xg_sum": 44.509944722064944,
      "hdc_sum": 109.0,
      "gs_sum": 70.00000000000003,
      "xg_avg": 2.967329648137663,
      "hdc_avg": 7.266666666666667,
      "gs_avg": 4.666666666666669
    },
    "CAR": {
      "games_played": 12,
      "xg_sum": 40.706388615027244,
      "hdc_sum": 84.0,
      "gs_sum": 63.20000000000001,
      "xg_avg": 3.39219905125227,
      "hdc_avg": 7.0,
      "gs_avg": 5.2666666666666675
    },
    "WSH": {
      "games_played": 15,
      "xg_sum": 52.110763179039346,
      "hdc_sum": 119.0,
      "gs_sum": 68.15000000000002,
      "xg_avg": 3.474050878602623,
      "hdc_avg": 7.933333333333334,
      "gs_avg": 4.543333333333335
    },
    "COL": {
      "games_played": 14,
      "xg_sum": 49.531685367012805,
      "hdc_sum": 94.0,
      "gs_sum": 71.32500000000002,
      "xg_avg": 3.5379775262152005,
      "hdc_avg": 6.714285714285714,
      "gs_avg": 5.094642857142858
    },
    "PIT": {
      "games_played": 13,
      "xg_sum": 41.66627384055868,
      "hdc_sum": 109.0,
      "gs_sum": 68.32500000000002,
      "xg_avg": 3.205097987735283,
      "hdc_avg": 8.384615384615385,
      "gs_avg": 5.255769230769232
    },
    "SEA": {
      "games_played": 15,
      "xg_sum": 37.49542304860507,
      "hdc_sum": 110.0,
      "gs_sum": 56.574999999999996,
      "xg_avg": 2.4996948699070045,
      "hdc_avg": 7.333333333333333,
      "gs_avg": 3.7716666666666665
    },
    "SJS": {
      "games_played": 12,
      "xg_sum": 36.69001884504802,
      "hdc_sum": 115.0,
      "gs_sum": 52.42500000000001,
      "xg_avg": 3.0575015704206687,
      "hdc_avg": 9.583333333333334,
      "gs_avg": 4.368750000000001
    },
    "FLA": {
      "games_played": 14,
      "xg_sum": 51.051466314956755,
      "hdc_sum": 76.0,
      "gs_sum": 58.95000000000002,
      "xg_avg": 3.646533308211197,
      "hdc_avg": 5.428571428571429,
      "gs_avg": 4.210714285714287
    },
    "MIN": {
      "games_played": 13,
      "xg_sum": 42.07799829530606,
      "hdc_sum": 83.0,
      "gs_sum": 67.07500000000002,
      "xg_avg": 3.2367690996389276,
      "hdc_avg": 6.384615384615385,
      "gs_avg": 5.159615384615386
    },
    "TOR": {
      "games_played": 15,
      "xg_sum": 46.621270541156065,
      "hdc_sum": 103.0,
      "gs_sum": 63.90000000000002,
      "xg_avg": 3.1080847027437377,
      "hdc_avg": 6.866666666666666,
      "gs_avg": 4.260000000000002
    },
    "PHI": {
      "games_played": 14,
      "xg_sum": 42.2105213080875,
      "hdc_sum": 83.0,
      "gs_sum": 53.725,
      "xg_avg": 3.015037236291964,
      "hdc_avg": 5.928571428571429,
      "gs_avg": 3.8375
    },
    "VGK": {
      "games_played": 15,
      "xg_sum": 51.158743278272794,
      "hdc_sum": 99.0,
      "gs_sum": 66.90000000000002,
      "xg_avg": 3.410582885218186,
      "hdc_avg": 6.6,
      "gs_avg": 4.460000000000002
    },
    "WPG": {
      "games_played": 13,
      "xg_sum": 40.07770404856086,
      "hdc_sum": 78.0,
      "gs_sum": 48.55000000000002,
      "xg_avg": 3.0829003114277587,
      "hdc_avg": 6.0,
      "gs_avg": 3.734615384615386
    },
    "CHI": {
      "games_played": 13,
      "xg_sum": 34.699280824461674,
      "hdc_sum": 80.0,
      "gs_sum": 46.22500000000001,
      "xg_avg": 2.669175448035513,
      "hdc_avg": 6.153846153846154,
      "gs_avg": 3.5557692307692315
    },
    "NJD": {
      "games_played": 15,
      "xg_sum": 45.690151212889155,
      "hdc_sum": 131.0,
      "gs_sum": 60.725000000000016,
      "xg_avg": 3.046010080859277,
      "hdc_avg": 8.733333333333333,
      "gs_avg": 4.048333333333335
    },
    "CGY": {
      "games_played": 12,
      "xg_sum": 38.88712492123229,
      "hdc_sum": 74.0,
      "gs_sum": 47.05,
      "xg_avg": 3.2405937434360244,
      "hdc_avg": 6.166666666666667,
      "gs_avg": 3.920833333333333
    },
    "NYI": {
      "games_played": 14,
      "xg_sum": 42.5965631508016,
      "hdc_sum": 98.0,
      "gs_sum": 60.875000000000014,
      "xg_avg": 3.042611653628686,
      "hdc_avg": 7.0,
      "gs_avg": 4.3482142857142865
    },
    "VAN": {
      "games_played": 13,
      "xg_sum": 37.097000486627785,
      "hdc_sum": 67.0,
      "gs_sum": 48.100000000000016,
      "xg_avg": 2.853615422048291,
      "hdc_avg": 5.153846153846154,
      "gs_avg": 3.700000000000001
    },
    "NYR": {
      "games_played": 11,
      "xg_sum": 32.62029898944243,
      "hdc_sum": 50.0,
      "gs_sum": 41.70000000000001,
      "xg_avg": 2.9654817263129485,
      "hdc_avg": 4.545454545454546,
      "gs_avg": 3.790909090909092
    },
    "ANA": {
      "games_played": 13,
      "xg_sum": 42.61091811830506,
      "hdc_sum": 114.0,
      "gs_sum": 66.2,
      "xg_avg": 3.2777629321773123,
      "hdc_avg": 8.76923076923077,
      "gs_avg": 5.092307692307693
    },
    "MTL": {
      "games_played": 11,
      "xg_sum": 36.32738288390738,
      "hdc_sum": 66.0,
      "gs_sum": 56.225000000000016,
      "xg_avg": 3.3024893530824895,
      "hdc_avg": 6.0,
      "gs_avg": 5.111363636363638
    },
    "TBL": {
      "games_played": 13,
      "xg_sum": 43.17333005697734,
      "hdc_sum": 133.0,
      "gs_sum": 65.65000000000003,
      "xg_avg": 3.3210253889982573,
      "hdc_avg": 10.23076923076923,
      "gs_avg": 5.0500000000000025
    },
    "OTT": {
      "games_played": 12,
      "xg_sum": 37.81143585593411,
      "hdc_sum": 106.0,
      "gs_sum": 55.90000000000001,
      "xg_avg": 3.150952987994509,
      "hdc_avg": 8.833333333333334,
      "gs_avg": 4.658333333333334
    },
    "CBJ": {
      "games_played": 12,
      "xg_sum": 32.070884143957834,
      "hdc_sum": 79.0,
      "gs_sum": 57.60000000000001,
      "xg_avg": 2.6725736786631527,
      "hdc_avg": 6.583333333333333,
      "gs_avg": 4.800000000000001
    },
    "BOS": {
      "games_played": 11,
      "xg_sum": 34.86068058564507,
      "hdc_sum": 85.0,
      "gs_sum": 48.300000000000004,
      "xg_avg": 3.1691527805131883,
      "hdc_avg": 7.7272727272727275,
      "gs_avg": 4.3909090909090915
    },
    "DAL": {
      "games_played": 13,
      "xg_sum": 47.97140864157265,
      "hdc_sum": 102.0,
      "gs_sum": 68.45,
      "xg_avg": 3.6901083570440503,
      "hdc_avg": 7.846153846153846,
      "gs_avg": 5.265384615384615
    },
    "NSH": {
      "games_played": 13,
      "xg_sum": 45.98197496637749,
      "hdc_sum": 104.0,
      "gs_sum": 60.07500000000002,
      "xg_avg": 3.5370749974136535,
      "hdc_avg": 8.0,
      "gs_avg": 4.621153846153847
    },
    "STL": {
      "games_played": 12,
      "xg_sum": 32.34384357161956,
      "hdc_sum": 96.0,
      "gs_sum": 53.82500000000002,
      "xg_avg": 2.695320297634963,
      "hdc_avg": 8.0,
      "gs_avg": 4.485416666666668
    },
    "EDM": {
      "games_played": 12,
      "xg_sum": 44.26576087292787,
      "hdc_sum": 131.0,
      "gs_sum": 66.575,
      "xg_avg": 3.6888134060773226,
      "hdc_avg": 10.916666666666666,
      "gs_avg": 5.547916666666667
    },
    "LAK": {
      "games_played": 12,
      "xg_sum": 36.36741558123157,
      "hdc_sum": 69.0,
      "gs_sum": 48.15000000000002,
      "xg_avg": 3.0306179651026306,
      "hdc_avg": 5.75,
      "gs_avg": 4.012500000000002
    },
    "DET": {
      "games_played": 12,
      "xg_sum": 39.41170725085776,
      "hdc_sum": 71.0,
      "gs_sum": 50.4,
      "xg_avg": 3.28430893757148,
      "hdc_avg": 5.916666666666667,
      "gs_avg": 4.2
    },
    "UTA": {
      "games_played": 12,
      "xg_sum": 37.79388634938302,
      "hdc_sum": 93.0,
      "gs_sum": 50.95,
      "xg_avg": 3.1494905291152517,
      "hdc_avg": 7.75,
      "gs_avg": 4.245833333333334
    },
    "SVK": {
      "games_played": 3,
      "xg_sum": 0.03779617500000001,
      "hdc_sum": 0.0,
      "gs_sum": 5.250000000000001,
      "xg_avg": 0.012598725000000003,
      "hdc_avg": 0.0,
      "gs_avg": 1.7500000000000002
    },