{
  "season": "2025-2026",
  "generated_at": "2026-01-17T04:21:21.545878",
  "total_games": 770,
  "teams": {
    "VGK": {
      "games_played": 36,
      "xg_sum": 116.30834622817353,
      "hdc_sum": 152.0,
      "gs_sum": 167.22500000000005,
      "xg_avg": 3.2307873952270425,
      "hdc_avg": 4.222222222222222,
      "gs_avg": 4.645138888888891
    },
    "NJD": {
      "games_played": 37,
      "xg_sum": 111.78443137152134,
      "hdc_sum": 186.0,
      "gs_sum": 127.65000000000003,
      "xg_avg": 3.021200847878955,
      "hdc_avg": 5.027027027027027,
      "gs_avg": 3.450000000000001
    },
    "BUF": {
      "games_played": 34,
      "xg_sum": 121.20564181118075,
      "hdc_sum": 320.0,
      "gs_sum": 137.15000000000003,
      "xg_avg": 3.5648718179759045,
      "hdc_avg": 9.411764705882353,
      "gs_avg": 4.033823529411766
    },
    "WPG": {
      "games_played": 36,
      "xg_sum": 94.4212272516649,
      "hdc_sum": 180.0,
      "gs_sum": 158.62500000000006,
      "xg_avg": 2.622811868101803,
      "hdc_avg": 5.0,
      "gs_avg": 4.406250000000002
    },
    "SJS": {
      "games_played": 33,
      "xg_sum": 88.5565332759917,
      "hdc_sum": 283.0,
      "gs_sum": 117.69999999999996,
      "xg_avg": 2.6835313113936876,
      "hdc_avg": 8.575757575757576,
      "gs_avg": 3.5666666666666655
    },
    "DAL": {
      "games_played": 35,
      "xg_sum": 101.60175956135411,
      "hdc_sum": 146.0,
      "gs_sum": 149.45000000000005,
      "xg_avg": 2.902907416038689,
      "hdc_avg": 4.171428571428572,
      "gs_avg": 4.270000000000001
    },
    "UTA": {
      "games_played": 33,
      "xg_sum": 107.44234194089408,
      "hdc_sum": 226.0,
      "gs_sum": 143.07499999999996,
      "xg_avg": 3.255828543663457,
      "hdc_avg": 6.848484848484849,
      "gs_avg": 4.335606060606059
    },
    "VAN": {
      "games_played": 33,
      "xg_sum": 127.77432850472977,
      "hdc_sum": 219.0,
      "gs_sum": 131.025,
      "xg_avg": 3.8719493486281746,
      "hdc_avg": 6.636363636363637,
      "gs_avg": 3.9704545454545457
    },
    "WSH": {
      "games_played": 28,
      "xg_sum": 96.02354206526022,
      "hdc_sum": 177.0,
      "gs_sum": 122.37499999999999,
      "xg_avg": 3.4294122166164365,
      "hdc_avg": 6.321428571428571,
      "gs_avg": 4.3705357142857135
    },
    "ANA": {
      "games_played": 29,
      "xg_sum": 110.48162157293692,
      "hdc_sum": 268.0,
      "gs_sum": 155.425,
      "xg_avg": 3.8097110887219627,
      "hdc_avg": 9.241379310344827,
      "gs_avg": 5.35948275862069
    },
    "COL": {
      "games_played": 20,
      "xg_sum": 74.6263945410721,
      "hdc_sum": 195.0,
      "gs_sum": 117.175,
      "xg_avg": 3.731319727053605,
      "hdc_avg": 9.75,
      "gs_avg": 5.85875
    },
    "NYR": {
      "games_played": 21,
      "xg_sum": 58.115684729633095,
      "hdc_sum": 106.0,
      "gs_sum": 80.05000000000001,
      "xg_avg": 2.7674135585539568,
      "hdc_avg": 5.0476190476190474,
      "gs_avg": 3.8119047619047626
    },
    "CBJ": {
      "games_played": 19,
      "xg_sum": 66.45116050303531,
      "hdc_sum": 164.0,
      "gs_sum": 89.80000000000001,
      "xg_avg": 3.497429500159753,
      "hdc_avg": 8.631578947368421,
      "gs_avg": 4.726315789473685
    },
    "FLA": {
      "games_played": 20,
      "xg_sum": 63.80192398479935,
      "hdc_sum": 131.0,
      "gs_sum": 88.07500000000003,
      "xg_avg": 3.1900961992399677,
      "hdc_avg": 6.55,
      "gs_avg": 4.403750000000001
    },
    "BOS": {
      "games_played": 18,
      "xg_sum": 55.10736781668156,
      "hdc_sum": 147.0,
      "gs_sum": 81.10000000000002,
      "xg_avg": 3.061520434260087,
      "hdc_avg": 8.166666666666666,
      "gs_avg": 4.505555555555556
    },
    "MTL": {
      "games_played": 22,
      "xg_sum": 73.87236329152006,
      "hdc_sum": 122.0,
      "gs_sum": 100.075,
      "xg_avg": 3.357834695069094,
      "hdc_avg": 5.545454545454546,
      "gs_avg": 4.548863636363636
    },
    "TOR": {
      "games_played": 22,
      "xg_sum": 58.24782672452152,
      "hdc_sum": 145.0,
      "gs_sum": 98.55000000000004,
      "xg_avg": 2.647628487478251,
      "hdc_avg": 6.590909090909091,
      "gs_avg": 4.479545454545456
    },
    "STL": {
      "games_played": 19,
      "xg_sum": 50.2708766674114,
      "hdc_sum": 136.0,
      "gs_sum": 66.72500000000002,
      "xg_avg": 2.6458356140742842,
      "hdc_avg": 7.157894736842105,
      "gs_avg": 3.511842105263159
    },
    "OTT": {
      "games_played": 19,
      "xg_sum": 67.60621948287164,
      "hdc_sum": 190.0,
      "gs_sum": 92.37500000000001,
      "xg_avg": 3.5582220780458758,
      "hdc_avg": 10.0,
      "gs_avg": 4.861842105263158
    },
    "NYI": {
      "games_played": 20,
      "xg_sum": 57.39899058686431,
      "hdc_sum": 154.0,
      "gs_sum": 84.20000000000003,
      "xg_avg": 2.8699495293432156,
      "hdc_avg": 7.7,
      "gs_avg": 4.210000000000002
    },
    "TBL": {
      "games_played": 18,
      "xg_sum": 63.95813876641271,
      "hdc_sum": 159.0,
      "gs_sum": 87.65,
      "xg_avg": 3.5532299314673725,
      "hdc_avg": 8.833333333333334,
      "gs_avg": 4.8694444444444445
    },
    "NSH": {
      "games_played": 18,
      "xg_sum": 56.8951092551916,
      "hdc_sum": 140.0,
      "gs_sum": 78.2,
      "xg_avg": 3.1608394030662,
      "hdc_avg": 7.777777777777778,
      "gs_avg": 4.344444444444445
    },
    "CAR": {
      "games_played": 22,
      "xg_sum": 81.25234427605666,
      "hdc_sum": 159.0,
      "gs_sum": 114.95000000000003,
      "xg_avg": 3.6932883761843938,
      "hdc_avg": 7.2272727272727275,
      "gs_avg": 5.225000000000001
    },
    "CGY": {
      "games_played": 17,
      "xg_sum": 53.31733937968499,
      "hdc_sum": 98.0,
      "gs_sum": 73.67500000000001,
      "xg_avg": 3.1363140811579404,
      "hdc_avg": 5.764705882352941,
      "gs_avg": 4.333823529411766
    },
    "CHI": {
      "games_played": 22,
      "xg_sum": 59.15180148253346,
      "hdc_sum": 128.0,
      "gs_sum": 82.275,
      "xg_avg": 2.688718249206066,
      "hdc_avg": 5.818181818181818,
      "gs_avg": 3.7397727272727277
    },
    "LAK": {
      "games_played": 19,
      "xg_sum": 61.04167638898777,
      "hdc_sum": 101.0,
      "gs_sum": 80.22499999999998,
      "xg_avg": 3.2127198099467247,
      "hdc_avg": 5.315789473684211,
      "gs_avg": 4.22236842105263
    },
    "EDM": {
      "games_played": 19,
      "xg_sum": 68.11217183219404,
      "hdc_sum": 198.0,
      "gs_sum": 91.20000000000002,
      "xg_avg": 3.584851149062844,
      "hdc_avg": 10.421052631578947,
      "gs_avg": 4.800000000000001
    },
    "DET": {
      "games_played": 20,
      "xg_sum": 62.71203076102182,
      "hdc_sum": 126.0,
      "gs_sum": 86.70000000000002,
      "xg_avg": 3.135601538051091,
      "hdc_avg": 6.3,
      "gs_avg": 4.335000000000001
    },
    "SEA": {
      "games_played": 23,
      "xg_sum": 67.59369453751877,
      "hdc_sum": 166.0,
      "gs_sum": 98.45000000000002,
      "xg_avg": 2.9388562842399466,
      "hdc_avg": 7.217391304347826,
      "gs_avg": 4.280434782608697
    },
    "MIN": {
      "games_played": 19,
      "xg_sum": 64.26191941132997,
      "hdc_sum": 149.0,
      "gs_sum": 95.20000000000003,
      "xg_avg": 3.3822062848068404,
      "hdc_avg": 7.842105263157895,
      "gs_avg": 5.010526315789475
    },
    "PHI": {
      "games_played": 19,
      "xg_sum": 60.509997744526586,
      "hdc_sum": 115.0,
      "gs_sum": 80.05000000000001,
      "xg_avg": 3.1847367233961363,
      "hdc_avg": 6.052631578947368,
      "gs_avg": 4.213157894736843
    },
    "PIT": {
      "games_played": 20,
      "xg_sum": 70.28177896188554,
      "hdc_sum": 219.0,
      "gs_sum": 98.8,
      "xg_avg": 3.514088948094277,
      "hdc_avg": 10.95,
      "gs_avg": 4.9399999999999995
    }
  }
}