{
  "season": "2025-2026",
  "generated_at": "2025-12-08T01:45:00.818878",
  "total_games": 188,
  "teams": {
    "VGK": {
      "games_played": 18,
      "xg_sum": 56.81238973901102,
      "hdc_sum": 54.0,
      "gs_sum": 76.50000000000001,
      "xg_avg": 3.156243874389501,
      "hdc_avg": 3.0,
      "gs_avg": 4.250000000000001
    },
    "NJD": {
      "games_played": 19,
      "xg_sum": 50.02247806100415,
      "hdc_sum": 38.0,
      "gs_sum": 52.52500000000002,
      "xg_avg": 2.6327620032107446,
      "hdc_avg": 2.0,
      "gs_avg": 2.7644736842105275
    },
    "BUF": {
      "games_played": 17,
      "xg_sum": 73.88427844072503,
      "hdc_sum": 204.0,
      "gs_sum": 57.800000000000004,
      "xg_avg": 4.346134025925002,
      "hdc_avg": 12.0,
      "gs_avg": 3.4000000000000004
    },
    "WPG": {
      "games_played": 18,
      "xg_sum": 36.947490051134935,
      "hdc_sum": 86.0,
      "gs_sum": 76.80000000000004,
      "xg_avg": 2.052638336174163,
      "hdc_avg": 4.777777777777778,
      "gs_avg": 4.266666666666669
    },
    "SJS": {
      "games_played": 17,
      "xg_sum": 32.7666892251375,
      "hdc_sum": 119.0,
      "gs_sum": 41.79999999999998,
      "xg_avg": 1.9274523073610292,
      "hdc_avg": 7.0,
      "gs_avg": 2.4588235294117635
    },
    "DAL": {
      "games_played": 17,
      "xg_sum": 47.99674016615303,
      "hdc_sum": 23.0,
      "gs_sum": 72.60000000000002,
      "xg_avg": 2.8233376568325315,
      "hdc_avg": 1.3529411764705883,
      "gs_avg": 4.270588235294119
    },
    "UTA": {
      "games_played": 15,
      "xg_sum": 42.44864267813749,
      "hdc_sum": 80.0,
      "gs_sum": 59.42499999999999,
      "xg_avg": 2.8299095118758326,
      "hdc_avg": 5.333333333333333,
      "gs_avg": 3.961666666666666
    },
    "VAN": {
      "games_played": 15,
      "xg_sum": 67.9967652417112,
      "hdc_sum": 116.0,
      "gs_sum": 58.374999999999986,
      "xg_avg": 4.5331176827807464,
      "hdc_avg": 7.733333333333333,
      "gs_avg": 3.8916666666666657
    },
    "WSH": {
      "games_played": 10,
      "xg_sum": 38.585533412478526,
      "hdc_sum": 60.0,
      "gs_sum": 47.49999999999999,
      "xg_avg": 3.8585533412478528,
      "hdc_avg": 6.0,
      "gs_avg": 4.749999999999999
    },
    "ANA": {
      "games_played": 10,
      "xg_sum": 43.89221218765002,
      "hdc_sum": 100.0,
      "gs_sum": 70.49999999999999,
      "xg_avg": 4.389221218765002,
      "hdc_avg": 10.0,
      "gs_avg": 7.049999999999999
    },
    "COL": {
      "games_played": 5,
      "xg_sum": 17.82646451391601,
      "hdc_sum": 70.0,
      "gs_sum": 28.625000000000007,
      "xg_avg": 3.5652929027832023,
      "hdc_avg": 14.0,
      "gs_avg": 5.725000000000001
    },
    "NYR": {
      "games_played": 4,
      "xg_sum": 9.487421162104406,
      "hdc_sum": 4.0,
      "gs_sum": 15.4,
      "xg_avg": 2.3718552905261014,
      "hdc_avg": 1.0,
      "gs_avg": 3.85
    },
    "CBJ": {
      "games_played": 1,
      "xg_sum": 2.436820488205001,
      "hdc_sum": 7.0,
      "gs_sum": 6.125000000000001,
      "xg_avg": 2.436820488205001,
      "hdc_avg": 7.0,
      "gs_avg": 6.125000000000001
    },
    "FLA": {
      "games_played": 2,
      "xg_sum": 7.116703081677951,
      "hdc_sum": 16.0,
      "gs_sum": 13.575000000000003,
      "xg_avg": 3.5583515408389754,
      "hdc_avg": 8.0,
      "gs_avg": 6.787500000000001
    },
    "BOS": {
      "games_played": 1,
      "xg_sum": 2.6843443198874994,
      "hdc_sum": 8.0,
      "gs_sum": 5.074999999999999,
      "xg_avg": 2.6843443198874994,
      "hdc_avg": 8.0,
      "gs_avg": 5.074999999999999
    },
    "MTL": {
      "games_played": 1,
      "xg_sum": 2.735209436345073,
      "hdc_sum": 10.0,
      "gs_sum": 4.6750000000000025,
      "xg_avg": 2.735209436345073,
      "hdc_avg": 10.0,
      "gs_avg": 4.6750000000000025
    },
    "TOR": {
      "games_played": 1,
      "xg_sum": 2.0862799068624995,
      "hdc_sum": 3.0,
      "gs_sum": 3.3500000000000014,
      "xg_avg": 2.0862799068624995,
      "hdc_avg": 3.0,
      "gs_avg": 3.3500000000000014
    },
    "STL": {
      "games_played": 1,
      "xg_sum": 1.9319875335000003,
      "hdc_sum": 4.0,
      "gs_sum": 2.0000000000000013,
      "xg_avg": 1.9319875335000003,
      "hdc_avg": 4.0,
      "gs_avg": 2.0000000000000013
    },
    "OTT": {
      "games_played": 1,
      "xg_sum": 3.7003505704249995,
      "hdc_sum": 13.0,
      "gs_sum": 4.224999999999998,
      "xg_avg": 3.7003505704249995,
      "hdc_avg": 13.0,
      "gs_avg": 4.224999999999998
    },
    "NYI": {
      "games_played": 2,
      "xg_sum": 4.055896901551746,
      "hdc_sum": 7.0,
      "gs_sum": 5.725,
      "xg_avg": 2.027948450775873,
      "hdc_avg": 3.5,
      "gs_avg": 2.8625
    },
    "TBL": {
      "games_played": 1,
      "xg_sum": 4.0142681535325,
      "hdc_sum": 10.0,
      "gs_sum": 3.3,
      "xg_avg": 4.0142681535325,
      "hdc_avg": 10.0,
      "gs_avg": 3.3
    },
    "NSH": {
      "games_played": 1,
      "xg_sum": 1.9568826019624999,
      "hdc_sum": 6.0,
      "gs_sum": 3.075,
      "xg_avg": 1.9568826019624999,
      "hdc_avg": 6.0,
      "gs_avg": 3.075
    },
    "CAR": {
      "games_played": 2,
      "xg_sum": 8.111600198020625,
      "hdc_sum": 9.0,
      "gs_sum": 11.000000000000002,
      "xg_avg": 4.0558000990103125,
      "hdc_avg": 4.5,
      "gs_avg": 5.500000000000001
    },
    "CGY": {
      "games_played": 1,
      "xg_sum": 2.954570282075001,
      "hdc_sum": 4.0,
      "gs_sum": 3.325000000000001,
      "xg_avg": 2.954570282075001,
      "hdc_avg": 4.0,
      "gs_avg": 3.325000000000001
    },
    "CHI": {
      "games_played": 1,
      "xg_sum": 1.18998448491375,
      "hdc_sum": 5.0,
      "gs_sum": 1.8749999999999998,
      "xg_avg": 1.18998448491375,
      "hdc_avg": 5.0,
      "gs_avg": 1.8749999999999998
    },
    "LAK": {
      "games_played": 1,
      "xg_sum": 3.172287768077002,
      "hdc_sum": 11.0,
      "gs_sum": 6.400000000000001,
      "xg_avg": 3.172287768077002,
      "hdc_avg": 11.0,
      "gs_avg": 6.400000000000001
    },
    "EDM": {
      "games_played": 1,
      "xg_sum": 3.5800902541500004,
      "hdc_sum": 13.0,
      "gs_sum": 6.150000000000001,
      "xg_avg": 3.5800902541500004,
      "hdc_avg": 13.0,
      "gs_avg": 6.150000000000001
    },
    "DET": {
      "games_played": 1,
      "xg_sum": 2.879043462437501,
      "hdc_sum": 9.0,
      "gs_sum": 5.074999999999999,
      "xg_avg": 2.879043462437501,
      "hdc_avg": 9.0,
      "gs_avg": 5.074999999999999
    },
    "SEA": {
      "games_played": 1,
      "xg_sum": 3.6476904278652427,
      "hdc_sum": 6.0,
      "gs_sum": 5.15,
      "xg_avg": 3.6476904278652427,
      "hdc_avg": 6.0,
      "gs_avg": 5.15
    },
    "MIN": {
      "games_played": 1,
      "xg_sum": 2.9693581994000002,
      "hdc_sum": 15.0,
      "gs_sum": 3.4000000000000017,
      "xg_avg": 2.9693581994000002,
      "hdc_avg": 15.0,
      "gs_avg": 3.4000000000000017
    },
    "PHI": {
      "games_played": 1,
      "xg_sum": 2.464531500362501,
      "hdc_sum": 3.0,
      "gs_sum": 3.875000000000001,
      "xg_avg": 2.464531500362501,
      "hdc_avg": 3.0,
      "gs_avg": 3.875000000000001
    },
    "PIT": {
      "games_played": 1,
      "xg_sum": 3.414846916085,
      "hdc_sum": 11.0,
      "gs_sum": 4.650000000000002,
      "xg_avg": 3.414846916085,
      "hdc_avg": 11.0,
      "gs_avg": 4.650000000000002
    }
  }
}