{
  "season": "2025-2026",
  "generated_at": "2026-03-27T01:51:48.627015",
  "total_games": 230,
  "teams": {
    "SJS": {
      "games_played": 7,
      "xg_sum": 18.956862590982254,
      "hdc_sum": 46.0,
      "gs_sum": 27.075000000000003,
      "xg_avg": 2.708123227283179,
      "hdc_avg": 6.571428571428571,
      "gs_avg": 3.8678571428571433
    },
    "BOS": {
      "games_played": 8,
      "xg_sum": 24.374166070831,
      "hdc_sum": 85.0,
      "gs_sum": 35.75,
      "xg_avg": 3.046770758853875,
      "hdc_avg": 10.625,
      "gs_avg": 4.46875
    },
    "WSH": {
      "games_played": 6,
      "xg_sum": 19.2009628838276,
      "hdc_sum": 24.0,
      "gs_sum": 20.025000000000006,
      "xg_avg": 3.2001604806379333,
      "hdc_avg": 4.0,
      "gs_avg": 3.337500000000001
    },
    "BUF": {
      "games_played": 7,
      "xg_sum": 21.524941421330453,
      "hdc_sum": 54.0,
      "gs_sum": 32.875,
      "xg_avg": 3.0749916316186363,
      "hdc_avg": 7.714285714285714,
      "gs_avg": 4.696428571428571
    },
    "ANA": {
      "games_played": 7,
      "xg_sum": 24.927349782559013,
      "hdc_sum": 80.0,
      "gs_sum": 32.525000000000006,
      "xg_avg": 3.561049968937002,
      "hdc_avg": 11.428571428571429,
      "gs_avg": 4.646428571428572
    },
    "TOR": {
      "games_played": 8,
      "xg_sum": 19.807363754434228,
      "hdc_sum": 42.0,
      "gs_sum": 28.57500000000001,
      "xg_avg": 2.4759204693042784,
      "hdc_avg": 5.25,
      "gs_avg": 3.5718750000000012
    },
    "DET": {
      "games_played": 6,
      "xg_sum": 19.293384072865127,
      "hdc_sum": 35.0,
      "gs_sum": 23.850000000000005,
      "xg_avg": 3.215564012144188,
      "hdc_avg": 5.833333333333333,
      "gs_avg": 3.975000000000001
    },
    "TBL": {
      "games_played": 8,
      "xg_sum": 27.12944678819811,
      "hdc_sum": 64.0,
      "gs_sum": 43.400000000000006,
      "xg_avg": 3.3911808485247636,
      "hdc_avg": 8.0,
      "gs_avg": 5.425000000000001
    },
    "CBJ": {
      "games_played": 8,
      "xg_sum": 26.488436208367506,
      "hdc_sum": 75.0,
      "gs_sum": 34.82500000000001,
      "xg_avg": 3.3110545260459383,
      "hdc_avg": 9.375,
      "gs_avg": 4.353125000000001
    },
    "FLA": {
      "games_played": 7,
      "xg_sum": 22.353945587135502,
      "hdc_sum": 32.0,
      "gs_sum": 26.325000000000006,
      "xg_avg": 3.1934207981622147,
      "hdc_avg": 4.571428571428571,
      "gs_avg": 3.7607142857142866
    },
    "CGY": {
      "games_played": 7,
      "xg_sum": 18.124498533885,
      "hdc_sum": 46.0,
      "gs_sum": 33.17500000000001,
      "xg_avg": 2.5892140762692857,
      "hdc_avg": 6.571428571428571,
      "gs_avg": 4.739285714285716
    },
    "NJD": {
      "games_played": 6,
      "xg_sum": 21.067248053853874,
      "hdc_sum": 62.0,
      "gs_sum": 34.650000000000006,
      "xg_avg": 3.5112080089756454,
      "hdc_avg": 10.333333333333334,
      "gs_avg": 5.775000000000001
    },
    "STL": {
      "games_played": 6,
      "xg_sum": 17.80618441439915,
      "hdc_sum": 53.0,
      "gs_sum": 22.375000000000007,
      "xg_avg": 2.9676974023998586,
      "hdc_avg": 8.833333333333334,
      "gs_avg": 3.729166666666668
    },
    "CAR": {
      "games_played": 7,
      "xg_sum": 26.8585103252109,
      "hdc_sum": 46.0,
      "gs_sum": 36.22500000000001,
      "xg_avg": 3.8369300464587,
      "hdc_avg": 6.571428571428571,
      "gs_avg": 5.175000000000002
    },
    "EDM": {
      "games_played": 7,
      "xg_sum": 20.41345406561998,
      "hdc_sum": 66.0,
      "gs_sum": 28.775000000000013,
      "xg_avg": 2.9162077236599973,
      "hdc_avg": 9.428571428571429,
      "gs_avg": 4.1107142857142875
    },
    "DAL": {
      "games_played": 8,
      "xg_sum": 24.340162758103567,
      "hdc_sum": 53.0,
      "gs_sum": 30.775000000000002,
      "xg_avg": 3.042520344762946,
      "hdc_avg": 6.625,
      "gs_avg": 3.8468750000000003
    },
    "PHI": {
      "games_played": 7,
      "xg_sum": 26.295312853134003,
      "hdc_sum": 53.0,
      "gs_sum": 30.67500000000001,
      "xg_avg": 3.756473264733429,
      "hdc_avg": 7.571428571428571,
      "gs_avg": 4.382142857142859
    },
    "MIN": {
      "games_played": 8,
      "xg_sum": 31.327718889735316,
      "hdc_sum": 60.0,
      "gs_sum": 34.67500000000001,
      "xg_avg": 3.9159648612169144,
      "hdc_avg": 7.5,
      "gs_avg": 4.334375000000001
    },
    "NYR": {
      "games_played": 8,
      "xg_sum": 19.616753040565726,
      "hdc_sum": 40.0,
      "gs_sum": 29.675000000000004,
      "xg_avg": 2.4520941300707157,
      "hdc_avg": 5.0,
      "gs_avg": 3.7093750000000005
    },
    "WPG": {
      "games_played": 8,
      "xg_sum": 24.13753369553826,
      "hdc_sum": 46.0,
      "gs_sum": 35.50000000000001,
      "xg_avg": 3.0171917119422824,
      "hdc_avg": 5.75,
      "gs_avg": 4.437500000000001
    },
    "CHI": {
      "games_played": 8,
      "xg_sum": 20.117672755789016,
      "hdc_sum": 50.0,
      "gs_sum": 25.050000000000004,
      "xg_avg": 2.514709094473627,
      "hdc_avg": 6.25,
      "gs_avg": 3.1312500000000005
    },
    "UTA": {
      "games_played": 7,
      "xg_sum": 22.024628900122302,
      "hdc_sum": 59.0,
      "gs_sum": 31.850000000000005,
      "xg_avg": 3.146375557160329,
      "hdc_avg": 8.428571428571429,
      "gs_avg": 4.550000000000001
    },
    "NSH": {
      "games_played": 7,
      "xg_sum": 21.251324064984065,
      "hdc_sum": 50.0,
      "gs_sum": 28.85,
      "xg_avg": 3.0359034378548664,
      "hdc_avg": 7.142857142857143,
      "gs_avg": 4.121428571428572
    },
    "VAN": {
      "games_played": 6,
      "xg_sum": 17.961602781500453,
      "hdc_sum": 24.0,
      "gs_sum": 24.175000000000004,
      "xg_avg": 2.993600463583409,
      "hdc_avg": 4.0,
      "gs_avg": 4.029166666666668
    },
    "PIT": {
      "games_played": 7,
      "xg_sum": 22.32543252504545,
      "hdc_sum": 68.0,
      "gs_sum": 33.07500000000001,
      "xg_avg": 3.1893475035779213,
      "hdc_avg": 9.714285714285714,
      "gs_avg": 4.725000000000001
    },
    "VGK": {
      "games_played": 7,
      "xg_sum": 25.26830282545889,
      "hdc_sum": 41.0,
      "gs_sum": 25.849999999999998,
      "xg_avg": 3.609757546494127,
      "hdc_avg": 5.857142857142857,
      "gs_avg": 3.6928571428571426
    },
    "COL": {
      "games_played": 7,
      "xg_sum": 25.747591022847477,
      "hdc_sum": 48.0,
      "gs_sum": 34.5,
      "xg_avg": 3.678227288978211,
      "hdc_avg": 6.857142857142857,
      "gs_avg": 4.928571428571429
    },
    "SEA": {
      "games_played": 8,
      "xg_sum": 19.51131593440708,
      "hdc_sum": 49.0,
      "gs_sum": 32.550000000000004,
      "xg_avg": 2.438914491800885,
      "hdc_avg": 6.125,
      "gs_avg": 4.0687500000000005
    },
    "LAK": {
      "games_played": 7,
      "xg_sum": 23.488368899733285,
      "hdc_sum": 43.0,
      "gs_sum": 33.17500000000001,
      "xg_avg": 3.3554812713904694,
      "hdc_avg": 6.142857142857143,
      "gs_avg": 4.739285714285716
    },
    "NYI": {
      "games_played": 8,
      "xg_sum": 25.954757449480343,
      "hdc_sum": 89.0,
      "gs_sum": 32.050000000000004,
      "xg_avg": 3.244344681185043,
      "hdc_avg": 11.125,
      "gs_avg": 4.0062500000000005
    },
    "OTT": {
      "games_played": 7,
      "xg_sum": 25.53251545748207,
      "hdc_sum": 64.0,
      "gs_sum": 31.97500000000001,
      "xg_avg": 3.647502208211724,
      "hdc_avg": 9.142857142857142,
      "gs_avg": 4.567857142857144
    },
    "MTL": {
      "games_played": 7,
      "xg_sum": 26.919375215210348,
      "hdc_sum": 42.0,
      "gs_sum": 32.025000000000006,
      "xg_avg": 3.8456250307443356,
      "hdc_avg": 6.0,
      "gs_avg": 4.575000000000001
    }
  }
}