{
  "season": "2025-2026",
  "generated_at": "2025-12-30T02:54:45.410870",
  "total_games": 492,
  "teams": {
    "VGK": {
      "games_played": 27,
      "xg_sum": 89.67318287834877,
      "hdc_sum": 114.0,
      "gs_sum": 122.07500000000002,
      "xg_avg": 3.321228995494399,
      "hdc_avg": 4.222222222222222,
      "gs_avg": 4.521296296296297
    },
    "NJD": {
      "games_played": 28,
      "xg_sum": 81.21589086459274,
      "hdc_sum": 108.0,
      "gs_sum": 91.15000000000003,
      "xg_avg": 2.900567530878312,
      "hdc_avg": 3.857142857142857,
      "gs_avg": 3.255357142857144
    },
    "BUF": {
      "games_played": 26,
      "xg_sum": 96.83134000398303,
      "hdc_sum": 267.0,
      "gs_sum": 98.10000000000001,
      "xg_avg": 3.724282307845501,
      "hdc_avg": 10.26923076923077,
      "gs_avg": 3.7730769230769234
    },
    "WPG": {
      "games_played": 26,
      "xg_sum": 62.641272850283734,
      "hdc_sum": 121.0,
      "gs_sum": 109.17500000000005,
      "xg_avg": 2.409279725010913,
      "hdc_avg": 4.653846153846154,
      "gs_avg": 4.199038461538463
    },
    "SJS": {
      "games_played": 25,
      "xg_sum": 61.937663507600874,
      "hdc_sum": 208.0,
      "gs_sum": 82.12499999999997,
      "xg_avg": 2.477506540304035,
      "hdc_avg": 8.32,
      "gs_avg": 3.284999999999999
    },
    "DAL": {
      "games_played": 26,
      "xg_sum": 74.61271413495085,
      "hdc_sum": 75.0,
      "gs_sum": 113.97500000000002,
      "xg_avg": 2.8697197744211866,
      "hdc_avg": 2.8846153846153846,
      "gs_avg": 4.383653846153847
    },
    "UTA": {
      "games_played": 24,
      "xg_sum": 73.69902874429235,
      "hdc_sum": 147.0,
      "gs_sum": 100.42499999999998,
      "xg_avg": 3.0707928643455147,
      "hdc_avg": 6.125,
      "gs_avg": 4.184374999999999
    },
    "VAN": {
      "games_played": 23,
      "xg_sum": 91.23565031011552,
      "hdc_sum": 157.0,
      "gs_sum": 90.675,
      "xg_avg": 3.9667674047876313,
      "hdc_avg": 6.826086956521739,
      "gs_avg": 3.942391304347826
    },
    "WSH": {
      "games_played": 20,
      "xg_sum": 72.08197390430874,
      "hdc_sum": 140.0,
      "gs_sum": 87.22500000000001,
      "xg_avg": 3.604098695215437,
      "hdc_avg": 7.0,
      "gs_avg": 4.36125
    },
    "ANA": {
      "games_played": 22,
      "xg_sum": 85.50627677004391,
      "hdc_sum": 206.0,
      "gs_sum": 124.35000000000001,
      "xg_avg": 3.886648944092905,
      "hdc_avg": 9.363636363636363,
      "gs_avg": 5.652272727272727
    },
    "COL": {
      "games_played": 13,
      "xg_sum": 51.605389760862856,
      "hdc_sum": 141.0,
      "gs_sum": 78.80000000000001,
      "xg_avg": 3.96964536622022,
      "hdc_avg": 10.846153846153847,
      "gs_avg": 6.061538461538462
    },
    "NYR": {
      "games_played": 14,
      "xg_sum": 40.30500544083059,
      "hdc_sum": 71.0,
      "gs_sum": 53.125,
      "xg_avg": 2.8789289600593277,
      "hdc_avg": 5.071428571428571,
      "gs_avg": 3.794642857142857
    },
    "CBJ": {
      "games_played": 10,
      "xg_sum": 31.975369385837723,
      "hdc_sum": 81.0,
      "gs_sum": 45.47500000000001,
      "xg_avg": 3.1975369385837724,
      "hdc_avg": 8.1,
      "gs_avg": 4.547500000000001
    },
    "FLA": {
      "games_played": 12,
      "xg_sum": 40.001428457508354,
      "hdc_sum": 80.0,
      "gs_sum": 59.55000000000001,
      "xg_avg": 3.3334523714590296,
      "hdc_avg": 6.666666666666667,
      "gs_avg": 4.962500000000001
    },
    "BOS": {
      "games_played": 10,
      "xg_sum": 30.1070046003995,
      "hdc_sum": 70.0,
      "gs_sum": 42.45000000000001,
      "xg_avg": 3.01070046003995,
      "hdc_avg": 7.0,
      "gs_avg": 4.245000000000001
    },
    "MTL": {
      "games_played": 12,
      "xg_sum": 41.12964107616457,
      "hdc_sum": 67.0,
      "gs_sum": 55.275,
      "xg_avg": 3.4274700896803805,
      "hdc_avg": 5.583333333333333,
      "gs_avg": 4.60625
    },
    "TOR": {
      "games_played": 11,
      "xg_sum": 30.295894638892655,
      "hdc_sum": 74.0,
      "gs_sum": 45.67500000000001,
      "xg_avg": 2.7541722398993325,
      "hdc_avg": 6.7272727272727275,
      "gs_avg": 4.152272727272728
    },
    "STL": {
      "games_played": 11,
      "xg_sum": 28.514510342812347,
      "hdc_sum": 82.0,
      "gs_sum": 37.87500000000001,
      "xg_avg": 2.5922282129829406,
      "hdc_avg": 7.454545454545454,
      "gs_avg": 3.443181818181819
    },
    "OTT": {
      "games_played": 10,
      "xg_sum": 37.69715621703482,
      "hdc_sum": 109.0,
      "gs_sum": 51.95000000000001,
      "xg_avg": 3.7697156217034817,
      "hdc_avg": 10.9,
      "gs_avg": 5.195000000000001
    },
    "NYI": {
      "games_played": 11,
      "xg_sum": 32.082890122100075,
      "hdc_sum": 85.0,
      "gs_sum": 44.300000000000004,
      "xg_avg": 2.9166263747363703,
      "hdc_avg": 7.7272727272727275,
      "gs_avg": 4.027272727272727
    },
    "TBL": {
      "games_played": 11,
      "xg_sum": 37.456990806446505,
      "hdc_sum": 100.0,
      "gs_sum": 50.025000000000006,
      "xg_avg": 3.405180982404228,
      "hdc_avg": 9.090909090909092,
      "gs_avg": 4.547727272727273
    },
    "NSH": {
      "games_played": 10,
      "xg_sum": 31.823698191727935,
      "hdc_sum": 80.0,
      "gs_sum": 46.400000000000006,
      "xg_avg": 3.1823698191727936,
      "hdc_avg": 8.0,
      "gs_avg": 4.640000000000001
    },
    "CAR": {
      "games_played": 11,
      "xg_sum": 42.66417720535826,
      "hdc_sum": 80.0,
      "gs_sum": 57.375000000000014,
      "xg_avg": 3.878561564123478,
      "hdc_avg": 7.2727272727272725,
      "gs_avg": 5.215909090909093
    },
    "CGY": {
      "games_played": 9,
      "xg_sum": 30.23247988550261,
      "hdc_sum": 56.0,
      "gs_sum": 43.900000000000006,
      "xg_avg": 3.3591644317225122,
      "hdc_avg": 6.222222222222222,
      "gs_avg": 4.877777777777778
    },
    "CHI": {
      "games_played": 11,
      "xg_sum": 25.45177825485613,
      "hdc_sum": 59.0,
      "gs_sum": 36.725,
      "xg_avg": 2.313798023168739,
      "hdc_avg": 5.363636363636363,
      "gs_avg": 3.338636363636364
    },
    "LAK": {
      "games_played": 10,
      "xg_sum": 31.96732044203289,
      "hdc_sum": 49.0,
      "gs_sum": 40.175,
      "xg_avg": 3.196732044203289,
      "hdc_avg": 4.9,
      "gs_avg": 4.0175
    },
    "EDM": {
      "games_played": 11,
      "xg_sum": 39.21277146170946,
      "hdc_sum": 118.0,
      "gs_sum": 53.9,
      "xg_avg": 3.564797405609951,
      "hdc_avg": 10.727272727272727,
      "gs_avg": 4.8999999999999995
    },
    "DET": {
      "games_played": 12,
      "xg_sum": 35.93831706269682,
      "hdc_sum": 84.0,
      "gs_sum": 53.025000000000006,
      "xg_avg": 2.9948597552247347,
      "hdc_avg": 7.0,
      "gs_avg": 4.41875
    },
    "SEA": {
      "games_played": 13,
      "xg_sum": 38.04591493410366,
      "hdc_sum": 80.0,
      "gs_sum": 52.85000000000001,
      "xg_avg": 2.926608841084897,
      "hdc_avg": 6.153846153846154,
      "gs_avg": 4.065384615384616
    },
    "MIN": {
      "games_played": 11,
      "xg_sum": 35.73919963198723,
      "hdc_sum": 85.0,
      "gs_sum": 54.25000000000001,
      "xg_avg": 3.2490181483624756,
      "hdc_avg": 7.7272727272727275,
      "gs_avg": 4.9318181818181825
    },
    "PHI": {
      "games_played": 11,
      "xg_sum": 34.882556701816156,
      "hdc_sum": 69.0,
      "gs_sum": 47.075,
      "xg_avg": 3.171141518346923,
      "hdc_avg": 6.2727272727272725,
      "gs_avg": 4.279545454545455
    },
    "PIT": {
      "games_played": 11,
      "xg_sum": 39.66123218468078,
      "hdc_sum": 125.0,
      "gs_sum": 54.075,
      "xg_avg": 3.605566562243707,
      "hdc_avg": 11.363636363636363,
      "gs_avg": 4.915909090909091
    }
  }
}