{
  "season": "2025-2026",
  "generated_at": "2026-03-21T20:26:10.724620",
  "total_games": 146,
  "teams": {
    "SJS": {
      "games_played": 5,
      "xg_sum": 14.10258568011725,
      "hdc_sum": 37.0,
      "gs_sum": 19.900000000000002,
      "xg_avg": 2.82051713602345,
      "hdc_avg": 7.4,
      "gs_avg": 3.9800000000000004
    },
    "BOS": {
      "games_played": 5,
      "xg_sum": 16.836808862826697,
      "hdc_sum": 58.0,
      "gs_sum": 23.45,
      "xg_avg": 3.3673617725653395,
      "hdc_avg": 11.6,
      "gs_avg": 4.6899999999999995
    },
    "WSH": {
      "games_played": 4,
      "xg_sum": 14.251131528907301,
      "hdc_sum": 19.0,
      "gs_sum": 15.650000000000006,
      "xg_avg": 3.5627828822268253,
      "hdc_avg": 4.75,
      "gs_avg": 3.9125000000000014
    },
    "BUF": {
      "games_played": 4,
      "xg_sum": 13.003023748947353,
      "hdc_sum": 33.0,
      "gs_sum": 17.450000000000003,
      "xg_avg": 3.250755937236838,
      "hdc_avg": 8.25,
      "gs_avg": 4.362500000000001
    },
    "ANA": {
      "games_played": 5,
      "xg_sum": 17.811702965070765,
      "hdc_sum": 53.0,
      "gs_sum": 19.975,
      "xg_avg": 3.562340593014153,
      "hdc_avg": 10.6,
      "gs_avg": 3.995
    },
    "TOR": {
      "games_played": 5,
      "xg_sum": 11.565943916884226,
      "hdc_sum": 27.0,
      "gs_sum": 17.550000000000004,
      "xg_avg": 2.3131887833768454,
      "hdc_avg": 5.4,
      "gs_avg": 3.5100000000000007
    },
    "DET": {
      "games_played": 4,
      "xg_sum": 12.283534862569322,
      "hdc_sum": 24.0,
      "gs_sum": 15.425,
      "xg_avg": 3.0708837156423305,
      "hdc_avg": 6.0,
      "gs_avg": 3.85625
    },
    "TBL": {
      "games_played": 4,
      "xg_sum": 13.547456221794354,
      "hdc_sum": 32.0,
      "gs_sum": 21.5,
      "xg_avg": 3.3868640554485885,
      "hdc_avg": 8.0,
      "gs_avg": 5.375
    },
    "CBJ": {
      "games_played": 4,
      "xg_sum": 15.384420303545006,
      "hdc_sum": 53.0,
      "gs_sum": 19.975,
      "xg_avg": 3.8461050758862516,
      "hdc_avg": 13.25,
      "gs_avg": 4.99375
    },
    "FLA": {
      "games_played": 5,
      "xg_sum": 15.969729294129651,
      "hdc_sum": 21.0,
      "gs_sum": 16.400000000000006,
      "xg_avg": 3.19394585882593,
      "hdc_avg": 4.2,
      "gs_avg": 3.280000000000001
    },
    "CGY": {
      "games_played": 5,
      "xg_sum": 13.323404861185,
      "hdc_sum": 34.0,
      "gs_sum": 23.075000000000006,
      "xg_avg": 2.664680972237,
      "hdc_avg": 6.8,
      "gs_avg": 4.615000000000001
    },
    "NJD": {
      "games_played": 5,
      "xg_sum": 17.258713117891375,
      "hdc_sum": 51.0,
      "gs_sum": 28.575000000000003,
      "xg_avg": 3.451742623578275,
      "hdc_avg": 10.2,
      "gs_avg": 5.715000000000001
    },
    "STL": {
      "games_played": 4,
      "xg_sum": 10.981961865782202,
      "hdc_sum": 39.0,
      "gs_sum": 14.225000000000003,
      "xg_avg": 2.7454904664455504,
      "hdc_avg": 9.75,
      "gs_avg": 3.556250000000001
    },
    "CAR": {
      "games_played": 5,
      "xg_sum": 19.0740988676298,
      "hdc_sum": 28.0,
      "gs_sum": 25.725000000000005,
      "xg_avg": 3.81481977352596,
      "hdc_avg": 5.6,
      "gs_avg": 5.145000000000001
    },
    "EDM": {
      "games_played": 5,
      "xg_sum": 15.6289598866125,
      "hdc_sum": 52.0,
      "gs_sum": 19.50000000000001,
      "xg_avg": 3.1257919773225002,
      "hdc_avg": 10.4,
      "gs_avg": 3.900000000000002
    },
    "DAL": {
      "games_played": 4,
      "xg_sum": 11.705211438978688,
      "hdc_sum": 27.0,
      "gs_sum": 16.175,
      "xg_avg": 2.926302859744672,
      "hdc_avg": 6.75,
      "gs_avg": 4.04375
    },
    "PHI": {
      "games_played": 4,
      "xg_sum": 13.089409356937052,
      "hdc_sum": 28.0,
      "gs_sum": 16.250000000000007,
      "xg_avg": 3.272352339234263,
      "hdc_avg": 7.0,
      "gs_avg": 4.062500000000002
    },
    "MIN": {
      "games_played": 5,
      "xg_sum": 19.91245231302181,
      "hdc_sum": 37.0,
      "gs_sum": 21.875000000000007,
      "xg_avg": 3.982490462604362,
      "hdc_avg": 7.4,
      "gs_avg": 4.375000000000002
    },
    "NYR": {
      "games_played": 5,
      "xg_sum": 10.881090199825476,
      "hdc_sum": 21.0,
      "gs_sum": 19.150000000000002,
      "xg_avg": 2.176218039965095,
      "hdc_avg": 4.2,
      "gs_avg": 3.8300000000000005
    },
    "WPG": {
      "games_played": 6,
      "xg_sum": 18.611498737769658,
      "hdc_sum": 31.0,
      "gs_sum": 25.400000000000002,
      "xg_avg": 3.101916456294943,
      "hdc_avg": 5.166666666666667,
      "gs_avg": 4.233333333333333
    },
    "CHI": {
      "games_played": 5,
      "xg_sum": 11.896780800958641,
      "hdc_sum": 31.0,
      "gs_sum": 13.975000000000005,
      "xg_avg": 2.3793561601917284,
      "hdc_avg": 6.2,
      "gs_avg": 2.795000000000001
    },
    "UTA": {
      "games_played": 5,
      "xg_sum": 16.317343594133302,
      "hdc_sum": 44.0,
      "gs_sum": 22.000000000000004,
      "xg_avg": 3.2634687188266605,
      "hdc_avg": 8.8,
      "gs_avg": 4.4
    },
    "NSH": {
      "games_played": 4,
      "xg_sum": 12.818212089967215,
      "hdc_sum": 24.0,
      "gs_sum": 15.325000000000003,
      "xg_avg": 3.2045530224918037,
      "hdc_avg": 6.0,
      "gs_avg": 3.8312500000000007
    },
    "VAN": {
      "games_played": 4,
      "xg_sum": 12.335192873917503,
      "hdc_sum": 12.0,
      "gs_sum": 17.700000000000003,
      "xg_avg": 3.0837982184793757,
      "hdc_avg": 3.0,
      "gs_avg": 4.425000000000001
    },
    "PIT": {
      "games_played": 5,
      "xg_sum": 15.396494547231,
      "hdc_sum": 44.0,
      "gs_sum": 26.97500000000001,
      "xg_avg": 3.0792989094462,
      "hdc_avg": 8.8,
      "gs_avg": 5.395000000000001
    },
    "VGK": {
      "games_played": 4,
      "xg_sum": 12.392856796437501,
      "hdc_sum": 19.0,
      "gs_sum": 13.974999999999998,
      "xg_avg": 3.0982141991093752,
      "hdc_avg": 4.75,
      "gs_avg": 3.4937499999999995
    },
    "COL": {
      "games_played": 5,
      "xg_sum": 21.392563303392603,
      "hdc_sum": 42.0,
      "gs_sum": 24.325000000000003,
      "xg_avg": 4.278512660678521,
      "hdc_avg": 8.4,
      "gs_avg": 4.865
    },
    "SEA": {
      "games_played": 5,
      "xg_sum": 12.820982033833504,
      "hdc_sum": 31.0,
      "gs_sum": 20.650000000000006,
      "xg_avg": 2.5641964067667007,
      "hdc_avg": 6.2,
      "gs_avg": 4.130000000000001
    },
    "LAK": {
      "games_played": 4,
      "xg_sum": 14.045569665298284,
      "hdc_sum": 26.0,
      "gs_sum": 19.625000000000004,
      "xg_avg": 3.511392416324571,
      "hdc_avg": 6.5,
      "gs_avg": 4.906250000000001
    },
    "NYI": {
      "games_played": 4,
      "xg_sum": 11.849956259393942,
      "hdc_sum": 43.0,
      "gs_sum": 15.675000000000004,
      "xg_avg": 2.9624890648484854,
      "hdc_avg": 10.75,
      "gs_avg": 3.918750000000001
    },
    "OTT": {
      "games_played": 4,
      "xg_sum": 16.815738188101218,
      "hdc_sum": 36.0,
      "gs_sum": 18.55,
      "xg_avg": 4.2039345470253044,
      "hdc_avg": 9.0,
      "gs_avg": 4.6375
    },
    "MTL": {
      "games_played": 4,
      "xg_sum": 17.2750841264041,
      "hdc_sum": 27.0,
      "gs_sum": 16.8,
      "xg_avg": 4.318771031601025,
      "hdc_avg": 6.75,
      "gs_avg": 4.2
    }
  }
}