{
  "season": "2025-2026",
  "generated_at": "2026-01-04T05:56:01.130943",
  "total_games": 580,
  "teams": {
    "VGK": {
      "games_played": 29,
      "xg_sum": 94.81462036523627,
      "hdc_sum": 119.0,
      "gs_sum": 129.15000000000003,
      "xg_avg": 3.2694696677667676,
      "hdc_avg": 4.103448275862069,
      "gs_avg": 4.45344827586207
    },
    "NJD": {
      "games_played": 31,
      "xg_sum": 91.77817275363275,
      "hdc_sum": 136.0,
      "gs_sum": 101.75000000000004,
      "xg_avg": 2.9605862178591207,
      "hdc_avg": 4.387096774193548,
      "gs_avg": 3.2822580645161303
    },
    "BUF": {
      "games_played": 28,
      "xg_sum": 104.50400702981216,
      "hdc_sum": 281.0,
      "gs_sum": 107.525,
      "xg_avg": 3.7322859653504343,
      "hdc_avg": 10.035714285714286,
      "gs_avg": 3.8401785714285714
    },
    "WPG": {
      "games_played": 30,
      "xg_sum": 76.99337181878603,
      "hdc_sum": 145.0,
      "gs_sum": 130.72500000000005,
      "xg_avg": 2.5664457272928676,
      "hdc_avg": 4.833333333333333,
      "gs_avg": 4.357500000000002
    },
    "SJS": {
      "games_played": 27,
      "xg_sum": 67.07305993752975,
      "hdc_sum": 222.0,
      "gs_sum": 89.14999999999996,
      "xg_avg": 2.4841874050936945,
      "hdc_avg": 8.222222222222221,
      "gs_avg": 3.3018518518518505
    },
    "DAL": {
      "games_played": 28,
      "xg_sum": 80.13830441686086,
      "hdc_sum": 97.0,
      "gs_sum": 122.27500000000003,
      "xg_avg": 2.862082300602174,
      "hdc_avg": 3.4642857142857144,
      "gs_avg": 4.366964285714287
    },
    "UTA": {
      "games_played": 27,
      "xg_sum": 83.84008426548836,
      "hdc_sum": 166.0,
      "gs_sum": 115.32499999999997,
      "xg_avg": 3.1051883061291985,
      "hdc_avg": 6.148148148148148,
      "gs_avg": 4.2712962962962955
    },
    "VAN": {
      "games_played": 27,
      "xg_sum": 105.1296039378909,
      "hdc_sum": 179.0,
      "gs_sum": 108.7,
      "xg_avg": 3.8936890347367004,
      "hdc_avg": 6.62962962962963,
      "gs_avg": 4.025925925925926
    },
    "WSH": {
      "games_played": 22,
      "xg_sum": 78.79745069844624,
      "hdc_sum": 143.0,
      "gs_sum": 96.875,
      "xg_avg": 3.5817023044748293,
      "hdc_avg": 6.5,
      "gs_avg": 4.403409090909091
    },
    "ANA": {
      "games_played": 24,
      "xg_sum": 93.77863666617192,
      "hdc_sum": 228.0,
      "gs_sum": 134.65,
      "xg_avg": 3.90744319442383,
      "hdc_avg": 9.5,
      "gs_avg": 5.610416666666667
    },
    "COL": {
      "games_played": 15,
      "xg_sum": 58.888432031106106,
      "hdc_sum": 164.0,
      "gs_sum": 90.625,
      "xg_avg": 3.925895468740407,
      "hdc_avg": 10.933333333333334,
      "gs_avg": 6.041666666666667
    },
    "NYR": {
      "games_played": 16,
      "xg_sum": 45.26620578634309,
      "hdc_sum": 81.0,
      "gs_sum": 60.475,
      "xg_avg": 2.8291378616464433,
      "hdc_avg": 5.0625,
      "gs_avg": 3.7796875
    },
    "CBJ": {
      "games_played": 12,
      "xg_sum": 37.93521747528393,
      "hdc_sum": 96.0,
      "gs_sum": 55.400000000000006,
      "xg_avg": 3.1612681229403274,
      "hdc_avg": 8.0,
      "gs_avg": 4.616666666666667
    },
    "FLA": {
      "games_played": 14,
      "xg_sum": 47.383264993365856,
      "hdc_sum": 98.0,
      "gs_sum": 68.05000000000001,
      "xg_avg": 3.384518928097561,
      "hdc_avg": 7.0,
      "gs_avg": 4.860714285714287
    },
    "BOS": {
      "games_played": 12,
      "xg_sum": 35.449988692706995,
      "hdc_sum": 81.0,
      "gs_sum": 48.30000000000001,
      "xg_avg": 2.9541657243922494,
      "hdc_avg": 6.75,
      "gs_avg": 4.025000000000001
    },
    "MTL": {
      "games_played": 15,
      "xg_sum": 51.05735843982057,
      "hdc_sum": 86.0,
      "gs_sum": 68.55,
      "xg_avg": 3.403823895988038,
      "hdc_avg": 5.733333333333333,
      "gs_avg": 4.569999999999999
    },
    "TOR": {
      "games_played": 16,
      "xg_sum": 43.66564352135955,
      "hdc_sum": 107.0,
      "gs_sum": 73.02500000000002,
      "xg_avg": 2.729102720084972,
      "hdc_avg": 6.6875,
      "gs_avg": 4.564062500000001
    },
    "STL": {
      "games_played": 14,
      "xg_sum": 35.21291631317685,
      "hdc_sum": 102.0,
      "gs_sum": 47.92500000000001,
      "xg_avg": 2.5152083080840604,
      "hdc_avg": 7.285714285714286,
      "gs_avg": 3.4232142857142867
    },
    "OTT": {
      "games_played": 13,
      "xg_sum": 46.015821935049814,
      "hdc_sum": 130.0,
      "gs_sum": 64.65,
      "xg_avg": 3.539678610388447,
      "hdc_avg": 10.0,
      "gs_avg": 4.973076923076923
    },
    "NYI": {
      "games_played": 15,
      "xg_sum": 43.64063418071168,
      "hdc_sum": 124.0,
      "gs_sum": 61.07500000000001,
      "xg_avg": 2.9093756120474454,
      "hdc_avg": 8.266666666666667,
      "gs_avg": 4.071666666666667
    },
    "TBL": {
      "games_played": 13,
      "xg_sum": 46.043660415607974,
      "hdc_sum": 118.0,
      "gs_sum": 62.025000000000006,
      "xg_avg": 3.541820031969844,
      "hdc_avg": 9.076923076923077,
      "gs_avg": 4.7711538461538465
    },
    "NSH": {
      "games_played": 13,
      "xg_sum": 40.89701867172163,
      "hdc_sum": 98.0,
      "gs_sum": 59.70000000000001,
      "xg_avg": 3.1459245132093563,
      "hdc_avg": 7.538461538461538,
      "gs_avg": 4.592307692307693
    },
    "CAR": {
      "games_played": 15,
      "xg_sum": 56.20997895289989,
      "hdc_sum": 104.0,
      "gs_sum": 76.20000000000002,
      "xg_avg": 3.747331930193326,
      "hdc_avg": 6.933333333333334,
      "gs_avg": 5.080000000000001
    },
    "CGY": {
      "games_played": 11,
      "xg_sum": 35.15939171962201,
      "hdc_sum": 63.0,
      "gs_sum": 50.87500000000001,
      "xg_avg": 3.196308338147455,
      "hdc_avg": 5.7272727272727275,
      "gs_avg": 4.625000000000001
    },
    "CHI": {
      "games_played": 16,
      "xg_sum": 40.704004239174886,
      "hdc_sum": 94.0,
      "gs_sum": 59.55000000000001,
      "xg_avg": 2.5440002649484303,
      "hdc_avg": 5.875,
      "gs_avg": 3.7218750000000007
    },
    "LAK": {
      "games_played": 13,
      "xg_sum": 41.31277850633344,
      "hdc_sum": 64.0,
      "gs_sum": 54.8,
      "xg_avg": 3.177906038948726,
      "hdc_avg": 4.923076923076923,
      "gs_avg": 4.2153846153846155
    },
    "EDM": {
      "games_played": 13,
      "xg_sum": 44.59556006136574,
      "hdc_sum": 130.0,
      "gs_sum": 60.650000000000006,
      "xg_avg": 3.4304276970281338,
      "hdc_avg": 10.0,
      "gs_avg": 4.665384615384616
    },
    "DET": {
      "games_played": 14,
      "xg_sum": 41.34973397268707,
      "hdc_sum": 91.0,
      "gs_sum": 59.650000000000006,
      "xg_avg": 2.953552426620505,
      "hdc_avg": 6.5,
      "gs_avg": 4.260714285714286
    },
    "SEA": {
      "games_played": 16,
      "xg_sum": 48.08422631731244,
      "hdc_sum": 117.0,
      "gs_sum": 67.47500000000001,
      "xg_avg": 3.0052641448320276,
      "hdc_avg": 7.3125,
      "gs_avg": 4.2171875000000005
    },
    "MIN": {
      "games_played": 14,
      "xg_sum": 46.66163017662111,
      "hdc_sum": 112.0,
      "gs_sum": 73.12500000000001,
      "xg_avg": 3.332973584044365,
      "hdc_avg": 8.0,
      "gs_avg": 5.2232142857142865
    },
    "PHI": {
      "games_played": 13,
      "xg_sum": 41.135645724618854,
      "hdc_sum": 80.0,
      "gs_sum": 59.650000000000006,
      "xg_avg": 3.1642804403552964,
      "hdc_avg": 6.153846153846154,
      "gs_avg": 4.588461538461539
    },
    "PIT": {
      "games_played": 14,
      "xg_sum": 48.324413374176785,
      "hdc_sum": 156.0,
      "gs_sum": 70.75,
      "xg_avg": 3.4517438124411988,
      "hdc_avg": 11.142857142857142,
      "gs_avg": 5.053571428571429
    }
  }
}