{
  "season": "2025-2026",
  "generated_at": "2026-04-27T07:21:01.403676",
  "total_games": 912,
  "teams": {
    "SJS": {
      "games_played": 17,
      "xg_sum": 47.74499897480443,
      "hdc_sum": 119.0,
      "gs_sum": 68.95000000000002,
      "xg_avg": 2.808529351459084,
      "hdc_avg": 7.0,
      "gs_avg": 4.055882352941177
    },
    "BOS": {
      "games_played": 39,
      "xg_sum": 112.79858379664861,
      "hdc_sum": 363.0,
      "gs_sum": 126.6249999999999,
      "xg_avg": 2.8922713794012465,
      "hdc_avg": 9.307692307692308,
      "gs_avg": 3.246794871794869
    },
    "WSH": {
      "games_played": 15,
      "xg_sum": 43.70830892071101,
      "hdc_sum": 74.0,
      "gs_sum": 59.7,
      "xg_avg": 2.9138872613807343,
      "hdc_avg": 4.933333333333334,
      "gs_avg": 3.98
    },
    "BUF": {
      "games_played": 39,
      "xg_sum": 137.79046509081917,
      "hdc_sum": 230.0,
      "gs_sum": 191.77499999999992,
      "xg_avg": 3.5330888484825427,
      "hdc_avg": 5.897435897435898,
      "gs_avg": 4.91730769230769
    },
    "ANA": {
      "games_played": 45,
      "xg_sum": 169.05196613633913,
      "hdc_sum": 466.0,
      "gs_sum": 281.09999999999985,
      "xg_avg": 3.756710358585314,
      "hdc_avg": 10.355555555555556,
      "gs_avg": 6.2466666666666635
    },
    "TOR": {
      "games_played": 15,
      "xg_sum": 37.31639427613013,
      "hdc_sum": 70.0,
      "gs_sum": 50.92500000000001,
      "xg_avg": 2.4877596184086754,
      "hdc_avg": 4.666666666666667,
      "gs_avg": 3.395000000000001
    },
    "DET": {
      "games_played": 14,
      "xg_sum": 42.45687992070684,
      "hdc_sum": 82.0,
      "gs_sum": 60.95000000000001,
      "xg_avg": 3.0326342800504884,
      "hdc_avg": 5.857142857142857,
      "gs_avg": 4.3535714285714295
    },
    "TBL": {
      "games_played": 39,
      "xg_sum": 115.56827853441959,
      "hdc_sum": 303.0,
      "gs_sum": 134.75000000000006,
      "xg_avg": 2.963289193190246,
      "hdc_avg": 7.769230769230769,
      "gs_avg": 3.4551282051282066
    },
    "CBJ": {
      "games_played": 16,
      "xg_sum": 54.63523806232921,
      "hdc_sum": 150.0,
      "gs_sum": 70.92500000000003,
      "xg_avg": 3.4147023788955755,
      "hdc_avg": 9.375,
      "gs_avg": 4.432812500000002
    },
    "FLA": {
      "games_played": 17,
      "xg_sum": 53.04131810652355,
      "hdc_sum": 105.0,
      "gs_sum": 74.725,
      "xg_avg": 3.1200775356778556,
      "hdc_avg": 6.176470588235294,
      "gs_avg": 4.395588235294118
    },
    "CGY": {
      "games_played": 16,
      "xg_sum": 41.33669659863371,
      "hdc_sum": 99.0,
      "gs_sum": 67.42500000000001,
      "xg_avg": 2.5835435374146067,
      "hdc_avg": 6.1875,
      "gs_avg": 4.214062500000001
    },
    "NJD": {
      "games_played": 15,
      "xg_sum": 48.05434292526162,
      "hdc_sum": 126.0,
      "gs_sum": 68.475,
      "xg_avg": 3.2036228616841083,
      "hdc_avg": 8.4,
      "gs_avg": 4.5649999999999995
    },
    "STL": {
      "games_played": 15,
      "xg_sum": 44.01898429903766,
      "hdc_sum": 130.0,
      "gs_sum": 68.10000000000001,
      "xg_avg": 2.9345989532691776,
      "hdc_avg": 8.666666666666666,
      "gs_avg": 4.540000000000001
    },
    "CAR": {
      "games_played": 50,
      "xg_sum": 191.69099621470076,
      "hdc_sum": 227.0,
      "gs_sum": 224.4500000000001,
      "xg_avg": 3.833819924294015,
      "hdc_avg": 4.54,
      "gs_avg": 4.489000000000002
    },
    "EDM": {
      "games_played": 45,
      "xg_sum": 127.71382948466494,
      "hdc_sum": 423.0,
      "gs_sum": 214.82499999999985,
      "xg_avg": 2.838085099659221,
      "hdc_avg": 9.4,
      "gs_avg": 4.7738888888888855
    },
    "DAL": {
      "games_played": 46,
      "xg_sum": 154.25147411994266,
      "hdc_sum": 390.0,
      "gs_sum": 216.85000000000014,
      "xg_avg": 3.3532929156509272,
      "hdc_avg": 8.478260869565217,
      "gs_avg": 4.714130434782612
    },
    "PHI": {
      "games_played": 43,
      "xg_sum": 140.3156513999785,
      "hdc_sum": 300.0,
      "gs_sum": 174.675,
      "xg_avg": 3.26315468372043,
      "hdc_avg": 6.976744186046512,
      "gs_avg": 4.062209302325582
    },
    "MIN": {
      "games_played": 44,
      "xg_sum": 155.63675831268444,
      "hdc_sum": 254.0,
      "gs_sum": 222.72500000000016,
      "xg_avg": 3.53719905256101,
      "hdc_avg": 5.7727272727272725,
      "gs_avg": 5.061931818181822
    },
    "NYR": {
      "games_played": 19,
      "xg_sum": 55.11042114915968,
      "hdc_sum": 114.0,
      "gs_sum": 81.49999999999999,
      "xg_avg": 2.90054848153472,
      "hdc_avg": 6.0,
      "gs_avg": 4.289473684210526
    },
    "WPG": {
      "games_played": 17,
      "xg_sum": 48.656952694130354,
      "hdc_sum": 95.0,
      "gs_sum": 70.72500000000001,
      "xg_avg": 2.862173687890021,
      "hdc_avg": 5.588235294117647,
      "gs_avg": 4.16029411764706
    },
    "CHI": {
      "games_played": 16,
      "xg_sum": 40.95959503049232,
      "hdc_sum": 96.0,
      "gs_sum": 55.85000000000001,
      "xg_avg": 2.55997468940577,
      "hdc_avg": 6.0,
      "gs_avg": 3.4906250000000005
    },
    "UTA": {
      "games_played": 33,
      "xg_sum": 80.74865053329897,
      "hdc_sum": 181.0,
      "gs_sum": 135.925,
      "xg_avg": 2.446928804039363,
      "hdc_avg": 5.484848484848484,
      "gs_avg": 4.118939393939394
    },
    "NSH": {
      "games_played": 16,
      "xg_sum": 47.53674217654653,
      "hdc_sum": 115.0,
      "gs_sum": 62.5,
      "xg_avg": 2.9710463860341583,
      "hdc_avg": 7.1875,
      "gs_avg": 3.90625
    },
    "VAN": {
      "games_played": 15,
      "xg_sum": 40.8151848045925,
      "hdc_sum": 84.0,
      "gs_sum": 56.100000000000016,
      "xg_avg": 2.7210123203061665,
      "hdc_avg": 5.6,
      "gs_avg": 3.740000000000001
    },
    "PIT": {
      "games_played": 43,
      "xg_sum": 113.66435541721559,
      "hdc_sum": 354.0,
      "gs_sum": 177.50000000000003,
      "xg_avg": 2.6433571027259437,
      "hdc_avg": 8.232558139534884,
      "gs_avg": 4.127906976744186
    },
    "VGK": {
      "games_played": 33,
      "xg_sum": 121.13609826557798,
      "hdc_sum": 203.0,
      "gs_sum": 148.72500000000005,
      "xg_avg": 3.6707908565326663,
      "hdc_avg": 6.151515151515151,
      "gs_avg": 4.506818181818184
    },
    "COL": {
      "games_played": 36,
      "xg_sum": 115.64640196491922,
      "hdc_sum": 273.0,
      "gs_sum": 180.94999999999987,
      "xg_avg": 3.2124000545810896,
      "hdc_avg": 7.583333333333333,
      "gs_avg": 5.026388888888885
    },
    "SEA": {
      "games_played": 17,
      "xg_sum": 43.72124245097605,
      "hdc_sum": 123.0,
      "gs_sum": 67.20000000000002,
      "xg_avg": 2.5718377912338855,
      "hdc_avg": 7.235294117647059,
      "gs_avg": 3.9529411764705893
    },
    "LAK": {
      "games_played": 35,
      "xg_sum": 115.21466693271582,
      "hdc_sum": 214.0,
      "gs_sum": 137.65000000000006,
      "xg_avg": 3.291847626649023,
      "hdc_avg": 6.114285714285714,
      "gs_avg": 3.9328571428571446
    },
    "NYI": {
      "games_played": 15,
      "xg_sum": 52.970843760935885,
      "hdc_sum": 156.0,
      "gs_sum": 62.90000000000001,
      "xg_avg": 3.5313895840623926,
      "hdc_avg": 10.4,
      "gs_avg": 4.193333333333334
    },
    "OTT": {
      "games_played": 50,
      "xg_sum": 175.17118687031513,
      "hdc_sum": 351.0,
      "gs_sum": 166.22500000000016,
      "xg_avg": 3.5034237374063024,
      "hdc_avg": 7.02,
      "gs_avg": 3.324500000000003
    },
    "MTL": {
      "games_played": 37,
      "xg_sum": 109.64741325242733,
      "hdc_sum": 199.0,
      "gs_sum": 137.30000000000007,
      "xg_avg": 2.9634436014169547,
      "hdc_avg": 5.378378378378378,
      "gs_avg": 3.7108108108108127
    }
  }
}