{
  "season": "2025-2026",
  "generated_at": "2026-01-24T05:47:15.275537",
  "total_games": 80,
  "teams": {
    "BUF": {
      "games_played": 3,
      "xg_sum": 7.1727993127061005,
      "hdc_sum": 20.0,
      "gs_sum": 11.600000000000001,
      "xg_avg": 2.390933104235367,
      "hdc_avg": 6.666666666666667,
      "gs_avg": 3.866666666666667
    },
    "CAR": {
      "games_played": 2,
      "xg_sum": 8.2073124214103,
      "hdc_sum": 12.0,
      "gs_sum": 9.525000000000002,
      "xg_avg": 4.10365621070515,
      "hdc_avg": 6.0,
      "gs_avg": 4.762500000000001
    },
    "WSH": {
      "games_played": 3,
      "xg_sum": 11.535672382610862,
      "hdc_sum": 33.0,
      "gs_sum": 12.500000000000004,
      "xg_avg": 3.845224127536954,
      "hdc_avg": 11.0,
      "gs_avg": 4.166666666666668
    },
    "COL": {
      "games_played": 3,
      "xg_sum": 12.884370401842455,
      "hdc_sum": 22.0,
      "gs_sum": 17.825000000000003,
      "xg_avg": 4.294790133947485,
      "hdc_avg": 7.333333333333333,
      "gs_avg": 5.941666666666667
    },
    "PIT": {
      "games_played": 3,
      "xg_sum": 7.928611289375001,
      "hdc_sum": 22.0,
      "gs_sum": 17.725,
      "xg_avg": 2.642870429791667,
      "hdc_avg": 7.333333333333333,
      "gs_avg": 5.908333333333334
    },
    "SEA": {
      "games_played": 3,
      "xg_sum": 7.238807585287502,
      "hdc_sum": 25.0,
      "gs_sum": 10.675000000000002,
      "xg_avg": 2.4129358617625005,
      "hdc_avg": 8.333333333333334,
      "gs_avg": 3.558333333333334
    },
    "SJS": {
      "games_played": 3,
      "xg_sum": 9.269109997842026,
      "hdc_sum": 26.0,
      "gs_sum": 12.050000000000004,
      "xg_avg": 3.089703332614009,
      "hdc_avg": 8.666666666666666,
      "gs_avg": 4.016666666666668
    },
    "FLA": {
      "games_played": 2,
      "xg_sum": 5.806163368175,
      "hdc_sum": 7.0,
      "gs_sum": 6.600000000000001,
      "xg_avg": 2.9030816840875,
      "hdc_avg": 3.5,
      "gs_avg": 3.3000000000000007
    },
    "MIN": {
      "games_played": 3,
      "xg_sum": 9.835755496089503,
      "hdc_sum": 24.0,
      "gs_sum": 17.375000000000004,
      "xg_avg": 3.2785851653631677,
      "hdc_avg": 8.0,
      "gs_avg": 5.791666666666668
    },
    "TOR": {
      "games_played": 3,
      "xg_sum": 9.849758000521303,
      "hdc_sum": 21.0,
      "gs_sum": 12.175000000000004,
      "xg_avg": 3.2832526668404345,
      "hdc_avg": 7.0,
      "gs_avg": 4.0583333333333345
    },
    "PHI": {
      "games_played": 3,
      "xg_sum": 8.519428626422004,
      "hdc_sum": 18.0,
      "gs_sum": 13.325,
      "xg_avg": 2.8398095421406677,
      "hdc_avg": 6.0,
      "gs_avg": 4.441666666666666
    },
    "VGK": {
      "games_played": 3,
      "xg_sum": 11.906510577220004,
      "hdc_sum": 23.0,
      "gs_sum": 14.900000000000002,
      "xg_avg": 3.9688368590733347,
      "hdc_avg": 7.666666666666667,
      "gs_avg": 4.966666666666668
    },
    "WPG": {
      "games_played": 3,
      "xg_sum": 8.930732978430823,
      "hdc_sum": 14.0,
      "gs_sum": 8.425,
      "xg_avg": 2.9769109928102746,
      "hdc_avg": 4.666666666666667,
      "gs_avg": 2.8083333333333336
    },
    "CHI": {
      "games_played": 3,
      "xg_sum": 7.8115121000125,
      "hdc_sum": 22.0,
      "gs_sum": 12.125,
      "xg_avg": 2.603837366670833,
      "hdc_avg": 7.333333333333333,
      "gs_avg": 4.041666666666667
    },
    "NJD": {
      "games_played": 3,
      "xg_sum": 8.141066203263591,
      "hdc_sum": 20.0,
      "gs_sum": 12.125000000000002,
      "xg_avg": 2.713688734421197,
      "hdc_avg": 6.666666666666667,
      "gs_avg": 4.041666666666667
    },
    "CGY": {
      "games_played": 3,
      "xg_sum": 7.452304383253902,
      "hdc_sum": 11.0,
      "gs_sum": 8.7,
      "xg_avg": 2.484101461084634,
      "hdc_avg": 3.6666666666666665,
      "gs_avg": 2.9
    },
    "NYI": {
      "games_played": 2,
      "xg_sum": 6.480248548537501,
      "hdc_sum": 14.0,
      "gs_sum": 8.200000000000003,
      "xg_avg": 3.2401242742687506,
      "hdc_avg": 7.0,
      "gs_avg": 4.100000000000001
    },
    "VAN": {
      "games_played": 3,
      "xg_sum": 10.708174833021527,
      "hdc_sum": 20.0,
      "gs_sum": 14.525000000000002,
      "xg_avg": 3.5693916110071755,
      "hdc_avg": 6.666666666666667,
      "gs_avg": 4.841666666666668
    },
    "NYR": {
      "games_played": 3,
      "xg_sum": 9.997927180765254,
      "hdc_sum": 17.0,
      "gs_sum": 11.725000000000003,
      "xg_avg": 3.332642393588418,
      "hdc_avg": 5.666666666666667,
      "gs_avg": 3.9083333333333345
    },
    "ANA": {
      "games_played": 3,
      "xg_sum": 7.877184362389128,
      "hdc_sum": 19.0,
      "gs_sum": 14.825000000000001,
      "xg_avg": 2.625728120796376,
      "hdc_avg": 6.333333333333333,
      "gs_avg": 4.941666666666667
    },
    "MTL": {
      "games_played": 2,
      "xg_sum": 7.448747606005775,
      "hdc_sum": 12.0,
      "gs_sum": 10.175,
      "xg_avg": 3.7243738030028877,
      "hdc_avg": 6.0,
      "gs_avg": 5.0875
    },
    "TBL": {
      "games_played": 2,
      "xg_sum": 7.413943784500001,
      "hdc_sum": 21.0,
      "gs_sum": 10.65,
      "xg_avg": 3.7069718922500003,
      "hdc_avg": 10.5,
      "gs_avg": 5.325
    },
    "OTT": {
      "games_played": 2,
      "xg_sum": 5.1388347942125,
      "hdc_sum": 5.0,
      "gs_sum": 8.050000000000002,
      "xg_avg": 2.56941739710625,
      "hdc_avg": 2.5,
      "gs_avg": 4.025000000000001
    },
    "CBJ": {
      "games_played": 2,
      "xg_sum": 4.3432884497375,
      "hdc_sum": 9.0,
      "gs_sum": 5.050000000000002,
      "xg_avg": 2.17164422486875,
      "hdc_avg": 4.5,
      "gs_avg": 2.525000000000001
    },
    "BOS": {
      "games_played": 2,
      "xg_sum": 5.625062981097502,
      "hdc_sum": 14.0,
      "gs_sum": 7.45,
      "xg_avg": 2.812531490548751,
      "hdc_avg": 7.0,
      "gs_avg": 3.725
    },
    "DAL": {
      "games_played": 3,
      "xg_sum": 9.374783904970121,
      "hdc_sum": 19.0,
      "gs_sum": 13.725,
      "xg_avg": 3.1249279683233735,
      "hdc_avg": 6.333333333333333,
      "gs_avg": 4.575
    },
    "NSH": {
      "games_played": 2,
      "xg_sum": 6.620637721029503,
      "hdc_sum": 14.0,
      "gs_sum": 10.6,
      "xg_avg": 3.3103188605147515,
      "hdc_avg": 7.0,
      "gs_avg": 5.3
    },
    "STL": {
      "games_played": 2,
      "xg_sum": 5.529558666665001,
      "hdc_sum": 6.0,
      "gs_sum": 6.3500000000000005,
      "xg_avg": 2.7647793333325006,
      "hdc_avg": 3.0,
      "gs_avg": 3.1750000000000003
    },
    "EDM": {
      "games_played": 2,
      "xg_sum": 5.234037266012502,
      "hdc_sum": 21.0,
      "gs_sum": 6.225000000000001,
      "xg_avg": 2.617018633006251,
      "hdc_avg": 10.5,
      "gs_avg": 3.1125000000000007
    },
    "LAK": {
      "games_played": 1,
      "xg_sum": 3.9934308741645017,
      "hdc_sum": 3.0,
      "gs_sum": 5.575,
      "xg_avg": 3.9934308741645017,
      "hdc_avg": 3.0,
      "gs_avg": 5.575
    },
    "DET": {
      "games_played": 2,
      "xg_sum": 6.098301826675003,
      "hdc_sum": 16.0,
      "gs_sum": 9.775000000000002,
      "xg_avg": 3.0491509133375017,
      "hdc_avg": 8.0,
      "gs_avg": 4.887500000000001
    },
    "UTA": {
      "games_played": 1,
      "xg_sum": 2.8155591061750003,
      "hdc_sum": 8.0,
      "gs_sum": 5.250000000000001,
      "xg_avg": 2.8155591061750003,
      "hdc_avg": 8.0,
      "gs_avg": 5.250000000000001
    }
  }
}