{
  "season": "2025-2026",
  "generated_at": "2026-03-04T05:51:21.562059",
  "total_games": 438,
  "teams": {
    "BUF": {
      "games_played": 15,
      "xg_sum": 44.509944722064944,
      "hdc_sum": 109.0,
      "gs_sum": 70.00000000000003,
      "xg_avg": 2.967329648137663,
      "hdc_avg": 7.266666666666667,
      "gs_avg": 4.666666666666669
    },
    "CAR": {
      "games_played": 11,
      "xg_sum": 37.00374555991894,
      "hdc_sum": 73.0,
      "gs_sum": 56.57500000000001,
      "xg_avg": 3.36397686908354,
      "hdc_avg": 6.636363636363637,
      "gs_avg": 5.143181818181819
    },
    "WSH": {
      "games_played": 15,
      "xg_sum": 52.110763179039346,
      "hdc_sum": 119.0,
      "gs_sum": 68.15000000000002,
      "xg_avg": 3.474050878602623,
      "hdc_avg": 7.933333333333334,
      "gs_avg": 4.543333333333335
    },
    "COL": {
      "games_played": 14,
      "xg_sum": 49.531685367012805,
      "hdc_sum": 94.0,
      "gs_sum": 71.32500000000002,
      "xg_avg": 3.5379775262152005,
      "hdc_avg": 6.714285714285714,
      "gs_avg": 5.094642857142858
    },
    "PIT": {
      "games_played": 13,
      "xg_sum": 41.66627384055868,
      "hdc_sum": 109.0,
      "gs_sum": 68.32500000000002,
      "xg_avg": 3.205097987735283,
      "hdc_avg": 8.384615384615385,
      "gs_avg": 5.255769230769232
    },
    "SEA": {
      "games_played": 14,
      "xg_sum": 34.5134597081405,
      "hdc_sum": 102.0,
      "gs_sum": 52.175,
      "xg_avg": 2.465247122010036,
      "hdc_avg": 7.285714285714286,
      "gs_avg": 3.726785714285714
    },
    "SJS": {
      "games_played": 12,
      "xg_sum": 36.69001884504802,
      "hdc_sum": 115.0,
      "gs_sum": 52.42500000000001,
      "xg_avg": 3.0575015704206687,
      "hdc_avg": 9.583333333333334,
      "gs_avg": 4.368750000000001
    },
    "FLA": {
      "games_played": 14,
      "xg_sum": 51.051466314956755,
      "hdc_sum": 76.0,
      "gs_sum": 58.95000000000002,
      "xg_avg": 3.646533308211197,
      "hdc_avg": 5.428571428571429,
      "gs_avg": 4.210714285714287
    },
    "MIN": {
      "games_played": 13,
      "xg_sum": 42.07799829530606,
      "hdc_sum": 83.0,
      "gs_sum": 67.07500000000002,
      "xg_avg": 3.2367690996389276,
      "hdc_avg": 6.384615384615385,
      "gs_avg": 5.159615384615386
    },
    "TOR": {
      "games_played": 14,
      "xg_sum": 43.58565751615607,
      "hdc_sum": 98.0,
      "gs_sum": 59.600000000000016,
      "xg_avg": 3.1132612511540048,
      "hdc_avg": 7.0,
      "gs_avg": 4.257142857142858
    },
    "PHI": {
      "games_played": 14,
      "xg_sum": 42.2105213080875,
      "hdc_sum": 83.0,
      "gs_sum": 53.725,
      "xg_avg": 3.015037236291964,
      "hdc_avg": 5.928571428571429,
      "gs_avg": 3.8375
    },
    "VGK": {
      "games_played": 14,
      "xg_sum": 47.50957292837279,
      "hdc_sum": 90.0,
      "gs_sum": 62.07500000000002,
      "xg_avg": 3.393540923455199,
      "hdc_avg": 6.428571428571429,
      "gs_avg": 4.433928571428573
    },
    "WPG": {
      "games_played": 13,
      "xg_sum": 40.07770404856086,
      "hdc_sum": 78.0,
      "gs_sum": 48.55000000000002,
      "xg_avg": 3.0829003114277587,
      "hdc_avg": 6.0,
      "gs_avg": 3.734615384615386
    },
    "CHI": {
      "games_played": 13,
      "xg_sum": 34.699280824461674,
      "hdc_sum": 80.0,
      "gs_sum": 46.22500000000001,
      "xg_avg": 2.669175448035513,
      "hdc_avg": 6.153846153846154,
      "gs_avg": 3.5557692307692315
    },
    "NJD": {
      "games_played": 14,
      "xg_sum": 40.782664875989155,
      "hdc_sum": 108.0,
      "gs_sum": 53.42500000000001,
      "xg_avg": 2.9130474911420827,
      "hdc_avg": 7.714285714285714,
      "gs_avg": 3.8160714285714294
    },
    "CGY": {
      "games_played": 12,
      "xg_sum": 38.88712492123229,
      "hdc_sum": 74.0,
      "gs_sum": 47.05,
      "xg_avg": 3.2405937434360244,
      "hdc_avg": 6.166666666666667,
      "gs_avg": 3.920833333333333
    },
    "NYI": {
      "games_played": 13,
      "xg_sum": 37.702178172949125,
      "hdc_sum": 95.0,
      "gs_sum": 56.875000000000014,
      "xg_avg": 2.900167551765317,
      "hdc_avg": 7.3076923076923075,
      "gs_avg": 4.375000000000001
    },
    "VAN": {
      "games_played": 12,
      "xg_sum": 34.827936092715284,
      "hdc_sum": 64.0,
      "gs_sum": 43.750000000000014,
      "xg_avg": 2.9023280077262736,
      "hdc_avg": 5.333333333333333,
      "gs_avg": 3.6458333333333344
    },
    "NYR": {
      "games_played": 11,
      "xg_sum": 32.62029898944243,
      "hdc_sum": 50.0,
      "gs_sum": 41.70000000000001,
      "xg_avg": 2.9654817263129485,
      "hdc_avg": 4.545454545454546,
      "gs_avg": 3.790909090909092
    },
    "ANA": {
      "games_played": 12,
      "xg_sum": 39.329073048465055,
      "hdc_sum": 102.0,
      "gs_sum": 60.62500000000001,
      "xg_avg": 3.2774227540387546,
      "hdc_avg": 8.5,
      "gs_avg": 5.052083333333334
    },
    "MTL": {
      "games_played": 11,
      "xg_sum": 36.32738288390738,
      "hdc_sum": 66.0,
      "gs_sum": 56.225000000000016,
      "xg_avg": 3.3024893530824895,
      "hdc_avg": 6.0,
      "gs_avg": 5.111363636363638
    },
    "TBL": {
      "games_played": 13,
      "xg_sum": 43.17333005697734,
      "hdc_sum": 133.0,
      "gs_sum": 65.65000000000003,
      "xg_avg": 3.3210253889982573,
      "hdc_avg": 10.23076923076923,
      "gs_avg": 5.0500000000000025
    },
    "OTT": {
      "games_played": 12,
      "xg_sum": 37.81143585593411,
      "hdc_sum": 106.0,
      "gs_sum": 55.90000000000001,
      "xg_avg": 3.150952987994509,
      "hdc_avg": 8.833333333333334,
      "gs_avg": 4.658333333333334
    },
    "CBJ": {
      "games_played": 12,
      "xg_sum": 32.070884143957834,
      "hdc_sum": 79.0,
      "gs_sum": 57.60000000000001,
      "xg_avg": 2.6725736786631527,
      "hdc_avg": 6.583333333333333,
      "gs_avg": 4.800000000000001
    },
    "BOS": {
      "games_played": 11,
      "xg_sum": 34.86068058564507,
      "hdc_sum": 85.0,
      "gs_sum": 48.300000000000004,
      "xg_avg": 3.1691527805131883,
      "hdc_avg": 7.7272727272727275,
      "gs_avg": 4.3909090909090915
    },
    "DAL": {
      "games_played": 13,
      "xg_sum": 47.97140864157265,
      "hdc_sum": 102.0,
      "gs_sum": 68.45,
      "xg_avg": 3.6901083570440503,
      "hdc_avg": 7.846153846153846,
      "gs_avg": 5.265384615384615
    },
    "NSH": {
      "games_played": 13,
      "xg_sum": 45.98197496637749,
      "hdc_sum": 104.0,
      "gs_sum": 60.07500000000002,
      "xg_avg": 3.5370749974136535,
      "hdc_avg": 8.0,
      "gs_avg": 4.621153846153847
    },
    "STL": {
      "games_played": 11,
      "xg_sum": 29.359220596794554,
      "hdc_sum": 93.0,
      "gs_sum": 49.67500000000002,
      "xg_avg": 2.6690200542540503,
      "hdc_avg": 8.454545454545455,
      "gs_avg": 4.515909090909092
    },
    "EDM": {
      "games_played": 12,
      "xg_sum": 44.26576087292787,
      "hdc_sum": 131.0,
      "gs_sum": 66.575,
      "xg_avg": 3.6888134060773226,
      "hdc_avg": 10.916666666666666,
      "gs_avg": 5.547916666666667
    },
    "LAK": {
      "games_played": 12,
      "xg_sum": 36.36741558123157,
      "hdc_sum": 69.0,
      "gs_sum": 48.15000000000002,
      "xg_avg": 3.0306179651026306,
      "hdc_avg": 5.75,
      "gs_avg": 4.012500000000002
    },
    "DET": {
      "games_played": 11,
      "xg_sum": 36.351652201720256,
      "hdc_sum": 67.0,
      "gs_sum": 46.074999999999996,
      "xg_avg": 3.3046956547018413,
      "hdc_avg": 6.090909090909091,
      "gs_avg": 4.1886363636363635
    },
    "UTA": {
      "games_played": 12,
      "xg_sum": 37.79388634938302,
      "hdc_sum": 93.0,
      "gs_sum": 50.95,
      "xg_avg": 3.1494905291152517,
      "hdc_avg": 7.75,
      "gs_avg": 4.245833333333334
    },
    "SVK": {
      "games_played": 3,
      "xg_sum": 0.03779617500000001,
      "hdc_sum": 0.0,
      "gs_sum": 5.250000000000001,
      "xg_avg": 0.012598725000000003,
      "hdc_avg": 0.0,