{
  "season": "2025-2026",
  "generated_at": "2026-03-27T04:22:29.781166",
  "total_games": 242,
  "teams": {
    "SJS": {
      "games_played": 8,
      "xg_sum": 22.488819794765554,
      "hdc_sum": 50.0,
      "gs_sum": 30.075000000000003,
      "xg_avg": 2.8111024743456943,
      "hdc_avg": 6.25,
      "gs_avg": 3.7593750000000004
    },
    "BOS": {
      "games_played": 8,
      "xg_sum": 24.374166070831,
      "hdc_sum": 85.0,
      "gs_sum": 35.75,
      "xg_avg": 3.046770758853875,
      "hdc_avg": 10.625,
      "gs_avg": 4.46875
    },
    "WSH": {
      "games_played": 7,
      "xg_sum": 21.631705207216598,
      "hdc_sum": 28.0,
      "gs_sum": 25.925000000000004,
      "xg_avg": 3.0902436010309424,
      "hdc_avg": 4.0,
      "gs_avg": 3.703571428571429
    },
    "BUF": {
      "games_played": 7,
      "xg_sum": 21.524941421330453,
      "hdc_sum": 54.0,
      "gs_sum": 32.875,
      "xg_avg": 3.0749916316186363,
      "hdc_avg": 7.714285714285714,
      "gs_avg": 4.696428571428571
    },
    "ANA": {
      "games_played": 8,
      "xg_sum": 28.317839736534015,
      "hdc_sum": 92.0,
      "gs_sum": 38.075,
      "xg_avg": 3.539729967066752,
      "hdc_avg": 11.5,
      "gs_avg": 4.759375
    },
    "TOR": {
      "games_played": 8,
      "xg_sum": 19.807363754434228,
      "hdc_sum": 42.0,
      "gs_sum": 28.57500000000001,
      "xg_avg": 2.4759204693042784,
      "hdc_avg": 5.25,
      "gs_avg": 3.5718750000000012
    },
    "DET": {
      "games_played": 6,
      "xg_sum": 19.293384072865127,
      "hdc_sum": 35.0,
      "gs_sum": 23.850000000000005,
      "xg_avg": 3.215564012144188,
      "hdc_avg": 5.833333333333333,
      "gs_avg": 3.975000000000001
    },
    "TBL": {
      "games_played": 8,
      "xg_sum": 27.12944678819811,
      "hdc_sum": 64.0,
      "gs_sum": 43.400000000000006,
      "xg_avg": 3.3911808485247636,
      "hdc_avg": 8.0,
      "gs_avg": 5.425000000000001
    },
    "CBJ": {
      "games_played": 8,
      "xg_sum": 26.488436208367506,
      "hdc_sum": 75.0,
      "gs_sum": 34.82500000000001,
      "xg_avg": 3.3110545260459383,
      "hdc_avg": 9.375,
      "gs_avg": 4.353125000000001
    },
    "FLA": {
      "games_played": 7,
      "xg_sum": 22.353945587135502,
      "hdc_sum": 32.0,
      "gs_sum": 26.325000000000006,
      "xg_avg": 3.1934207981622147,
      "hdc_avg": 4.571428571428571,
      "gs_avg": 3.7607142857142866
    },
    "CGY": {
      "games_played": 8,
      "xg_sum": 20.602104175883436,
      "hdc_sum": 52.0,
      "gs_sum": 36.35000000000001,
      "xg_avg": 2.5752630219854296,
      "hdc_avg": 6.5,
      "gs_avg": 4.543750000000001
    },
    "NJD": {
      "games_played": 7,
      "xg_sum": 24.418332048341373,
      "hdc_sum": 69.0,
      "gs_sum": 40.150000000000006,
      "xg_avg": 3.4883331497630534,
      "hdc_avg": 9.857142857142858,
      "gs_avg": 5.735714285714287
    },
    "STL": {
      "games_played": 7,
      "xg_sum": 20.23225936266165,
      "hdc_sum": 57.0,
      "gs_sum": 25.800000000000008,
      "xg_avg": 2.8903227660945214,
      "hdc_avg": 8.142857142857142,
      "gs_avg": 3.685714285714287
    },
    "CAR": {
      "games_played": 7,
      "xg_sum": 26.8585103252109,
      "hdc_sum": 46.0,
      "gs_sum": 36.22500000000001,
      "xg_avg": 3.8369300464587,
      "hdc_avg": 6.571428571428571,
      "gs_avg": 5.175000000000002
    },
    "EDM": {
      "games_played": 7,
      "xg_sum": 20.41345406561998,
      "hdc_sum": 66.0,
      "gs_sum": 28.775000000000013,
      "xg_avg": 2.9162077236599973,
      "hdc_avg": 9.428571428571429,
      "gs_avg": 4.1107142857142875
    },
    "DAL": {
      "games_played": 8,
      "xg_sum": 24.340162758103567,
      "hdc_sum": 53.0,
      "gs_sum": 30.775000000000002,
      "xg_avg": 3.042520344762946,
      "hdc_avg": 6.625,
      "gs_avg": 3.8468750000000003
    },
    "PHI": {
      "games_played": 7,
      "xg_sum": 26.295312853134003,
      "hdc_sum": 53.0,
      "gs_sum": 30.67500000000001,
      "xg_avg": 3.756473264733429,
      "hdc_avg": 7.571428571428571,
      "gs_avg": 4.382142857142859
    },
    "MIN": {
      "games_played": 8,
      "xg_sum": 31.327718889735316,
      "hdc_sum": 60.0,
      "gs_sum": 34.67500000000001,
      "xg_avg": 3.9159648612169144,
      "hdc_avg": 7.5,
      "gs_avg": 4.334375000000001
    },
    "NYR": {
      "games_played": 8,
      "xg_sum": 19.616753040565726,
      "hdc_sum": 40.0,
      "gs_sum": 29.675000000000004,
      "xg_avg": 2.4520941300707157,
      "hdc_avg": 5.0,
      "gs_avg": 3.7093750000000005
    },
    "WPG": {
      "games_played": 9,
      "xg_sum": 26.02973404281326,
      "hdc_sum": 49.0,
      "gs_sum": 38.10000000000001,
      "xg_avg": 2.8921926714236954,
      "hdc_avg": 5.444444444444445,
      "gs_avg": 4.233333333333334
    },
    "CHI": {
      "games_played": 8,
      "xg_sum": 20.117672755789016,
      "hdc_sum": 50.0,
      "gs_sum": 25.050000000000004,
      "xg_avg": 2.514709094473627,
      "hdc_avg": 6.25,
      "gs_avg": 3.1312500000000005
    },
    "UTA": {
      "games_played": 8,
      "xg_sum": 26.8538982254723,
      "hdc_sum": 73.0,
      "gs_sum": 36.95000000000001,
      "xg_avg": 3.3567372781840374,
      "hdc_avg": 9.125,
      "gs_avg": 4.618750000000001
    },
    "NSH": {
      "games_played": 8,
      "xg_sum": 24.007589541659065,
      "hdc_sum": 57.0,
      "gs_sum": 31.75,
      "xg_avg": 3.000948692707383,
      "hdc_avg": 7.125,
      "gs_avg": 3.96875
    },
    "VAN": {
      "games_played": 6,
      "xg_sum": 17.961602781500453,
      "hdc_sum": 24.0,
      "gs_sum": 24.175000000000004,
      "xg_avg": 2.993600463583409,
      "hdc_avg": 4.0,
      "gs_avg": 4.029166666666668
    },
    "PIT": {
      "games_played": 8,
      "xg_sum": 27.48657928297019,
      "hdc_sum": 83.0,
      "gs_sum": 39.82500000000001,
      "xg_avg": 3.435822410371274,
      "hdc_avg": 10.375,
      "gs_avg": 4.978125000000001
    },
    "VGK": {
      "games_played": 7,
      "xg_sum": 25.26830282545889,
      "hdc_sum": 41.0,
      "gs_sum": 25.849999999999998,
      "xg_avg": 3.609757546494127,
      "hdc_avg": 5.857142857142857,
      "gs_avg": 3.6928571428571426
    },
    "COL": {
      "games_played": 8,
      "xg_sum": 30.829485558992477,
      "hdc_sum": 68.0,
      "gs_sum": 39.45,
      "xg_avg": 3.8536856948740597,
      "hdc_avg": 8.5,
      "gs_avg": 4.93125
    },
    "SEA": {
      "games_played": 8,
      "xg_sum": 19.51131593440708,
      "hdc_sum": 49.0,
      "gs_sum": 32.550000000000004,
      "xg_avg": 2.438914491800885,
      "hdc_avg": 6.125,
      "gs_avg": 4.0687500000000005
    },
    "LAK": {
      "games_played": 7,
      "xg_sum": 23.488368899733285,
      "hdc_sum": 43.0,
      "gs_sum": 33.17500000000001,
      "xg_avg": 3.3554812713904694,
      "hdc_avg": 6.142857142857143,
      "gs_avg": 4.739285714285716
    },
    "NYI": {
      "games_played": 8,
      "xg_sum": 25.954757449480343,
      "hdc_sum": 89.0,
      "gs_sum": 32.050000000000004,
      "xg_avg": 3.244344681185043,
      "hdc_avg": 11.125,
      "gs_avg": 4.0062500000000005
    },
    "OTT": {
      "games_played": 8,
      "xg_sum": 29.615114277118373,
      "hdc_sum": 76.0,
      "gs_sum": 37.525000000000006,
      "xg_avg": 3.7018892846397966,
      "hdc_avg": 9.5,
      "gs_avg": 4.690625000000001
    },
    "MTL": {
      "games_played": 7,
      "xg_sum": 26.919375215210348,
      "hdc_sum": 42.0,
      "gs_sum": 32.025000000000006,
      "xg_avg": 3.8456250307443356,
      "hdc_avg": 6.0,
      "gs_avg": 4.575000000000001
    }
  }
}