{
  "season": "2024-2025",
  "generated_at": "2025-10-22T14:42:17.326761",
  "total_games": 1312,
  "teams": {
    "NJD": {
      "games_played": 82,
      "xg_sum": 276.0154126907961,
      "hdc_sum": 680.0,
      "gs_sum": 372.75000000000006,
      "xg_avg": 3.3660416181804402,
      "hdc_avg": 8.292682926829269,
      "gs_avg": 4.545731707317074
    },
    "BUF": {
      "games_played": 82,
      "xg_sum": 240.88956263134094,
      "hdc_sum": 632.0,
      "gs_sum": 374.47499999999997,
      "xg_avg": 2.9376775930651333,
      "hdc_avg": 7.7073170731707314,
      "gs_avg": 4.5667682926829265
    },
    "STL": {
      "games_played": 82,
      "xg_sum": 234.52907503866604,
      "hdc_sum": 616.0,
      "gs_sum": 368.4750000000001,
      "xg_avg": 2.8601106712032442,
      "hdc_avg": 7.512195121951219,
      "gs_avg": 4.493597560975611
    },
    "SEA": {
      "games_played": 82,
      "xg_sum": 219.89226916340957,
      "hdc_sum": 567.0,
      "gs_sum": 365.75,
      "xg_avg": 2.6816130385781656,
      "hdc_avg": 6.914634146341464,
      "gs_avg": 4.460365853658536
    },
    "BOS": {
      "games_played": 82,
      "xg_sum": 234.80368117291172,
      "hdc_sum": 583.0,
      "gs_sum": 331.325,
      "xg_avg": 2.8634595264989233,
      "hdc_avg": 7.109756097560975,
      "gs_avg": 4.040548780487804
    },
    "FLA": {
      "games_played": 82,
      "xg_sum": 274.5724168921963,
      "hdc_sum": 514.0,
      "gs_sum": 393.425,
      "xg_avg": 3.3484441084414183,
      "hdc_avg": 6.2682926829268295,
      "gs_avg": 4.797865853658537
    },
    "CHI": {
      "games_played": 82,
      "xg_sum": 202.38100596073883,
      "hdc_sum": 436.0,
      "gs_sum": 321.94999999999993,
      "xg_avg": 2.468061048301693,
      "hdc_avg": 5.317073170731708,
      "gs_avg": 3.926219512195121
    },
    "UTA": {
      "games_played": 82,
      "xg_sum": 264.4051866115602,
      "hdc_sum": 680.0,
      "gs_sum": 364.74999999999994,
      "xg_avg": 3.22445349526293,
      "hdc_avg": 8.292682926829269,
      "gs_avg": 4.448170731707316
    },
    "TOR": {
      "games_played": 82,
      "xg_sum": 243.18572165314941,
      "hdc_sum": 498.0,
      "gs_sum": 375.20000000000005,
      "xg_avg": 2.9656795323554808,
      "hdc_avg": 6.073170731707317,
      "gs_avg": 4.5756097560975615
    },
    "MTL": {
      "games_played": 82,
      "xg_sum": 245.59642929715832,
      "hdc_sum": 451.0,
      "gs_sum": 345.075,
      "xg_avg": 2.9950784060629063,
      "hdc_avg": 5.5,
      "gs_avg": 4.208231707317073
    },
    "NYR": {
      "games_played": 82,
      "xg_sum": 248.29797063183756,
      "hdc_sum": 501.0,
      "gs_sum": 371.05,
      "xg_avg": 3.02802403209558,
      "hdc_avg": 6.109756097560975,
      "gs_avg": 4.525
    },
    "PIT": {
      "games_played": 82,
      "xg_sum": 270.21520466168437,
      "hdc_sum": 723.0,
      "gs_sum": 377.44999999999993,
      "xg_avg": 3.29530737392298,
      "hdc_avg": 8.817073170731707,
      "gs_avg": 4.603048780487804
    },
    "WPG": {
      "games_played": 82,
      "xg_sum": 241.70274511158925,
      "hdc_sum": 480.0,
      "gs_sum": 388.3000000000001,
      "xg_avg": 2.947594452580357,
      "hdc_avg": 5.853658536585366,
      "gs_avg": 4.735365853658538
    },
    "EDM": {
      "games_played": 82,
      "xg_sum": 285.1646525004261,
      "hdc_sum": 701.0,
      "gs_sum": 402.8250000000001,
      "xg_avg": 3.4776177134198303,
      "hdc_avg": 8.548780487804878,
      "gs_avg": 4.912500000000001
    },
    "CGY": {
      "games_played": 82,
      "xg_sum": 243.6172981071245,
      "hdc_sum": 475.0,
      "gs_sum": 371.025,
      "xg_avg": 2.9709426598429816,
      "hdc_avg": 5.7926829268292686,
      "gs_avg": 4.524695121951219
    },
    "VAN": {
      "games_played": 82,
      "xg_sum": 236.549425884736,
      "hdc_sum": 466.0,
      "gs_sum": 339.54999999999995,
      "xg_avg": 2.884749096155317,
      "hdc_avg": 5.682926829268292,
      "gs_avg": 4.140853658536585
    },
    "COL": {
      "games_played": 82,
      "xg_sum": 266.4082743660475,
      "hdc_sum": 541.0,
      "gs_sum": 413.2000000000001,
      "xg_avg": 3.2488813947078965,
      "hdc_avg": 6.597560975609756,
      "gs_avg": 5.039024390243903
    },
    "VGK": {
      "games_played": 82,
      "xg_sum": 257.60343276526777,
      "hdc_sum": 537.0,
      "gs_sum": 410.975,
      "xg_avg": 3.1415052776252166,
      "hdc_avg": 6.548780487804878,
      "gs_avg": 5.011890243902439
    },
    "LAK": {
      "games_played": 82,
      "xg_sum": 244.97426243220875,
      "hdc_sum": 496.0,
      "gs_sum": 373.20000000000005,
      "xg_avg": 2.9874910052708383,
      "hdc_avg": 6.048780487804878,
      "gs_avg": 4.551219512195122
    },
    "OTT": {
      "games_played": 82,
      "xg_sum": 249.2360355463248,
      "hdc_sum": 694.0,
      "gs_sum": 368.20000000000005,
      "xg_avg": 3.039463848125912,
      "hdc_avg": 8.463414634146341,
      "gs_avg": 4.490243902439025
    },
    "NYI": {
      "games_played": 82,
      "xg_sum": 254.15082954656611,
      "hdc_sum": 693.0,
      "gs_sum": 373.1000000000001,
      "xg_avg": 3.099400360323977,
      "hdc_avg": 8.451219512195122,
      "gs_avg": 4.550000000000001
    },
    "DET": {
      "games_played": 82,
      "xg_sum": 244.46948949277615,
      "hdc_sum": 504.0,
      "gs_sum": 360.22500000000014,
      "xg_avg": 2.9813352377167823,
      "hdc_avg": 6.146341463414634,
      "gs_avg": 4.39298780487805
    },
    "DAL": {
      "games_played": 82,
      "xg_sum": 276.6429351319436,
      "hdc_sum": 553.0,
      "gs_sum": 398.825,
      "xg_avg": 3.373694330877361,
      "hdc_avg": 6.7439024390243905,
      "gs_avg": 4.8637195121951216
    },
    "NSH": {
      "games_played": 82,
      "xg_sum": 258.547861984822,
      "hdc_sum": 669.0,
      "gs_sum": 350.82500000000005,
      "xg_avg": 3.153022707131976,
      "hdc_avg": 8.158536585365853,
      "gs_avg": 4.278353658536586
    },
    "CBJ": {
      "games_played": 82,
      "xg_sum": 248.23378269173327,
      "hdc_sum": 646.0,
      "gs_sum": 393.4000000000001,
      "xg_avg": 3.0272412523382104,
      "hdc_avg": 7.878048780487805,
      "gs_avg": 4.797560975609757
    },
    "MIN": {
      "games_played": 82,
      "xg_sum": 225.7761724308387,
      "hdc_sum": 478.0,
      "gs_sum": 351.4500000000001,
      "xg_avg": 2.753367956473643,
      "hdc_avg": 5.829268292682927,
      "gs_avg": 4.285975609756099
    },
    "SJS": {
      "games_played": 82,
      "xg_sum": 227.21161545675403,
      "hdc_sum": 581.0,
      "gs_sum": 332.075,
      "xg_avg": 2.7708733592287076,
      "hdc_avg": 7.085365853658536,
      "gs_avg": 4.04969512195122
    },
    "TBL": {
      "games_played": 82,
      "xg_sum": 264.47917711653804,
      "hdc_sum": 752.0,
      "gs_sum": 405.60000000000014,
      "xg_avg": 3.2253558184943665,
      "hdc_avg": 9.170731707317072,
      "gs_avg": 4.946341463414636
    },
    "CAR": {
      "games_played": 82,
      "xg_sum": 287.0816864308495,
      "hdc_sum": 540.0,
      "gs_sum": 414.55000000000007,
      "xg_avg": 3.5009961759859696,
      "hdc_avg": 6.585365853658536,
      "gs_avg": 5.05548780487805
    },
    "PHI": {
      "games_played": 82,
      "xg_sum": 240.73510668440352,
      "hdc_sum": 522.0,
      "gs_sum": 354.2000000000002,
      "xg_avg": 2.9357939839561404,
      "hdc_avg": 6.365853658536586,
      "gs_avg": 4.319512195121954
    },
    "WSH": {
      "games_played": 82,
      "xg_sum": 258.64679824595254,
      "hdc_sum": 459.0,
      "gs_sum": 386.07500000000016,
      "xg_avg": 3.1542292469018602,
      "hdc_avg": 5.597560975609756,
      "gs_avg": 4.708231707317075
    },
    "ANA": {
      "games_played": 82,
      "xg_sum": 236.02428705548382,
      "hdc_sum": 626.0,
      "gs_sum": 338.2499999999999,
      "xg_avg": 2.878344964091266,
      "hdc_avg": 7.634146341463414,
      "gs_avg": 4.124999999999998
    }
  }
}