{
  "season": "2025-2026",
  "generated_at": "2026-01-10T23:14:53.821997",
  "total_games": 664,
  "teams": {
    "VGK": {
      "games_played": 32,
      "xg_sum": 104.44452730992936,
      "hdc_sum": 134.0,
      "gs_sum": 143.22500000000002,
      "xg_avg": 3.2638914784352924,
      "hdc_avg": 4.1875,
      "gs_avg": 4.475781250000001
    },
    "NJD": {
      "games_played": 34,
      "xg_sum": 102.13738560547884,
      "hdc_sum": 163.0,
      "gs_sum": 112.50000000000004,
      "xg_avg": 3.004040753102319,
      "hdc_avg": 4.794117647058823,
      "gs_avg": 3.308823529411766
    },
    "BUF": {
      "games_played": 30,
      "xg_sum": 109.64660370861289,
      "hdc_sum": 292.0,
      "gs_sum": 117.80000000000001,
      "xg_avg": 3.654886790287096,
      "hdc_avg": 9.733333333333333,
      "gs_avg": 3.926666666666667
    },
    "WPG": {
      "games_played": 33,
      "xg_sum": 83.60756100947964,
      "hdc_sum": 156.0,
      "gs_sum": 142.32500000000005,
      "xg_avg": 2.5335624548327162,
      "hdc_avg": 4.7272727272727275,
      "gs_avg": 4.312878787878789
    },
    "SJS": {
      "games_played": 29,
      "xg_sum": 75.94880651518676,
      "hdc_sum": 244.0,
      "gs_sum": 100.62499999999996,
      "xg_avg": 2.618924362592647,
      "hdc_avg": 8.413793103448276,
      "gs_avg": 3.469827586206895
    },
    "DAL": {
      "games_played": 31,
      "xg_sum": 90.63083195746086,
      "hdc_sum": 125.0,
      "gs_sum": 135.67500000000004,
      "xg_avg": 2.923575224434221,
      "hdc_avg": 4.032258064516129,
      "gs_avg": 4.376612903225808
    },
    "UTA": {
      "games_played": 30,
      "xg_sum": 93.815953948824,
      "hdc_sum": 197.0,
      "gs_sum": 127.37499999999996,
      "xg_avg": 3.1271984649608,
      "hdc_avg": 6.566666666666666,
      "gs_avg": 4.245833333333332
    },
    "VAN": {
      "games_played": 29,
      "xg_sum": 113.757544113738,
      "hdc_sum": 188.0,
      "gs_sum": 117.425,
      "xg_avg": 3.922673934956483,
      "hdc_avg": 6.482758620689655,
      "gs_avg": 4.049137931034482
    },
    "WSH": {
      "games_played": 25,
      "xg_sum": 85.14603695738273,
      "hdc_sum": 160.0,
      "gs_sum": 110.52499999999999,
      "xg_avg": 3.4058414782953093,
      "hdc_avg": 6.4,
      "gs_avg": 4.420999999999999
    },
    "ANA": {
      "games_played": 27,
      "xg_sum": 103.14445361508442,
      "hdc_sum": 254.0,
      "gs_sum": 145.8,
      "xg_avg": 3.82016494870683,
      "hdc_avg": 9.407407407407407,
      "gs_avg": 5.4
    },
    "COL": {
      "games_played": 18,
      "xg_sum": 67.56208563669361,
      "hdc_sum": 187.0,
      "gs_sum": 105.875,
      "xg_avg": 3.7534492020385337,
      "hdc_avg": 10.38888888888889,
      "gs_avg": 5.881944444444445
    },
    "NYR": {
      "games_played": 19,
      "xg_sum": 53.888127924995594,
      "hdc_sum": 99.0,
      "gs_sum": 71.65,
      "xg_avg": 2.8362172592102946,
      "hdc_avg": 5.2105263157894735,
      "gs_avg": 3.771052631578948
    },
    "CBJ": {
      "games_played": 15,
      "xg_sum": 48.495573714386055,
      "hdc_sum": 122.0,
      "gs_sum": 68.80000000000001,
      "xg_avg": 3.233038247625737,
      "hdc_avg": 8.133333333333333,
      "gs_avg": 4.586666666666668
    },
    "FLA": {
      "games_played": 17,
      "xg_sum": 56.840259692874355,
      "hdc_sum": 120.0,
      "gs_sum": 77.97500000000002,
      "xg_avg": 3.3435446878161383,
      "hdc_avg": 7.0588235294117645,
      "gs_avg": 4.586764705882354
    },
    "BOS": {
      "games_played": 15,
      "xg_sum": 47.01971591316076,
      "hdc_sum": 119.0,
      "gs_sum": 68.32500000000002,
      "xg_avg": 3.1346477275440505,
      "hdc_avg": 7.933333333333334,
      "gs_avg": 4.5550000000000015
    },
    "MTL": {
      "games_played": 18,
      "xg_sum": 60.911651443628166,
      "hdc_sum": 98.0,
      "gs_sum": 84.175,
      "xg_avg": 3.3839806357571205,
      "hdc_avg": 5.444444444444445,
      "gs_avg": 4.676388888888889
    },
    "TOR": {
      "games_played": 18,
      "xg_sum": 48.465909428454296,
      "hdc_sum": 119.0,
      "gs_sum": 80.67500000000003,
      "xg_avg": 2.6925505238030163,
      "hdc_avg": 6.611111111111111,
      "gs_avg": 4.481944444444446
    },
    "STL": {
      "games_played": 16,
      "xg_sum": 43.801123212646125,
      "hdc_sum": 116.0,
      "gs_sum": 55.70000000000002,
      "xg_avg": 2.737570200790383,
      "hdc_avg": 7.25,
      "gs_avg": 3.481250000000001
    },
    "OTT": {
      "games_played": 16,
      "xg_sum": 56.53614080649982,
      "hdc_sum": 156.0,
      "gs_sum": 76.25000000000001,
      "xg_avg": 3.533508800406239,
      "hdc_avg": 9.75,
      "gs_avg": 4.765625000000001
    },
    "NYI": {
      "games_played": 17,
      "xg_sum": 48.672517036814426,
      "hdc_sum": 141.0,
      "gs_sum": 72.15000000000002,
      "xg_avg": 2.863089237459672,
      "hdc_avg": 8.294117647058824,
      "gs_avg": 4.244117647058824
    },
    "TBL": {
      "games_played": 14,
      "xg_sum": 48.791334593520475,
      "hdc_sum": 126.0,
      "gs_sum": 67.025,
      "xg_avg": 3.4850953281086055,
      "hdc_avg": 9.0,
      "gs_avg": 4.7875000000000005
    },
    "NSH": {
      "games_played": 15,
      "xg_sum": 47.459833980406835,
      "hdc_sum": 108.0,
      "gs_sum": 67.47500000000001,
      "xg_avg": 3.1639889320271224,
      "hdc_avg": 7.2,
      "gs_avg": 4.498333333333334
    },
    "CAR": {
      "games_played": 18,
      "xg_sum": 66.51641860589021,
      "hdc_sum": 129.0,
      "gs_sum": 93.42500000000003,
      "xg_avg": 3.695356589216123,
      "hdc_avg": 7.166666666666667,
      "gs_avg": 5.190277777777779
    },
    "CGY": {
      "games_played": 15,
      "xg_sum": 46.065819304497836,
      "hdc_sum": 86.0,
      "gs_sum": 65.60000000000001,
      "xg_avg": 3.0710546202998557,
      "hdc_avg": 5.733333333333333,
      "gs_avg": 4.373333333333334
    },
    "CHI": {
      "games_played": 19,
      "xg_sum": 50.80939140630845,
      "hdc_sum": 110.0,
      "gs_sum": 73.35000000000001,
      "xg_avg": 2.674178495068866,
      "hdc_avg": 5.7894736842105265,
      "gs_avg": 3.8605263157894742
    },
    "LAK": {
      "games_played": 16,
      "xg_sum": 52.58500577332339,
      "hdc_sum": 88.0,
      "gs_sum": 67.77499999999999,
      "xg_avg": 3.2865628608327118,
      "hdc_avg": 5.5,
      "gs_avg": 4.2359374999999995
    },
    "EDM": {
      "games_played": 15,
      "xg_sum": 53.042246083449236,
      "hdc_sum": 157.0,
      "gs_sum": 73.47500000000001,
      "xg_avg": 3.536149738896616,
      "hdc_avg": 10.466666666666667,
      "gs_avg": 4.898333333333334
    },
    "DET": {
      "games_played": 16,
      "xg_sum": 47.28066433224907,
      "hdc_sum": 104.0,
      "gs_sum": 69.97500000000001,
      "xg_avg": 2.9550415207655667,
      "hdc_avg": 6.5,
      "gs_avg": 4.3734375000000005
    },
    "SEA": {
      "games_played": 19,
      "xg_sum": 57.373685949510644,
      "hdc_sum": 146.0,
      "gs_sum": 84.05000000000001,
      "xg_avg": 3.0196676815531918,
      "hdc_avg": 7.684210526315789,
      "gs_avg": 4.423684210526316
    },
    "MIN": {
      "games_played": 16,
      "xg_sum": 54.20344521969971,
      "hdc_sum": 133.0,
      "gs_sum": 82.82500000000002,
      "xg_avg": 3.387715326231232,
      "hdc_avg": 8.3125,
      "gs_avg": 5.176562500000001
    },
    "PHI": {
      "games_played": 15,
      "xg_sum": 48.71727454223286,
      "hdc_sum": 93.0,
      "gs_sum": 68.9,
      "xg_avg": 3.247818302815524,
      "hdc_avg": 6.2,
      "gs_avg": 4.593333333333334
    },
    "PIT": {
      "games_played": 17,
      "xg_sum": 59.77715966024054,
      "hdc_sum": 184.0,
      "gs_sum": 87.25,
      "xg_avg": 3.516303509425914,
      "hdc_avg": 10.823529411764707,
      "gs_avg": 5.132352941176471
    }
  }
}