{
  "season": "2025-2026",
  "generated_at": "2026-01-30T04:56:22.486261",
  "total_games": 168,
  "teams": {
    "BUF": {
      "games_played": 6,
      "xg_sum": 14.962395284586936,
      "hdc_sum": 36.0,
      "gs_sum": 29.200000000000003,
      "xg_avg": 2.493732547431156,
      "hdc_avg": 6.0,
      "gs_avg": 4.866666666666667
    },
    "CAR": {
      "games_played": 4,
      "xg_sum": 14.1151080534603,
      "hdc_sum": 21.0,
      "gs_sum": 20.150000000000002,
      "xg_avg": 3.528777013365075,
      "hdc_avg": 5.25,
      "gs_avg": 5.0375000000000005
    },
    "WSH": {
      "games_played": 6,
      "xg_sum": 21.2386631224114,
      "hdc_sum": 51.0,
      "gs_sum": 26.525000000000006,
      "xg_avg": 3.5397771870685664,
      "hdc_avg": 8.5,
      "gs_avg": 4.420833333333334
    },
    "COL": {
      "games_played": 6,
      "xg_sum": 22.281882033236847,
      "hdc_sum": 45.0,
      "gs_sum": 31.550000000000004,
      "xg_avg": 3.7136470055394746,
      "hdc_avg": 7.5,
      "gs_avg": 5.258333333333334
    },
    "PIT": {
      "games_played": 5,
      "xg_sum": 15.601789558812502,
      "hdc_sum": 40.0,
      "gs_sum": 29.675000000000004,
      "xg_avg": 3.1203579117625004,
      "hdc_avg": 8.0,
      "gs_avg": 5.9350000000000005
    },
    "SEA": {
      "games_played": 5,
      "xg_sum": 12.178968518847501,
      "hdc_sum": 43.0,
      "gs_sum": 20.725,
      "xg_avg": 2.4357937037695003,
      "hdc_avg": 8.6,
      "gs_avg": 4.1450000000000005
    },
    "SJS": {
      "games_played": 5,
      "xg_sum": 14.067307423836176,
      "hdc_sum": 38.0,
      "gs_sum": 21.725,
      "xg_avg": 2.8134614847672355,
      "hdc_avg": 7.6,
      "gs_avg": 4.345000000000001
    },
    "FLA": {
      "games_played": 6,
      "xg_sum": 18.428861016204454,
      "hdc_sum": 36.0,
      "gs_sum": 24.875000000000007,
      "xg_avg": 3.071476836034076,
      "hdc_avg": 6.0,
      "gs_avg": 4.145833333333335
    },
    "MIN": {
      "games_played": 6,
      "xg_sum": 17.986890934358254,
      "hdc_sum": 37.0,
      "gs_sum": 29.800000000000004,
      "xg_avg": 2.9978151557263755,
      "hdc_avg": 6.166666666666667,
      "gs_avg": 4.966666666666668
    },
    "TOR": {
      "games_played": 5,
      "xg_sum": 16.84201547712406,
      "hdc_sum": 32.0,
      "gs_sum": 20.650000000000006,
      "xg_avg": 3.3684030954248123,
      "hdc_avg": 6.4,
      "gs_avg": 4.130000000000001
    },
    "PHI": {
      "games_played": 6,
      "xg_sum": 18.716937218961405,
      "hdc_sum": 37.0,
      "gs_sum": 23.775,
      "xg_avg": 3.1194895364935675,
      "hdc_avg": 6.166666666666667,
      "gs_avg": 3.9625
    },
    "VGK": {
      "games_played": 5,
      "xg_sum": 19.209305190024306,
      "hdc_sum": 40.0,
      "gs_sum": 22.075000000000006,
      "xg_avg": 3.8418610380048612,
      "hdc_avg": 8.0,
      "gs_avg": 4.415000000000001
    },
    "WPG": {
      "games_played": 6,
      "xg_sum": 16.039179872429322,
      "hdc_sum": 32.0,
      "gs_sum": 18.975,
      "xg_avg": 2.673196645404887,
      "hdc_avg": 5.333333333333333,
      "gs_avg": 3.1625
    },
    "CHI": {
      "games_played": 6,
      "xg_sum": 17.94144444999585,
      "hdc_sum": 43.0,
      "gs_sum": 22.75,
      "xg_avg": 2.990240741665975,
      "hdc_avg": 7.166666666666667,
      "gs_avg": 3.7916666666666665
    },
    "NJD": {
      "games_played": 6,
      "xg_sum": 18.032211673385593,
      "hdc_sum": 45.0,
      "gs_sum": 25.950000000000003,
      "xg_avg": 3.005368612230932,
      "hdc_avg": 7.5,
      "gs_avg": 4.325
    },
    "CGY": {
      "games_played": 5,
      "xg_sum": 14.669741967756291,
      "hdc_sum": 29.0,
      "gs_sum": 17.275000000000002,
      "xg_avg": 2.9339483935512582,
      "hdc_avg": 5.8,
      "gs_avg": 3.4550000000000005
    },
    "NYI": {
      "games_played": 6,
      "xg_sum": 17.069599613091064,
      "hdc_sum": 45.0,
      "gs_sum": 23.825000000000006,
      "xg_avg": 2.8449332688485107,
      "hdc_avg": 7.5,
      "gs_avg": 3.9708333333333345
    },
    "VAN": {
      "games_played": 5,
      "xg_sum": 18.06687186016303,
      "hdc_sum": 32.0,
      "gs_sum": 22.000000000000004,
      "xg_avg": 3.613374372032606,
      "hdc_avg": 6.4,
      "gs_avg": 4.4
    },
    "NYR": {
      "games_played": 6,
      "xg_sum": 17.646258886426114,
      "hdc_sum": 31.0,
      "gs_sum": 22.175000000000008,
      "xg_avg": 2.9410431477376857,
      "hdc_avg": 5.166666666666667,
      "gs_avg": 3.6958333333333346
    },
    "ANA": {
      "games_played": 5,
      "xg_sum": 14.316368001070604,
      "hdc_sum": 26.0,
      "gs_sum": 25.650000000000006,
      "xg_avg": 2.8632736002141206,
      "hdc_avg": 5.2,
      "gs_avg": 5.130000000000001
    },
    "MTL": {
      "games_played": 5,
      "xg_sum": 17.566683311288227,
      "hdc_sum": 30.0,
      "gs_sum": 25.375000000000007,
      "xg_avg": 3.5133366622576454,
      "hdc_avg": 6.0,
      "gs_avg": 5.075000000000001
    },
    "TBL": {
      "games_played": 5,
      "xg_sum": 15.300444792907813,
      "hdc_sum": 47.0,
      "gs_sum": 25.325000000000003,
      "xg_avg": 3.0600889585815625,
      "hdc_avg": 9.4,
      "gs_avg": 5.065
    },
    "OTT": {
      "games_played": 5,
      "xg_sum": 14.385314859987503,
      "hdc_sum": 40.0,
      "gs_sum": 24.775000000000006,
      "xg_avg": 2.8770629719975007,
      "hdc_avg": 8.0,
      "gs_avg": 4.955000000000001
    },
    "CBJ": {
      "games_played": 4,
      "xg_sum": 9.4119081584375,
      "hdc_sum": 26.0,
      "gs_sum": 18.675000000000004,
      "xg_avg": 2.352977039609375,
      "hdc_avg": 6.5,
      "gs_avg": 4.668750000000001
    },
    "BOS": {
      "games_played": 6,
      "xg_sum": 16.26887386316,
      "hdc_sum": 39.0,
      "gs_sum": 25.35,
      "xg_avg": 2.7114789771933334,
      "hdc_avg": 6.5,
      "gs_avg": 4.2250000000000005
    },
    "DAL": {
      "games_played": 4,
      "xg_sum": 12.727421936407621,
      "hdc_sum": 26.0,
      "gs_sum": 18.625,
      "xg_avg": 3.1818554841019053,
      "hdc_avg": 6.5,
      "gs_avg": 4.65625
    },
    "NSH": {
      "games_played": 5,
      "xg_sum": 16.487549922643854,
      "hdc_sum": 33.0,
      "gs_sum": 22.1,
      "xg_avg": 3.2975099845287708,
      "hdc_avg": 6.6,
      "gs_avg": 4.42
    },
    "STL": {
      "games_played": 5,
      "xg_sum": 13.5372698640021,
      "hdc_sum": 39.0,
      "gs_sum": 21.47500000000001,
      "xg_avg": 2.70745397280042,
      "hdc_avg": 7.8,
      "gs_avg": 4.295000000000002
    },
    "EDM": {
      "games_played": 5,
      "xg_sum": 17.335032693365005,
      "hdc_sum": 58.0,
      "gs_sum": 26.3,
      "xg_avg": 3.467006538673001,
      "hdc_avg": 11.6,
      "gs_avg": 5.26
    },
    "LAK": {
      "games_played": 4,
      "xg_sum": 13.801241708308504,
      "hdc_sum": 23.0,
      "gs_sum": 19.350000000000005,
      "xg_avg": 3.450310427077126,
      "hdc_avg": 5.75,
      "gs_avg": 4.837500000000001
    },
    "DET": {
      "games_played": 5,
      "xg_sum": 17.036204385232548,
      "hdc_sum": 32.0,
      "gs_sum": 25.200000000000003,
      "xg_avg": 3.4072408770465095,
      "hdc_avg": 6.4,
      "gs_avg": 5.040000000000001
    },
    "UTA": {
      "games_played": 5,
      "xg_sum": 15.910435150800723,
      "hdc_sum": 36.0,
      "gs_sum": 21.225000000000005,
      "xg_avg": 3.1820870301601447,
      "hdc_avg": 7.2,
      "gs_avg": 4.245000000000001
    }
  }
}