{
  "season": "2025-2026",
  "generated_at": "2026-04-26T01:13:48.894890",
  "total_games": 774,
  "teams": {
    "SJS": {
      "games_played": 17,
      "xg_sum": 47.74499897480443,
      "hdc_sum": 119.0,
      "gs_sum": 68.95000000000002,
      "xg_avg": 2.808529351459084,
      "hdc_avg": 7.0,
      "gs_avg": 4.055882352941177
    },
    "BOS": {
      "games_played": 31,
      "xg_sum": 88.98809995939567,
      "hdc_sum": 299.0,
      "gs_sum": 107.22499999999992,
      "xg_avg": 2.8705838696579247,
      "hdc_avg": 9.64516129032258,
      "gs_avg": 3.458870967741933
    },
    "WSH": {
      "games_played": 15,
      "xg_sum": 43.70830892071101,
      "hdc_sum": 74.0,
      "gs_sum": 59.7,
      "xg_avg": 2.9138872613807343,
      "hdc_avg": 4.933333333333334,
      "gs_avg": 3.98
    },
    "BUF": {
      "games_played": 31,
      "xg_sum": 103.41092137573517,
      "hdc_sum": 222.0,
      "gs_sum": 138.575,
      "xg_avg": 3.335836173410812,
      "hdc_avg": 7.161290322580645,
      "gs_avg": 4.47016129032258
    },
    "ANA": {
      "games_played": 42,
      "xg_sum": 156.61717711758638,
      "hdc_sum": 431.0,
      "gs_sum": 260.9999999999999,
      "xg_avg": 3.7289804075615804,
      "hdc_avg": 10.261904761904763,
      "gs_avg": 6.214285714285712
    },
    "TOR": {
      "games_played": 15,
      "xg_sum": 37.31639427613013,
      "hdc_sum": 70.0,
      "gs_sum": 50.92500000000001,
      "xg_avg": 2.4877596184086754,
      "hdc_avg": 4.666666666666667,
      "gs_avg": 3.395000000000001
    },
    "DET": {
      "games_played": 14,
      "xg_sum": 42.45687992070684,
      "hdc_sum": 82.0,
      "gs_sum": 60.95000000000001,
      "xg_avg": 3.0326342800504884,
      "hdc_avg": 5.857142857142857,
      "gs_avg": 4.3535714285714295
    },
    "TBL": {
      "games_played": 34,
      "xg_sum": 96.94520981221349,
      "hdc_sum": 259.0,
      "gs_sum": 120.27500000000006,
      "xg_avg": 2.85132970035922,
      "hdc_avg": 7.617647058823529,
      "gs_avg": 3.537500000000002
    },
    "CBJ": {
      "games_played": 16,
      "xg_sum": 54.63523806232921,
      "hdc_sum": 150.0,
      "gs_sum": 70.92500000000003,
      "xg_avg": 3.4147023788955755,
      "hdc_avg": 9.375,
      "gs_avg": 4.432812500000002
    },
    "FLA": {
      "games_played": 17,
      "xg_sum": 53.04131810652355,
      "hdc_sum": 105.0,
      "gs_sum": 74.725,
      "xg_avg": 3.1200775356778556,
      "hdc_avg": 6.176470588235294,
      "gs_avg": 4.395588235294118
    },
    "CGY": {
      "games_played": 16,
      "xg_sum": 41.33669659863371,
      "hdc_sum": 99.0,
      "gs_sum": 67.42500000000001,
      "xg_avg": 2.5835435374146067,
      "hdc_avg": 6.1875,
      "gs_avg": 4.214062500000001
    },
    "NJD": {
      "games_played": 15,
      "xg_sum": 48.05434292526162,
      "hdc_sum": 126.0,
      "gs_sum": 68.475,
      "xg_avg": 3.2036228616841083,
      "hdc_avg": 8.4,
      "gs_avg": 4.5649999999999995
    },
    "STL": {
      "games_played": 15,
      "xg_sum": 44.01898429903766,
      "hdc_sum": 130.0,
      "gs_sum": 68.10000000000001,
      "xg_avg": 2.9345989532691776,
      "hdc_avg": 8.666666666666666,
      "gs_avg": 4.540000000000001
    },
    "CAR": {
      "games_played": 34,
      "xg_sum": 119.90893379527343,
      "hdc_sum": 179.0,
      "gs_sum": 152.4500000000001,
      "xg_avg": 3.5267333469198068,
      "hdc_avg": 5.264705882352941,
      "gs_avg": 4.483823529411768
    },
    "EDM": {
      "games_played": 42,
      "xg_sum": 120.42031767846184,
      "hdc_sum": 411.0,
      "gs_sum": 202.32499999999985,
      "xg_avg": 2.8671504209157583,
      "hdc_avg": 9.785714285714286,
      "gs_avg": 4.817261904761901
    },
    "DAL": {
      "games_played": 30,
      "xg_sum": 98.57337671394255,
      "hdc_sum": 294.0,
      "gs_sum": 136.45000000000005,
      "xg_avg": 3.285779223798085,
      "hdc_avg": 9.8,
      "gs_avg": 4.548333333333335
    },
    "PHI": {
      "games_played": 28,
      "xg_sum": 83.19322902604154,
      "hdc_sum": 165.0,
      "gs_sum": 119.92499999999994,
      "xg_avg": 2.971186750930055,
      "hdc_avg": 5.892857142857143,
      "gs_avg": 4.283035714285712
    },
    "MIN": {
      "games_played": 28,
      "xg_sum": 85.89181395874604,
      "hdc_sum": 174.0,
      "gs_sum": 125.925,
      "xg_avg": 3.06756478424093,
      "hdc_avg": 6.214285714285714,
      "gs_avg": 4.4973214285714285
    },
    "NYR": {
      "games_played": 19,
      "xg_sum": 55.11042114915968,
      "hdc_sum": 114.0,
      "gs_sum": 81.49999999999999,
      "xg_avg": 2.90054848153472,
      "hdc_avg": 6.0,
      "gs_avg": 4.289473684210526
    },
    "WPG": {
      "games_played": 17,
      "xg_sum": 48.656952694130354,
      "hdc_sum": 95.0,
      "gs_sum": 70.72500000000001,
      "xg_avg": 2.862173687890021,
      "hdc_avg": 5.588235294117647,
      "gs_avg": 4.16029411764706
    },
    "CHI": {
      "games_played": 16,
      "xg_sum": 40.95959503049232,
      "hdc_sum": 96.0,
      "gs_sum": 55.85000000000001,
      "xg_avg": 2.55997468940577,
      "hdc_avg": 6.0,
      "gs_avg": 3.4906250000000005
    },
    "UTA": {
      "games_played": 32,
      "xg_sum": 79.0878191725826,
      "hdc_sum": 179.0,
      "gs_sum": 132.47500000000002,
      "xg_avg": 2.471494349143206,
      "hdc_avg": 5.59375,
      "gs_avg": 4.139843750000001
    },
    "NSH": {
      "games_played": 16,
      "xg_sum": 47.53674217654653,
      "hdc_sum": 115.0,
      "gs_sum": 62.5,
      "xg_avg": 2.9710463860341583,
      "hdc_avg": 7.1875,
      "gs_avg": 3.90625
    },
    "VAN": {
      "games_played": 15,
      "xg_sum": 40.8151848045925,
      "hdc_sum": 84.0,
      "gs_sum": 56.100000000000016,
      "xg_avg": 2.7210123203061665,
      "hdc_avg": 5.6,
      "gs_avg": 3.740000000000001
    },
    "PIT": {
      "games_played": 28,
      "xg_sum": 83.89432983395844,
      "hdc_sum": 264.0,
      "gs_sum": 108.12500000000003,
      "xg_avg": 2.9962260654985156,
      "hdc_avg": 9.428571428571429,
      "gs_avg": 3.8616071428571437
    },
    "VGK": {
      "games_played": 32,
      "xg_sum": 117.33272693526298,
      "hdc_sum": 197.0,
      "gs_sum": 144.17500000000004,
      "xg_avg": 3.666647716726968,
      "hdc_avg": 6.15625,
      "gs_avg": 4.505468750000001
    },
    "COL": {
      "games_played": 31,
      "xg_sum": 103.76568035087232,
      "hdc_sum": 213.0,
      "gs_sum": 150.57499999999993,
      "xg_avg": 3.3472800113184618,
      "hdc_avg": 6.870967741935484,
      "gs_avg": 4.8572580645161265
    },
    "SEA": {
      "games_played": 17,
      "xg_sum": 43.72124245097605,
      "hdc_sum": 123.0,
      "gs_sum": 67.20000000000002,
      "xg_avg": 2.5718377912338855,
      "hdc_avg": 7.235294117647059,
      "gs_avg": 3.9529411764705893
    },
    "LAK": {
      "games_played": 30,
      "xg_sum": 100.80571806478429,
      "hdc_sum": 184.0,
      "gs_sum": 123.90000000000005,
      "xg_avg": 3.3601906021594763,
      "hdc_avg": 6.133333333333334,
      "gs_avg": 4.130000000000002
    },
    "NYI": {
      "games_played": 15,
      "xg_sum": 52.970843760935885,
      "hdc_sum": 156.0,
      "gs_sum": 62.90000000000001,
      "xg_avg": 3.5313895840623926,
      "hdc_avg": 10.4,
      "gs_avg": 4.193333333333334
    },
    "OTT": {
      "games_played": 34,
      "xg_sum": 104.62304943989744,
      "hdc_sum": 223.0,
      "gs_sum": 117.82500000000007,
      "xg_avg": 3.07714851293816,
      "hdc_avg": 6.5588235294117645,
      "gs_avg": 3.4654411764705904
    },
    "MTL": {
      "games_played": 32,
      "xg_sum": 95.53553153980815,
      "hdc_sum": 178.0,
      "gs_sum": 125.00000000000006,
      "xg_avg": 2.9854853606190046,
      "hdc_avg": 5.5625,
      "gs_avg": 3.9062500000000018
    }
  }
}