{
  "season": "2025-2026",
  "generated_at": "2026-01-23T03:00:05.590637",
  "total_games": 56,
  "teams": {
    "BUF": {
      "games_played": 3,
      "xg_sum": 7.1727993127061005,
      "hdc_sum": 20.0,
      "gs_sum": 11.600000000000001,
      "xg_avg": 2.390933104235367,
      "hdc_avg": 6.666666666666667,
      "gs_avg": 3.866666666666667
    },
    "CAR": {
      "games_played": 2,
      "xg_sum": 8.2073124214103,
      "hdc_sum": 12.0,
      "gs_sum": 9.525000000000002,
      "xg_avg": 4.10365621070515,
      "hdc_avg": 6.0,
      "gs_avg": 4.762500000000001
    },
    "WSH": {
      "games_played": 2,
      "xg_sum": 6.860573348412502,
      "hdc_sum": 20.0,
      "gs_sum": 7.275000000000002,
      "xg_avg": 3.430286674206251,
      "hdc_avg": 10.0,
      "gs_avg": 3.637500000000001
    },
    "COL": {
      "games_played": 2,
      "xg_sum": 9.575681493242453,
      "hdc_sum": 19.0,
      "gs_sum": 12.275000000000002,
      "xg_avg": 4.787840746621226,
      "hdc_avg": 9.5,
      "gs_avg": 6.137500000000001
    },
    "PIT": {
      "games_played": 2,
      "xg_sum": 5.075737842675001,
      "hdc_sum": 15.0,
      "gs_sum": 11.825,
      "xg_avg": 2.5378689213375005,
      "hdc_avg": 7.5,
      "gs_avg": 5.9125
    },
    "SEA": {
      "games_played": 2,
      "xg_sum": 5.614095077300002,
      "hdc_sum": 17.0,
      "gs_sum": 7.575000000000001,
      "xg_avg": 2.807047538650001,
      "hdc_avg": 8.5,
      "gs_avg": 3.7875000000000005
    },
    "SJS": {
      "games_played": 2,
      "xg_sum": 5.1586943882455,
      "hdc_sum": 12.0,
      "gs_sum": 7.450000000000003,
      "xg_avg": 2.57934719412275,
      "hdc_avg": 6.0,
      "gs_avg": 3.7250000000000014
    },
    "FLA": {
      "games_played": 1,
      "xg_sum": 3.7015363920374997,
      "hdc_sum": 2.0,
      "gs_sum": 3.175000000000001,
      "xg_avg": 3.7015363920374997,
      "hdc_avg": 2.0,
      "gs_avg": 3.175000000000001
    },
    "MIN": {
      "games_played": 2,
      "xg_sum": 6.070839178354002,
      "hdc_sum": 14.0,
      "gs_sum": 10.950000000000003,
      "xg_avg": 3.035419589177001,
      "hdc_avg": 7.0,
      "gs_avg": 5.475000000000001
    },
    "TOR": {
      "games_played": 2,
      "xg_sum": 6.843053927371304,
      "hdc_sum": 14.0,
      "gs_sum": 7.825000000000005,
      "xg_avg": 3.421526963685652,
      "hdc_avg": 7.0,
      "gs_avg": 3.9125000000000023
    },
    "PHI": {
      "games_played": 2,
      "xg_sum": 5.740606436687503,
      "hdc_sum": 9.0,
      "gs_sum": 7.15,
      "xg_avg": 2.8703032183437514,
      "hdc_avg": 4.5,
      "gs_avg": 3.575
    },
    "VGK": {
      "games_played": 2,
      "xg_sum": 8.485200444812502,
      "hdc_sum": 12.0,
      "gs_sum": 8.225000000000001,
      "xg_avg": 4.242600222406251,
      "hdc_avg": 6.0,
      "gs_avg": 4.112500000000001
    },
    "WPG": {
      "games_played": 2,
      "xg_sum": 6.606318198155824,
      "hdc_sum": 13.0,
      "gs_sum": 6.225,
      "xg_avg": 3.303159099077912,
      "hdc_avg": 6.5,
      "gs_avg": 3.1125
    },
    "CHI": {
      "games_played": 2,
      "xg_sum": 5.3215903454625,
      "hdc_sum": 17.0,
      "gs_sum": 8.425,
      "xg_avg": 2.66079517273125,
      "hdc_avg": 8.5,
      "gs_avg": 4.2125
    },
    "NJD": {
      "games_played": 2,
      "xg_sum": 4.906751037430292,
      "hdc_sum": 13.0,
      "gs_sum": 6.400000000000002,
      "xg_avg": 2.453375518715146,
      "hdc_avg": 6.5,
      "gs_avg": 3.200000000000001
    },
    "CGY": {
      "games_played": 2,
      "xg_sum": 4.0614352112490995,
      "hdc_sum": 9.0,
      "gs_sum": 5.575000000000001,
      "xg_avg": 2.0307176056245497,
      "hdc_avg": 4.5,
      "gs_avg": 2.7875000000000005
    },
    "NYI": {
      "games_played": 2,
      "xg_sum": 6.480248548537501,
      "hdc_sum": 14.0,
      "gs_sum": 8.200000000000003,
      "xg_avg": 3.2401242742687506,
      "hdc_avg": 7.0,
      "gs_avg": 4.100000000000001
    },
    "VAN": {
      "games_played": 2,
      "xg_sum": 7.417111342515426,
      "hdc_sum": 14.0,
      "gs_sum": 9.500000000000002,
      "xg_avg": 3.708555671257713,
      "hdc_avg": 7.0,
      "gs_avg": 4.750000000000001
    },
    "NYR": {
      "games_played": 2,
      "xg_sum": 6.688547733377751,
      "hdc_sum": 12.0,
      "gs_sum": 8.975000000000003,
      "xg_avg": 3.3442738666888756,
      "hdc_avg": 6.0,
      "gs_avg": 4.487500000000002
    },
    "ANA": {
      "games_played": 2,
      "xg_sum": 5.067767399491876,
      "hdc_sum": 14.0,
      "gs_sum": 9.45,
      "xg_avg": 2.533883699745938,
      "hdc_avg": 7.0,
      "gs_avg": 4.725
    },
    "MTL": {
      "games_played": 2,
      "xg_sum": 7.448747606005775,
      "hdc_sum": 12.0,
      "gs_sum": 10.175,
      "xg_avg": 3.7243738030028877,
      "hdc_avg": 6.0,
      "gs_avg": 5.0875
    },
    "TBL": {
      "games_played": 1,
      "xg_sum": 3.2349194775875003,
      "hdc_sum": 7.0,
      "gs_sum": 5.1,
      "xg_avg": 3.2349194775875003,
      "hdc_avg": 7.0,
      "gs_avg": 5.1
    },
    "OTT": {
      "games_played": 1,
      "xg_sum": 2.3280283931874997,
      "hdc_sum": 1.0,
      "gs_sum": 4.325000000000001,
      "xg_avg": 2.3280283931874997,
      "hdc_avg": 1.0,
      "gs_avg": 4.325000000000001
    },
    "CBJ": {
      "games_played": 2,
      "xg_sum": 4.3432884497375,
      "hdc_sum": 9.0,
      "gs_sum": 5.050000000000002,
      "xg_avg": 2.17164422486875,
      "hdc_avg": 4.5,
      "gs_avg": 2.525000000000001
    },
    "BOS": {
      "games_played": 2,
      "xg_sum": 5.625062981097502,
      "hdc_sum": 14.0,
      "gs_sum": 7.45,
      "xg_avg": 2.812531490548751,
      "hdc_avg": 7.0,
      "gs_avg": 3.725
    },
    "DAL": {
      "games_played": 2,
      "xg_sum": 7.217412655485338,
      "hdc_sum": 17.0,
      "gs_sum": 10.125,
      "xg_avg": 3.608706327742669,
      "hdc_avg": 8.5,
      "gs_avg": 5.0625
    },
    "NSH": {
      "games_played": 1,
      "xg_sum": 3.6796157150500024,
      "hdc_sum": 8.0,
      "gs_sum": 5.275,
      "xg_avg": 3.6796157150500024,
      "hdc_avg": 8.0,
      "gs_avg": 5.275
    },
    "STL": {
      "games_played": 1,
      "xg_sum": 3.2164986268775015,
      "hdc_sum": 4.0,
      "gs_sum": 3.2999999999999994,
      "xg_avg": 3.2164986268775015,
      "hdc_avg": 4.0,
      "gs_avg": 3.2999999999999994
    },
    "EDM": {
      "games_played": 1,
      "xg_sum": 2.944505466537501,
      "hdc_sum": 10.0,
      "gs_sum": 2.225,
      "xg_avg": 2.944505466537501,
      "hdc_avg": 10.0,
      "gs_avg": 2.225
    },
    "LAK": {
      "games_played": 1,
      "xg_sum": 3.9934308741645017,
      "hdc_sum": 3.0,
      "gs_sum": 5.575,
      "xg_avg": 3.9934308741645017,
      "hdc_avg": 3.0,
      "gs_avg": 5.575
    },
    "DET": {
      "games_played": 1,
      "xg_sum": 3.2989331259500028,
      "hdc_sum": 10.0,
      "gs_sum": 4.875000000000002,
      "xg_avg": 3.2989331259500028,
      "hdc_avg": 10.0,
      "gs_avg": 4.875000000000002
    },
    "UTA": {
      "games_played": 1,
      "xg_sum": 2.8155591061750003,
      "hdc_sum": 8.0,
      "gs_sum": 5.250000000000001,
      "xg_avg": 2.8155591061750003,
      "hdc_avg": 8.0,
      "gs_avg": 5.250000000000001
    }
  }
}