{
  "season": "2025-2026",
  "generated_at": "2025-12-07T03:28:46.333378",
  "total_games": 172,
  "teams": {
    "VGK": {
      "games_played": 18,
      "xg_sum": 56.81238973901102,
      "hdc_sum": 54.0,
      "gs_sum": 76.50000000000001,
      "xg_avg": 3.156243874389501,
      "hdc_avg": 3.0,
      "gs_avg": 4.250000000000001
    },
    "NJD": {
      "games_played": 19,
      "xg_sum": 50.02247806100415,
      "hdc_sum": 38.0,
      "gs_sum": 52.52500000000002,
      "xg_avg": 2.6327620032107446,
      "hdc_avg": 2.0,
      "gs_avg": 2.7644736842105275
    },
    "BUF": {
      "games_played": 17,
      "xg_sum": 73.88427844072503,
      "hdc_sum": 204.0,
      "gs_sum": 57.800000000000004,
      "xg_avg": 4.346134025925002,
      "hdc_avg": 12.0,
      "gs_avg": 3.4000000000000004
    },
    "WPG": {
      "games_played": 17,
      "xg_sum": 34.582146223287495,
      "hdc_sum": 85.0,
      "gs_sum": 73.52500000000003,
      "xg_avg": 2.0342438954874997,
      "hdc_avg": 5.0,
      "gs_avg": 4.325000000000002
    },
    "SJS": {
      "games_played": 16,
      "xg_sum": 30.7068072884,
      "hdc_sum": 112.0,
      "gs_sum": 37.59999999999998,
      "xg_avg": 1.919175455525,
      "hdc_avg": 7.0,
      "gs_avg": 2.3499999999999988
    },
    "DAL": {
      "games_played": 16,
      "xg_sum": 44.23723378220003,
      "hdc_sum": 16.0,
      "gs_sum": 68.00000000000001,
      "xg_avg": 2.764827111387502,
      "hdc_avg": 1.0,
      "gs_avg": 4.250000000000001
    },
    "UTA": {
      "games_played": 15,
      "xg_sum": 42.44864267813749,
      "hdc_sum": 80.0,
      "gs_sum": 59.42499999999999,
      "xg_avg": 2.8299095118758326,
      "hdc_avg": 5.333333333333333,
      "gs_avg": 3.961666666666666
    },
    "VAN": {
      "games_played": 14,
      "xg_sum": 65.7662659581842,
      "hdc_sum": 112.0,
      "gs_sum": 54.22499999999999,
      "xg_avg": 4.697590425584586,
      "hdc_avg": 8.0,
      "gs_avg": 3.8732142857142846
    },
    "WSH": {
      "games_played": 10,
      "xg_sum": 38.585533412478526,
      "hdc_sum": 60.0,
      "gs_sum": 47.49999999999999,
      "xg_avg": 3.8585533412478528,
      "hdc_avg": 6.0,
      "gs_avg": 4.749999999999999
    },
    "ANA": {
      "games_played": 10,
      "xg_sum": 43.89221218765002,
      "hdc_sum": 100.0,
      "gs_sum": 70.49999999999999,
      "xg_avg": 4.389221218765002,
      "hdc_avg": 10.0,
      "gs_avg": 7.049999999999999
    },
    "COL": {
      "games_played": 4,
      "xg_sum": 15.01433213956601,
      "hdc_sum": 64.0,
      "gs_sum": 23.700000000000006,
      "xg_avg": 3.7535830348915025,
      "hdc_avg": 16.0,
      "gs_avg": 5.925000000000002
    },
    "NYR": {
      "games_played": 4,
      "xg_sum": 9.487421162104406,
      "hdc_sum": 4.0,
      "gs_sum": 15.4,
      "xg_avg": 2.3718552905261014,
      "hdc_avg": 1.0,
      "gs_avg": 3.85
    },
    "CBJ": {
      "games_played": 1,
      "xg_sum": 2.436820488205001,
      "hdc_sum": 7.0,
      "gs_sum": 6.125000000000001,
      "xg_avg": 2.436820488205001,
      "hdc_avg": 7.0,
      "gs_avg": 6.125000000000001
    },
    "FLA": {
      "games_played": 1,
      "xg_sum": 4.34844108536685,
      "hdc_sum": 11.0,
      "gs_sum": 8.175,
      "xg_avg": 4.34844108536685,
      "hdc_avg": 11.0,
      "gs_avg": 8.175
    },
    "BOS": {
      "games_played": 1,
      "xg_sum": 2.6843443198874994,
      "hdc_sum": 8.0,
      "gs_sum": 5.074999999999999,
      "xg_avg": 2.6843443198874994,
      "hdc_avg": 8.0,
      "gs_avg": 5.074999999999999
    },
    "MTL": {
      "games_played": 1,
      "xg_sum": 2.735209436345073,
      "hdc_sum": 10.0,
      "gs_sum": 4.6750000000000025,
      "xg_avg": 2.735209436345073,
      "hdc_avg": 10.0,
      "gs_avg": 4.6750000000000025
    },
    "TOR": {
      "games_played": 1,
      "xg_sum": 2.0862799068624995,
      "hdc_sum": 3.0,
      "gs_sum": 3.3500000000000014,
      "xg_avg": 2.0862799068624995,
      "hdc_avg": 3.0,
      "gs_avg": 3.3500000000000014
    },
    "STL": {
      "games_played": 1,
      "xg_sum": 1.9319875335000003,
      "hdc_sum": 4.0,
      "gs_sum": 2.0000000000000013,
      "xg_avg": 1.9319875335000003,
      "hdc_avg": 4.0,
      "gs_avg": 2.0000000000000013
    },
    "OTT": {
      "games_played": 1,
      "xg_sum": 3.7003505704249995,
      "hdc_sum": 13.0,
      "gs_sum": 4.224999999999998,
      "xg_avg": 3.7003505704249995,
      "hdc_avg": 13.0,
      "gs_avg": 4.224999999999998
    },
    "NYI": {
      "games_played": 1,
      "xg_sum": 1.5215114155311003,
      "hdc_sum": 4.0,
      "gs_sum": 2.9749999999999996,
      "xg_avg": 1.5215114155311003,
      "hdc_avg": 4.0,
      "gs_avg": 2.9749999999999996
    },
    "TBL": {
      "games_played": 1,
      "xg_sum": 4.0142681535325,
      "hdc_sum": 10.0,
      "gs_sum": 3.3,
      "xg_avg": 4.0142681535325,
      "hdc_avg": 10.0,
      "gs_avg": 3.3
    },
    "NSH": {
      "games_played": 1,
      "xg_sum": 1.9568826019624999,
      "hdc_sum": 6.0,
      "gs_sum": 3.075,
      "xg_avg": 1.9568826019624999,
      "hdc_avg": 6.0,
      "gs_avg": 3.075
    },
    "CAR": {
      "games_played": 1,
      "xg_sum": 4.478665192057502,
      "hdc_sum": 6.0,
      "gs_sum": 7.250000000000001,
      "xg_avg": 4.478665192057502,
      "hdc_avg": 6.0,
      "gs_avg": 7.250000000000001
    },
    "CGY": {
      "games_played": 1,
      "xg_sum": 2.954570282075001,
      "hdc_sum": 4.0,
      "gs_sum": 3.325000000000001,
      "xg_avg": 2.954570282075001,
      "hdc_avg": 4.0,
      "gs_avg": 3.325000000000001
    }
  }
}