{
  "season": "2025-2026",
  "generated_at": "2025-12-28T04:00:23.673502",
  "total_games": 472,
  "teams": {
    "VGK": {
      "games_played": 26,
      "xg_sum": 85.94540376694877,
      "hdc_sum": 107.0,
      "gs_sum": 115.75000000000001,
      "xg_avg": 3.305592452574953,
      "hdc_avg": 4.115384615384615,
      "gs_avg": 4.4519230769230775
    },
    "NJD": {
      "games_played": 28,
      "xg_sum": 81.21589086459274,
      "hdc_sum": 108.0,
      "gs_sum": 91.15000000000003,
      "xg_avg": 2.900567530878312,
      "hdc_avg": 3.857142857142857,
      "gs_avg": 3.255357142857144
    },
    "BUF": {
      "games_played": 26,
      "xg_sum": 96.83134000398303,
      "hdc_sum": 267.0,
      "gs_sum": 98.10000000000001,
      "xg_avg": 3.724282307845501,
      "hdc_avg": 10.26923076923077,
      "gs_avg": 3.7730769230769234
    },
    "WPG": {
      "games_played": 26,
      "xg_sum": 62.641272850283734,
      "hdc_sum": 121.0,
      "gs_sum": 109.17500000000005,
      "xg_avg": 2.409279725010913,
      "hdc_avg": 4.653846153846154,
      "gs_avg": 4.199038461538463
    },
    "SJS": {
      "games_played": 24,
      "xg_sum": 57.53613259655087,
      "hdc_sum": 190.0,
      "gs_sum": 75.37499999999997,
      "xg_avg": 2.39733885818962,
      "hdc_avg": 7.916666666666667,
      "gs_avg": 3.1406249999999987
    },
    "DAL": {
      "games_played": 26,
      "xg_sum": 74.61271413495085,
      "hdc_sum": 75.0,
      "gs_sum": 113.97500000000002,
      "xg_avg": 2.8697197744211866,
      "hdc_avg": 2.8846153846153846,
      "gs_avg": 4.383653846153847
    },
    "UTA": {
      "games_played": 24,
      "xg_sum": 73.69902874429235,
      "hdc_sum": 147.0,
      "gs_sum": 100.42499999999998,
      "xg_avg": 3.0707928643455147,
      "hdc_avg": 6.125,
      "gs_avg": 4.184374999999999
    },
    "VAN": {
      "games_played": 22,
      "xg_sum": 88.76161580267802,
      "hdc_sum": 154.0,
      "gs_sum": 86.725,
      "xg_avg": 4.034618900121728,
      "hdc_avg": 7.0,
      "gs_avg": 3.9420454545454544
    },
    "WSH": {
      "games_played": 19,
      "xg_sum": 69.20593279814624,
      "hdc_sum": 128.0,
      "gs_sum": 83.92500000000001,
      "xg_avg": 3.642417515691907,
      "hdc_avg": 6.7368421052631575,
      "gs_avg": 4.417105263157896
    },
    "ANA": {
      "games_played": 21,
      "xg_sum": 83.02895641074392,
      "hdc_sum": 203.0,
      "gs_sum": 121.80000000000001,
      "xg_avg": 3.953759829083044,
      "hdc_avg": 9.666666666666666,
      "gs_avg": 5.800000000000001
    },
    "COL": {
      "games_played": 12,
      "xg_sum": 46.04760849734396,
      "hdc_sum": 126.0,
      "gs_sum": 69.92500000000001,
      "xg_avg": 3.8373007081119965,
      "hdc_avg": 10.5,
      "gs_avg": 5.827083333333334
    },
    "NYR": {
      "games_played": 14,
      "xg_sum": 40.30500544083059,
      "hdc_sum": 71.0,
      "gs_sum": 53.125,
      "xg_avg": 2.8789289600593277,
      "hdc_avg": 5.071428571428571,
      "gs_avg": 3.794642857142857
    },
    "CBJ": {
      "games_played": 9,
      "xg_sum": 26.276940704968098,
      "hdc_sum": 64.0,
      "gs_sum": 39.60000000000001,
      "xg_avg": 2.919660078329789,
      "hdc_avg": 7.111111111111111,
      "gs_avg": 4.400000000000001
    },
    "FLA": {
      "games_played": 11,
      "xg_sum": 36.04090828205236,
      "hdc_sum": 74.0,
      "gs_sum": 53.65000000000001,
      "xg_avg": 3.2764462074593053,
      "hdc_avg": 6.7272727272727275,
      "gs_avg": 4.877272727272729
    },
    "BOS": {
      "games_played": 10,
      "xg_sum": 30.1070046003995,
      "hdc_sum": 70.0,
      "gs_sum": 42.45000000000001,
      "xg_avg": 3.01070046003995,
      "hdc_avg": 7.0,
      "gs_avg": 4.245000000000001
    },
    "MTL": {
      "games_played": 11,
      "xg_sum": 35.70401891463457,
      "hdc_sum": 64.0,
      "gs_sum": 48.8,
      "xg_avg": 3.245819901330415,
      "hdc_avg": 5.818181818181818,
      "gs_avg": 4.4363636363636365
    },
    "TOR": {
      "games_played": 10,
      "xg_sum": 27.483464980755155,
      "hdc_sum": 63.0,
      "gs_sum": 41.75000000000001,
      "xg_avg": 2.7483464980755157,
      "hdc_avg": 6.3,
      "gs_avg": 4.175000000000001
    },
    "STL": {
      "games_played": 11,
      "xg_sum": 28.514510342812347,
      "hdc_sum": 82.0,
      "gs_sum": 37.87500000000001,
      "xg_avg": 2.5922282129829406,
      "hdc_avg": 7.454545454545454,
      "gs_avg": 3.443181818181819
    },
    "OTT": {
      "games_played": 10,
      "xg_sum": 37.69715621703482,
      "hdc_sum": 109.0,
      "gs_sum": 51.95000000000001,
      "xg_avg": 3.7697156217034817,
      "hdc_avg": 10.9,
      "gs_avg": 5.195000000000001
    },
    "NYI": {
      "games_played": 10,
      "xg_sum": 29.734406330104925,
      "hdc_sum": 82.0,
      "gs_sum": 40.7,
      "xg_avg": 2.9734406330104926,
      "hdc_avg": 8.2,
      "gs_avg": 4.07
    },
    "TBL": {
      "games_played": 10,
      "xg_sum": 34.093953110121504,
      "hdc_sum": 94.0,
      "gs_sum": 44.275000000000006,
      "xg_avg": 3.40939531101215,
      "hdc_avg": 9.4,
      "gs_avg": 4.4275
    },
    "NSH": {
      "games_played": 10,
      "xg_sum": 31.823698191727935,
      "hdc_sum": 80.0,
      "gs_sum": 46.400000000000006,
      "xg_avg": 3.1823698191727936,
      "hdc_avg": 8.0,
      "gs_avg": 4.640000000000001
    },
    "CAR": {
      "games_played": 11,
      "xg_sum": 42.66417720535826,
      "hdc_sum": 80.0,
      "gs_sum": 57.375000000000014,
      "xg_avg": 3.878561564123478,
      "hdc_avg": 7.2727272727272725,
      "gs_avg": 5.215909090909093
    },
    "CGY": {
      "games_played": 8,
      "xg_sum": 26.157249191365107,
      "hdc_sum": 50.0,
      "gs_sum": 39.025000000000006,
      "xg_avg": 3.2696561489206384,
      "hdc_avg": 6.25,
      "gs_avg": 4.878125000000001
    },
    "CHI": {
      "games_played": 10,
      "xg_sum": 22.06779582393363,
      "hdc_sum": 54.0,
      "gs_sum": 32.45,
      "xg_avg": 2.206779582393363,
      "hdc_avg": 5.4,
      "gs_avg": 3.245
    },
    "LAK": {
      "games_played": 9,
      "xg_sum": 28.618327497429064,
      "hdc_sum": 49.0,
      "gs_sum": 33.625,
      "xg_avg": 3.179814166381007,
      "hdc_avg": 5.444444444444445,
      "gs_avg": 3.736111111111111
    },
    "EDM": {
      "games_played": 10,
      "xg_sum": 35.067936368234456,
      "hdc_sum": 105.0,
      "gs_sum": 49.375,
      "xg_avg": 3.5067936368234456,
      "hdc_avg": 10.5,
      "gs_avg": 4.9375
    },
    "DET": {
      "games_played": 11,
      "xg_sum": 32.95589910506932,
      "hdc_sum": 78.0,
      "gs_sum": 48.050000000000004,
      "xg_avg": 2.9959908277335745,
      "hdc_avg": 7.090909090909091,
      "gs_avg": 4.368181818181818
    },
    "SEA": {
      "games_played": 12,
      "xg_sum": 36.53562074540891,
      "hdc_sum": 76.0,
      "gs_sum": 48.20000000000001,
      "xg_avg": 3.0446350621174094,
      "hdc_avg": 6.333333333333333,
      "gs_avg": 4.0166666666666675
    },
    "MIN": {
      "games_played": 11,
      "xg_sum": 35.73919963198723,
      "hdc_sum": 85.0,
      "gs_sum": 54.25000000000001,
      "xg_avg": 3.2490181483624756,
      "hdc_avg": 7.7272727272727275,
      "gs_avg": 4.9318181818181825
    },
    "PHI": {
      "games_played": 10,
      "xg_sum": 31.7465992252379,
      "hdc_sum": 65.0,
      "gs_sum": 43.150000000000006,
      "xg_avg": 3.17465992252379,
      "hdc_avg": 6.5,
      "gs_avg": 4.315
    },
    "PIT": {
      "games_played": 10,
      "xg_sum": 37.50394792709328,
      "hdc_sum": 119.0,
      "gs_sum": 47.95,
      "xg_avg": 3.750394792709328,
      "hdc_avg": 11.9,
      "gs_avg": 4.795
    }
  }
}