{
  "season": "2025-2026",
  "generated_at": "2026-01-17T20:48:01.522987",
  "total_games": 778,
  "teams": {
    "VGK": {
      "games_played": 36,
      "xg_sum": 116.30834622817353,
      "hdc_sum": 152.0,
      "gs_sum": 167.22500000000005,
      "xg_avg": 3.2307873952270425,
      "hdc_avg": 4.222222222222222,
      "gs_avg": 4.645138888888891
    },
    "NJD": {
      "games_played": 37,
      "xg_sum": 111.78443137152134,
      "hdc_sum": 186.0,
      "gs_sum": 127.65000000000003,
      "xg_avg": 3.021200847878955,
      "hdc_avg": 5.027027027027027,
      "gs_avg": 3.450000000000001
    },
    "BUF": {
      "games_played": 35,
      "xg_sum": 123.81951103603076,
      "hdc_sum": 329.0,
      "gs_sum": 141.25000000000003,
      "xg_avg": 3.5377003153151647,
      "hdc_avg": 9.4,
      "gs_avg": 4.0357142857142865
    },
    "WPG": {
      "games_played": 36,
      "xg_sum": 94.4212272516649,
      "hdc_sum": 180.0,
      "gs_sum": 158.62500000000006,
      "xg_avg": 2.622811868101803,
      "hdc_avg": 5.0,
      "gs_avg": 4.406250000000002
    },
    "SJS": {
      "games_played": 33,
      "xg_sum": 88.5565332759917,
      "hdc_sum": 283.0,
      "gs_sum": 117.69999999999996,
      "xg_avg": 2.6835313113936876,
      "hdc_avg": 8.575757575757576,
      "gs_avg": 3.5666666666666655
    },
    "DAL": {
      "games_played": 35,
      "xg_sum": 101.60175956135411,
      "hdc_sum": 146.0,
      "gs_sum": 149.45000000000005,
      "xg_avg": 2.902907416038689,
      "hdc_avg": 4.171428571428572,
      "gs_avg": 4.270000000000001
    },
    "UTA": {
      "games_played": 33,
      "xg_sum": 107.44234194089408,
      "hdc_sum": 226.0,
      "gs_sum": 143.07499999999996,
      "xg_avg": 3.255828543663457,
      "hdc_avg": 6.848484848484849,
      "gs_avg": 4.335606060606059
    },
    "VAN": {
      "games_played": 33,
      "xg_sum": 127.77432850472977,
      "hdc_sum": 219.0,
      "gs_sum": 131.025,
      "xg_avg": 3.8719493486281746,
      "hdc_avg": 6.636363636363637,
      "gs_avg": 3.9704545454545457
    },
    "WSH": {
      "games_played": 28,
      "xg_sum": 96.02354206526022,
      "hdc_sum": 177.0,
      "gs_sum": 122.37499999999999,
      "xg_avg": 3.4294122166164365,
      "hdc_avg": 6.321428571428571,
      "gs_avg": 4.3705357142857135
    },
    "ANA": {
      "games_played": 30,
      "xg_sum": 113.87493458386162,
      "hdc_sum": 275.0,
      "gs_sum": 160.425,
      "xg_avg": 3.795831152795387,
      "hdc_avg": 9.166666666666666,
      "gs_avg": 5.3475
    },
    "COL": {
      "games_played": 21,
      "xg_sum": 77.4490167255221,
      "hdc_sum": 202.0,
      "gs_sum": 122.85,
      "xg_avg": 3.6880484155010524,
      "hdc_avg": 9.619047619047619,
      "gs_avg": 5.85
    },
    "NYR": {
      "games_played": 22,
      "xg_sum": 61.513290694248845,
      "hdc_sum": 112.0,
      "gs_sum": 86.55000000000001,
      "xg_avg": 2.796058667920402,
      "hdc_avg": 5.090909090909091,
      "gs_avg": 3.9340909090909095
    },
    "CBJ": {
      "games_played": 19,
      "xg_sum": 66.45116050303531,
      "hdc_sum": 164.0,
      "gs_sum": 89.80000000000001,
      "xg_avg": 3.497429500159753,
      "hdc_avg": 8.631578947368421,
      "gs_avg": 4.726315789473685
    },
    "FLA": {
      "games_played": 20,
      "xg_sum": 63.80192398479935,
      "hdc_sum": 131.0,
      "gs_sum": 88.07500000000003,
      "xg_avg": 3.1900961992399677,
      "hdc_avg": 6.55,
      "gs_avg": 4.403750000000001
    },
    "BOS": {
      "games_played": 18,
      "xg_sum": 55.10736781668156,
      "hdc_sum": 147.0,
      "gs_sum": 81.10000000000002,
      "xg_avg": 3.061520434260087,
      "hdc_avg": 8.166666666666666,
      "gs_avg": 4.505555555555556
    },
    "MTL": {
      "games_played": 22,
      "xg_sum": 73.87236329152006,
      "hdc_sum": 122.0,
      "gs_sum": 100.075,
      "xg_avg": 3.357834695069094,
      "hdc_avg": 5.545454545454546,
      "gs_avg": 4.548863636363636
    },
    "TOR": {
      "games_played": 22,
      "xg_sum": 58.24782672452152,
      "hdc_sum": 145.0,
      "gs_sum": 98.55000000000004,
      "xg_avg": 2.647628487478251,
      "hdc_avg": 6.590909090909091,
      "gs_avg": 4.479545454545456
    },
    "STL": {
      "games_played": 19,
      "xg_sum": 50.2708766674114,
      "hdc_sum": 136.0,
      "gs_sum": 66.72500000000002,
      "xg_avg": 2.6458356140742842,
      "hdc_avg": 7.157894736842105,
      "gs_avg": 3.511842105263159
    },
    "OTT": {
      "games_played": 19,
      "xg_sum": 67.60621948287164,
      "hdc_sum": 190.0,
      "gs_sum": 92.37500000000001,
      "xg_avg": 3.5582220780458758,
      "hdc_avg": 10.0,
      "gs_avg": 4.861842105263158
    },
    "NYI": {
      "games_played": 20,
      "xg_sum": 57.39899058686431,
      "hdc_sum": 154.0,
      "gs_sum": 84.20000000000003,
      "xg_avg": 2.8699495293432156,
      "hdc_avg": 7.7,
      "gs_avg": 4.210000000000002
    },
    "TBL": {
      "games_played": 18,
      "xg_sum": 63.95813876641271,
      "hdc_sum": 159.0,
      "gs_sum": 87.65,
      "xg_avg": 3.5532299314673725,
      "hdc_avg": 8.833333333333334,
      "gs_avg": 4.8694444444444445
    },
    "NSH": {
      "games_played": 19,
      "xg_sum": 60.1008052861666,
      "hdc_sum": 150.0,
      "gs_sum": 85.825,
      "xg_avg": 3.1632002782192945,
      "hdc_avg": 7.894736842105263,
      "gs_avg": 4.5171052631578945
    },
    "CAR": {
      "games_played": 22,
      "xg_sum": 81.25234427605666,
      "hdc_sum": 159.0,
      "gs_sum": 114.95000000000003,
      "xg_avg": 3.6932883761843938,
      "hdc_avg": 7.2272727272727275,
      "gs_avg": 5.225000000000001
    },
    "CGY": {
      "games_played": 17,
      "xg_sum": 53.31733937968499,
      "hdc_sum": 98.0,
      "gs_sum": 73.67500000000001,
      "xg_avg": 3.1363140811579404,
      "hdc_avg": 5.764705882352941,
      "gs_avg": 4.333823529411766
    },
    "CHI": {
      "games_played": 22,
      "xg_sum": 59.15180148253346,
      "hdc_sum": 128.0,
      "gs_sum": 82.275,
      "xg_avg": 2.688718249206066,
      "hdc_avg": 5.818181818181818,
      "gs_avg": 3.7397727272727277
    },
    "LAK": {
      "games_played": 20,
      "xg_sum": 65.15339653487527,
      "hdc_sum": 108.0,
      "gs_sum": 85.07499999999997,
      "xg_avg": 3.2576698267437636,
      "hdc_avg": 5.4,
      "gs_avg": 4.253749999999998
    },
    "EDM": {
      "games_played": 19,
      "xg_sum": 68.11217183219404,
      "hdc_sum": 198.0,
      "gs_sum": 91.20000000000002,
      "xg_avg": 3.584851149062844,
      "hdc_avg": 10.421052631578947,
      "gs_avg": 4.800000000000001
    },
    "DET": {
      "games_played": 20,
      "xg_sum": 62.71203076102182,
      "hdc_sum": 126.0,
      "gs_sum": 86.70000000000002,
      "xg_avg": 3.135601538051091,
      "hdc_avg": 6.3,
      "gs_avg": 4.335000000000001
    },
    "SEA": {
      "games_played": 23,
      "xg_sum": 67.59369453751877,
      "hdc_sum": 166.0,
      "gs_sum": 98.45000000000002,
      "xg_avg": 2.9388562842399466,
      "hdc_avg": 7.217391304347826,
      "gs_avg": 4.280434782608697
    },
    "MIN": {
      "games_played": 20,
      "xg_sum": 69.74772341834702,
      "hdc_sum": 159.0,
      "gs_sum": 101.30000000000004,
      "xg_avg": 3.4873861709173513,
      "hdc_avg": 7.95,
      "gs_avg": 5.065000000000002
    },
    "PHI": {
      "games_played": 20,
      "xg_sum": 63.489427624434086,
      "hdc_sum": 117.0,
      "gs_sum": 84.67500000000001,
      "xg_avg": 3.1744713812217045,
      "hdc_avg": 5.85,
      "gs_avg": 4.233750000000001
    },
    "PIT": {
      "games_played": 20,
      "xg_sum": 70.28177896188554,
      "hdc_sum": 219.0,
      "gs_sum": 98.8,
      "xg_avg": 3.514088948094277,
      "hdc_avg": 10.95,
      "gs_avg": 4.9399999999999995
    }
  }
}