{
  "season": "2025-2026",
  "generated_at": "2026-01-11T05:54:27.455219",
  "total_games": 686,
  "teams": {
    "VGK": {
      "games_played": 33,
      "xg_sum": 107.25816116578153,
      "hdc_sum": 136.0,
      "gs_sum": 148.40000000000003,
      "xg_avg": 3.2502473080539858,
      "hdc_avg": 4.121212121212121,
      "gs_avg": 4.496969696969698
    },
    "NJD": {
      "games_played": 34,
      "xg_sum": 102.13738560547884,
      "hdc_sum": 163.0,
      "gs_sum": 112.50000000000004,
      "xg_avg": 3.004040753102319,
      "hdc_avg": 4.794117647058823,
      "gs_avg": 3.308823529411766
    },
    "BUF": {
      "games_played": 31,
      "xg_sum": 113.11348651712538,
      "hdc_sum": 304.0,
      "gs_sum": 123.37500000000001,
      "xg_avg": 3.648822145713722,
      "hdc_avg": 9.806451612903226,
      "gs_avg": 3.97983870967742
    },
    "WPG": {
      "games_played": 33,
      "xg_sum": 83.60756100947964,
      "hdc_sum": 156.0,
      "gs_sum": 142.32500000000005,
      "xg_avg": 2.5335624548327162,
      "hdc_avg": 4.7272727272727275,
      "gs_avg": 4.312878787878789
    },
    "SJS": {
      "games_played": 30,
      "xg_sum": 79.62782735378666,
      "hdc_sum": 254.0,
      "gs_sum": 106.77499999999996,
      "xg_avg": 2.6542609117928886,
      "hdc_avg": 8.466666666666667,
      "gs_avg": 3.5591666666666653
    },
    "DAL": {
      "games_played": 32,
      "xg_sum": 94.1452752642966,
      "hdc_sum": 128.0,
      "gs_sum": 139.52500000000003,
      "xg_avg": 2.9420398520092688,
      "hdc_avg": 4.0,
      "gs_avg": 4.360156250000001
    },
    "UTA": {
      "games_played": 30,
      "xg_sum": 93.815953948824,
      "hdc_sum": 197.0,
      "gs_sum": 127.37499999999996,
      "xg_avg": 3.1271984649608,
      "hdc_avg": 6.566666666666666,
      "gs_avg": 4.245833333333332
    },
    "VAN": {
      "games_played": 30,
      "xg_sum": 117.85780177309401,
      "hdc_sum": 199.0,
      "gs_sum": 119.75,
      "xg_avg": 3.928593392436467,
      "hdc_avg": 6.633333333333334,
      "gs_avg": 3.9916666666666667
    },
    "WSH": {
      "games_played": 25,
      "xg_sum": 85.14603695738273,
      "hdc_sum": 160.0,
      "gs_sum": 110.52499999999999,
      "xg_avg": 3.4058414782953093,
      "hdc_avg": 6.4,
      "gs_avg": 4.420999999999999
    },
    "ANA": {
      "games_played": 28,
      "xg_sum": 106.84169241209942,
      "hdc_sum": 258.0,
      "gs_sum": 150.72500000000002,
      "xg_avg": 3.8157747290035506,
      "hdc_avg": 9.214285714285714,
      "gs_avg": 5.3830357142857155
    },
    "COL": {
      "games_played": 19,
      "xg_sum": 71.19645906397186,
      "hdc_sum": 191.0,
      "gs_sum": 111.8,
      "xg_avg": 3.7471820559985187,
      "hdc_avg": 10.052631578947368,
      "gs_avg": 5.88421052631579
    },
    "NYR": {
      "games_played": 19,
      "xg_sum": 53.888127924995594,
      "hdc_sum": 99.0,
      "gs_sum": 71.65,
      "xg_avg": 2.8362172592102946,
      "hdc_avg": 5.2105263157894735,
      "gs_avg": 3.771052631578948
    },
    "CBJ": {
      "games_played": 16,
      "xg_sum": 51.85378831194505,
      "hdc_sum": 127.0,
      "gs_sum": 71.62500000000001,
      "xg_avg": 3.240861769496566,
      "hdc_avg": 7.9375,
      "gs_avg": 4.476562500000001
    },
    "FLA": {
      "games_played": 18,
      "xg_sum": 58.81895794603685,
      "hdc_sum": 123.0,
      "gs_sum": 81.42500000000003,
      "xg_avg": 3.267719885890936,
      "hdc_avg": 6.833333333333333,
      "gs_avg": 4.523611111111112
    },
    "BOS": {
      "games_played": 15,
      "xg_sum": 47.01971591316076,
      "hdc_sum": 119.0,
      "gs_sum": 68.32500000000002,
      "xg_avg": 3.1346477275440505,
      "hdc_avg": 7.933333333333334,
      "gs_avg": 4.5550000000000015
    },
    "MTL": {
      "games_played": 19,
      "xg_sum": 63.45876193029067,
      "hdc_sum": 101.0,
      "gs_sum": 86.35,
      "xg_avg": 3.339934838436351,
      "hdc_avg": 5.315789473684211,
      "gs_avg": 4.544736842105263
    },
    "TOR": {
      "games_played": 19,
      "xg_sum": 50.783193391066796,
      "hdc_sum": 125.0,
      "gs_sum": 85.15000000000003,
      "xg_avg": 2.67279965216141,
      "hdc_avg": 6.578947368421052,
      "gs_avg": 4.481578947368423
    },
    "STL": {
      "games_played": 17,
      "xg_sum": 46.02365788554425,
      "hdc_sum": 123.0,
      "gs_sum": 58.625000000000014,
      "xg_avg": 2.707273993267309,
      "hdc_avg": 7.235294117647059,
      "gs_avg": 3.4485294117647065
    },
    "OTT": {
      "games_played": 17,
      "xg_sum": 59.57416819872483,
      "hdc_sum": 162.0,
      "gs_sum": 78.62500000000001,
      "xg_avg": 3.5043628352191076,
      "hdc_avg": 9.529411764705882,
      "gs_avg": 4.625000000000001
    },
    "NYI": {
      "games_played": 18,
      "xg_sum": 51.06657695473193,
      "hdc_sum": 143.0,
      "gs_sum": 77.10000000000002,
      "xg_avg": 2.8370320530406627,
      "hdc_avg": 7.944444444444445,
      "gs_avg": 4.283333333333335
    },
    "TBL": {
      "games_played": 15,
      "xg_sum": 52.00756346931547,
      "hdc_sum": 136.0,
      "gs_sum": 73.775,
      "xg_avg": 3.467170897954365,
      "hdc_avg": 9.066666666666666,
      "gs_avg": 4.918333333333334
    },
    "NSH": {
      "games_played": 16,
      "xg_sum": 52.14951815101385,
      "hdc_sum": 122.0,
      "gs_sum": 70.17500000000001,
      "xg_avg": 3.2593448844383657,
      "hdc_avg": 7.625,
      "gs_avg": 4.385937500000001
    },
    "CAR": {
      "games_played": 19,
      "xg_sum": 69.59171803867505,
      "hdc_sum": 134.0,
      "gs_sum": 98.45000000000003,
      "xg_avg": 3.662722002035529,
      "hdc_avg": 7.052631578947368,
      "gs_avg": 5.181578947368423
    },
    "CGY": {
      "games_played": 15,
      "xg_sum": 46.065819304497836,
      "hdc_sum": 86.0,
      "gs_sum": 65.60000000000001,
      "xg_avg": 3.0710546202998557,
      "hdc_avg": 5.733333333333333,
      "gs_avg": 4.373333333333334
    },
    "CHI": {
      "games_played": 20,
      "xg_sum": 52.91422480490845,
      "hdc_sum": 116.0,
      "gs_sum": 76.85000000000001,
      "xg_avg": 2.6457112402454226,
      "hdc_avg": 5.8,
      "gs_avg": 3.8425000000000002
    },
    "LAK": {
      "games_played": 16,
      "xg_sum": 52.58500577332339,
      "hdc_sum": 88.0,
      "gs_sum": 67.77499999999999,
      "xg_avg": 3.2865628608327118,
      "hdc_avg": 5.5,
      "gs_avg": 4.2359374999999995
    },
    "EDM": {
      "games_played": 15,
      "xg_sum": 53.042246083449236,
      "hdc_sum": 157.0,
      "gs_sum": 73.47500000000001,
      "xg_avg": 3.536149738896616,
      "hdc_avg": 10.466666666666667,
      "gs_avg": 4.898333333333334
    },
    "DET": {
      "games_played": 17,
      "xg_sum": 51.525015783256315,
      "hdc_sum": 113.0,
      "gs_sum": 75.37500000000001,
      "xg_avg": 3.0308832813680184,
      "hdc_avg": 6.647058823529412,
      "gs_avg": 4.433823529411765
    },
    "SEA": {
      "games_played": 20,
      "xg_sum": 59.25087399531877,
      "hdc_sum": 149.0,
      "gs_sum": 86.80000000000001,
      "xg_avg": 2.9625436997659387,
      "hdc_avg": 7.45,
      "gs_avg": 4.340000000000001
    },
    "MIN": {
      "games_played": 17,
      "xg_sum": 58.477056471802214,
      "hdc_sum": 138.0,
      "gs_sum": 87.65000000000002,
      "xg_avg": 3.4398268512824832,
      "hdc_avg": 8.117647058823529,
      "gs_avg": 5.155882352941178
    },
    "PHI": {
      "games_played": 16,
      "xg_sum": 50.91560788550786,
      "hdc_sum": 96.0,
      "gs_sum": 71.7,
      "xg_avg": 3.1822254928442413,
      "hdc_avg": 6.0,
      "gs_avg": 4.48125
    },
    "PIT": {
      "games_played": 17,
      "xg_sum": 59.77715966024054,
      "hdc_sum": 184.0,
      "gs_sum": 87.25,
      "xg_avg": 3.516303509425914,
      "hdc_avg": 10.823529411764707,
      "gs_avg": 5.132352941176471
    }
  }
}