{
  "season": "2025-2026",
  "generated_at": "2025-12-06T21:20:52.860157",
  "total_games": 156,
  "teams": {
    "VGK": {
      "games_played": 17,
      "xg_sum": 53.656145864621514,
      "hdc_sum": 51.0,
      "gs_sum": 72.25000000000001,
      "xg_avg": 3.1562438743895007,
      "hdc_avg": 3.0,
      "gs_avg": 4.250000000000001
    },
    "NJD": {
      "games_played": 17,
      "xg_sum": 43.5608350486875,
      "hdc_sum": 34.0,
      "gs_sum": 45.90000000000001,
      "xg_avg": 2.5624020616875,
      "hdc_avg": 2.0,
      "gs_avg": 2.7000000000000006
    },
    "BUF": {
      "games_played": 17,
      "xg_sum": 73.88427844072503,
      "hdc_sum": 204.0,
      "gs_sum": 57.800000000000004,
      "xg_avg": 4.346134025925002,
      "hdc_avg": 12.0,
      "gs_avg": 3.4000000000000004
    },
    "WPG": {
      "games_played": 17,
      "xg_sum": 34.582146223287495,
      "hdc_sum": 85.0,
      "gs_sum": 73.52500000000003,
      "xg_avg": 2.0342438954874997,
      "hdc_avg": 5.0,
      "gs_avg": 4.325000000000002
    },
    "SJS": {
      "games_played": 16,
      "xg_sum": 30.7068072884,
      "hdc_sum": 112.0,
      "gs_sum": 37.59999999999998,
      "xg_avg": 1.919175455525,
      "hdc_avg": 7.0,
      "gs_avg": 2.3499999999999988
    },
    "DAL": {
      "games_played": 16,
      "xg_sum": 44.23723378220003,
      "hdc_sum": 16.0,
      "gs_sum": 68.00000000000001,
      "xg_avg": 2.764827111387502,
      "hdc_avg": 1.0,
      "gs_avg": 4.250000000000001
    },
    "UTA": {
      "games_played": 14,
      "xg_sum": 38.04316812434999,
      "hdc_sum": 70.0,
      "gs_sum": 56.69999999999999,
      "xg_avg": 2.717369151739285,
      "hdc_avg": 5.0,
      "gs_avg": 4.049999999999999
    },
    "VAN": {
      "games_played": 14,
      "xg_sum": 65.7662659581842,
      "hdc_sum": 112.0,
      "gs_sum": 54.22499999999999,
      "xg_avg": 4.697590425584586,
      "hdc_avg": 8.0,
      "gs_avg": 3.8732142857142846
    },
    "WSH": {
      "games_played": 10,
      "xg_sum": 38.585533412478526,
      "hdc_sum": 60.0,
      "gs_sum": 47.49999999999999,
      "xg_avg": 3.8585533412478528,
      "hdc_avg": 6.0,
      "gs_avg": 4.749999999999999
    },
    "ANA": {
      "games_played": 10,
      "xg_sum": 43.89221218765002,
      "hdc_sum": 100.0,
      "gs_sum": 70.49999999999999,
      "xg_avg": 4.389221218765002,
      "hdc_avg": 10.0,
      "gs_avg": 7.049999999999999
    },
    "COL": {
      "games_played": 4,
      "xg_sum": 15.009607617691008,
      "hdc_sum": 64.0,
      "gs_sum": 23.625000000000007,
      "xg_avg": 3.752401904422752,
      "hdc_avg": 16.0,
      "gs_avg": 5.906250000000002
    },
    "NYR": {
      "games_played": 4,
      "xg_sum": 9.487421162104406,
      "hdc_sum": 4.0,
      "gs_sum": 15.4,
      "xg_avg": 2.3718552905261014,
      "hdc_avg": 1.0,
      "gs_avg": 3.85
    }
  }
}