{
  "season": "2025-2026",
  "generated_at": "2026-04-08T04:34:28.864617",
  "total_games": 356,
  "teams": {
    "SJS": {
      "games_played": 11,
      "xg_sum": 31.933037367686804,
      "hdc_sum": 76.0,
      "gs_sum": 45.250000000000014,
      "xg_avg": 2.9030033970624367,
      "hdc_avg": 6.909090909090909,
      "gs_avg": 4.113636363636365
    },
    "BOS": {
      "games_played": 12,
      "xg_sum": 38.57843664088705,
      "hdc_sum": 116.0,
      "gs_sum": 60.0,
      "xg_avg": 3.2148697200739207,
      "hdc_avg": 9.666666666666666,
      "gs_avg": 5.0
    },
    "WSH": {
      "games_played": 11,
      "xg_sum": 30.815573492090902,
      "hdc_sum": 51.0,
      "gs_sum": 40.075,
      "xg_avg": 2.801415772008264,
      "hdc_avg": 4.636363636363637,
      "gs_avg": 3.6431818181818185
    },
    "BUF": {
      "games_played": 11,
      "xg_sum": 35.79954047459995,
      "hdc_sum": 92.0,
      "gs_sum": 51.325,
      "xg_avg": 3.2545036795090865,
      "hdc_avg": 8.363636363636363,
      "gs_avg": 4.665909090909091
    },
    "ANA": {
      "games_played": 10,
      "xg_sum": 35.41765430471389,
      "hdc_sum": 103.0,
      "gs_sum": 46.80000000000001,
      "xg_avg": 3.541765430471389,
      "hdc_avg": 10.3,
      "gs_avg": 4.6800000000000015
    },
    "TOR": {
      "games_played": 10,
      "xg_sum": 24.898406493623078,
      "hdc_sum": 50.0,
      "gs_sum": 34.47500000000001,
      "xg_avg": 2.489840649362308,
      "hdc_avg": 5.0,
      "gs_avg": 3.4475000000000007
    },
    "DET": {
      "games_played": 10,
      "xg_sum": 31.941465294614215,
      "hdc_sum": 59.0,
      "gs_sum": 42.800000000000004,
      "xg_avg": 3.1941465294614213,
      "hdc_avg": 5.9,
      "gs_avg": 4.28
    },
    "TBL": {
      "games_played": 13,
      "xg_sum": 42.34109195313297,
      "hdc_sum": 99.0,
      "gs_sum": 62.17500000000001,
      "xg_avg": 3.2570070733179204,
      "hdc_avg": 7.615384615384615,
      "gs_avg": 4.782692307692309
    },
    "CBJ": {
      "games_played": 12,
      "xg_sum": 39.526522531022,
      "hdc_sum": 116.0,
      "gs_sum": 53.70000000000002,
      "xg_avg": 3.293876877585167,
      "hdc_avg": 9.666666666666666,
      "gs_avg": 4.475000000000001
    },
    "FLA": {
      "games_played": 13,
      "xg_sum": 43.706610941750505,
      "hdc_sum": 81.0,
      "gs_sum": 54.324999999999996,
      "xg_avg": 3.3620469955192696,
      "hdc_avg": 6.230769230769231,
      "gs_avg": 4.178846153846154
    },
    "CGY": {
      "games_played": 11,
      "xg_sum": 28.89900748675519,
      "hdc_sum": 73.0,
      "gs_sum": 50.00000000000001,
      "xg_avg": 2.6271824987959262,
      "hdc_avg": 6.636363636363637,
      "gs_avg": 4.545454545454546
    },
    "NJD": {
      "games_played": 11,
      "xg_sum": 38.33390860150013,
      "hdc_sum": 107.0,
      "gs_sum": 56.025000000000006,
      "xg_avg": 3.484900781954557,
      "hdc_avg": 9.727272727272727,
      "gs_avg": 5.093181818181819
    },
    "STL": {
      "games_played": 10,
      "xg_sum": 28.66877970561165,
      "hdc_sum": 82.0,
      "gs_sum": 40.225000000000016,
      "xg_avg": 2.8668779705611653,
      "hdc_avg": 8.2,
      "gs_avg": 4.022500000000002
    },
    "CAR": {
      "games_played": 11,
      "xg_sum": 43.490607484349084,
      "hdc_sum": 79.0,
      "gs_sum": 60.350000000000016,
      "xg_avg": 3.9536915894862803,
      "hdc_avg": 7.181818181818182,
      "gs_avg": 5.486363636363638
    },
    "EDM": {
      "games_played": 11,
      "xg_sum": 31.96442032614498,
      "hdc_sum": 101.0,
      "gs_sum": 48.35000000000001,
      "xg_avg": 2.9058563932859074,
      "hdc_avg": 9.181818181818182,
      "gs_avg": 4.395454545454546
    },
    "DAL": {
      "games_played": 12,
      "xg_sum": 36.484543992911895,
      "hdc_sum": 81.0,
      "gs_sum": 47.25,
      "xg_avg": 3.0403786660759913,
      "hdc_avg": 6.75,
      "gs_avg": 3.9375
    },
    "PHI": {
      "games_played": 11,
      "xg_sum": 37.02416797713226,
      "hdc_sum": 86.0,
      "gs_sum": 49.10000000000001,
      "xg_avg": 3.365833452466569,
      "hdc_avg": 7.818181818181818,
      "gs_avg": 4.463636363636365
    },
    "MIN": {
      "games_played": 10,
      "xg_sum": 37.987161276560315,
      "hdc_sum": 72.0,
      "gs_sum": 45.275000000000006,
      "xg_avg": 3.7987161276560313,
      "hdc_avg": 7.2,
      "gs_avg": 4.527500000000001
    },
    "NYR": {
      "games_played": 15,
      "xg_sum": 43.075332718724454,
      "hdc_sum": 85.0,
      "gs_sum": 67.7,
      "xg_avg": 2.8716888479149634,
      "hdc_avg": 5.666666666666667,
      "gs_avg": 4.513333333333334
    },
    "WPG": {
      "games_played": 12,
      "xg_sum": 34.54796073436326,
      "hdc_sum": 66.0,
      "gs_sum": 54.250000000000014,
      "xg_avg": 2.878996727863605,
      "hdc_avg": 5.5,
      "gs_avg": 4.520833333333335
    },
    "CHI": {
      "games_played": 12,
      "xg_sum": 31.688579325256065,
      "hdc_sum": 77.0,
      "gs_sum": 40.150000000000006,
      "xg_avg": 2.640714943771339,
      "hdc_avg": 6.416666666666667,
      "gs_avg": 3.3458333333333337
    },
    "UTA": {
      "games_played": 10,
      "xg_sum": 34.45096304433573,
      "hdc_sum": 97.0,
      "gs_sum": 50.775000000000006,
      "xg_avg": 3.445096304433573,
      "hdc_avg": 9.7,
      "gs_avg": 5.077500000000001
    },
    "NSH": {
      "games_played": 11,
      "xg_sum": 32.85538256802578,
      "hdc_sum": 72.0,
      "gs_sum": 43.025,
      "xg_avg": 2.9868529607296166,
      "hdc_avg": 6.545454545454546,
      "gs_avg": 3.911363636363636
    },
    "VAN": {
      "games_played": 9,
      "xg_sum": 24.730625273537957,
      "hdc_sum": 48.0,
      "gs_sum": 32.82500000000001,
      "xg_avg": 2.7478472526153284,
      "hdc_avg": 5.333333333333333,
      "gs_avg": 3.6472222222222235
    },
    "PIT": {
      "games_played": 11,
      "xg_sum": 37.83105384132019,
      "hdc_sum": 110.0,
      "gs_sum": 56.97500000000001,
      "xg_avg": 3.43918671284729,
      "hdc_avg": 10.0,
      "gs_avg": 5.179545454545456
    },
    "VGK": {
      "games_played": 10,
      "xg_sum": 35.137866011672955,
      "hdc_sum": 63.0,
      "gs_sum": 40.7,
      "xg_avg": 3.5137866011672956,
      "hdc_avg": 6.3,
      "gs_avg": 4.07
    },
    "COL": {
      "games_played": 11,
      "xg_sum": 42.15496140570639,
      "hdc_sum": 81.0,
      "gs_sum": 58.72500000000001,
      "xg_avg": 3.832269218700581,
      "hdc_avg": 7.363636363636363,
      "gs_avg": 5.338636363636365
    },
    "SEA": {
      "games_played": 12,
      "xg_sum": 31.189923228488237,
      "hdc_sum": 84.0,
      "gs_sum": 46.400000000000006,
      "xg_avg": 2.5991602690406865,
      "hdc_avg": 7.0,
      "gs_avg": 3.866666666666667
    },
    "LAK": {
      "games_played": 10,
      "xg_sum": 33.142582558585104,
      "hdc_sum": 66.0,
      "gs_sum": 47.72500000000001,
      "xg_avg": 3.3142582558585105,
      "hdc_avg": 6.6,
      "gs_avg": 4.772500000000001
    },
    "NYI": {
      "games_played": 11,
      "xg_sum": 35.46362841168659,
      "hdc_sum": 109.0,
      "gs_sum": 47.10000000000001,
      "xg_avg": 3.2239662192442355,
      "hdc_avg": 9.909090909090908,
      "gs_avg": 4.281818181818182
    },
    "OTT": {
      "games_played": 11,
      "xg_sum": 39.77721944599055,
      "hdc_sum": 105.0,
      "gs_sum": 51.625000000000014,
      "xg_avg": 3.616110858726414,
      "hdc_avg": 9.545454545454545,
      "gs_avg": 4.693181818181819
    },
    "MTL": {
      "games_played": 11,
      "xg_sum": 39.86531590068324,
      "hdc_sum": 72.0,
      "gs_sum": 50.30000000000002,
      "xg_avg": 3.6241196273348404,
      "hdc_avg": 6.545454545454546,
      "gs_avg": 4.572727272727274
    }
  }
}