{
  "season": "2025-2026",
  "generated_at": "2026-01-13T05:48:53.160383",
  "total_games": 716,
  "teams": {
    "VGK": {
      "games_played": 34,
      "xg_sum": 111.59622905538103,
      "hdc_sum": 143.0,
      "gs_sum": 155.55000000000004,
      "xg_avg": 3.2822420310406186,
      "hdc_avg": 4.205882352941177,
      "gs_avg": 4.575000000000001
    },
    "NJD": {
      "games_played": 36,
      "xg_sum": 108.75096345544634,
      "hdc_sum": 180.0,
      "gs_sum": 123.05000000000004,
      "xg_avg": 3.0208600959846206,
      "hdc_avg": 5.0,
      "gs_avg": 3.4180555555555565
    },
    "BUF": {
      "games_played": 32,
      "xg_sum": 115.79165898926726,
      "hdc_sum": 310.0,
      "gs_sum": 127.52500000000002,
      "xg_avg": 3.618489343414602,
      "hdc_avg": 9.6875,
      "gs_avg": 3.9851562500000006
    },
    "WPG": {
      "games_played": 34,
      "xg_sum": 87.56598662529964,
      "hdc_sum": 162.0,
      "gs_sum": 147.12500000000006,
      "xg_avg": 2.5754701948617544,
      "hdc_avg": 4.764705882352941,
      "gs_avg": 4.327205882352943
    },
    "SJS": {
      "games_played": 31,
      "xg_sum": 82.1998714311519,
      "hdc_sum": 263.0,
      "gs_sum": 109.62499999999996,
      "xg_avg": 2.65160875584361,
      "hdc_avg": 8.483870967741936,
      "gs_avg": 3.5362903225806437
    },
    "DAL": {
      "games_played": 33,
      "xg_sum": 95.7837523648466,
      "hdc_sum": 133.0,
      "gs_sum": 143.20000000000005,
      "xg_avg": 2.902537950449897,
      "hdc_avg": 4.03030303030303,
      "gs_avg": 4.339393939393941
    },
    "UTA": {
      "games_played": 31,
      "xg_sum": 96.89275162587677,
      "hdc_sum": 204.0,
      "gs_sum": 131.54999999999995,
      "xg_avg": 3.125572633092799,
      "hdc_avg": 6.580645161290323,
      "gs_avg": 4.243548387096773
    },
    "VAN": {
      "games_played": 31,
      "xg_sum": 121.65907210371262,
      "hdc_sum": 210.0,
      "gs_sum": 124.65,
      "xg_avg": 3.9244861968939553,
      "hdc_avg": 6.774193548387097,
      "gs_avg": 4.020967741935484
    },
    "WSH": {
      "games_played": 26,
      "xg_sum": 87.95656362544523,
      "hdc_sum": 164.0,
      "gs_sum": 113.77499999999999,
      "xg_avg": 3.3829447548248166,
      "hdc_avg": 6.3076923076923075,
      "gs_avg": 4.375961538461538
    },
    "ANA": {
      "games_played": 28,
      "xg_sum": 106.84169241209942,
      "hdc_sum": 258.0,
      "gs_sum": 150.72500000000002,
      "xg_avg": 3.8157747290035506,
      "hdc_avg": 9.214285714285714,
      "gs_avg": 5.3830357142857155
    },
    "COL": {
      "games_played": 20,
      "xg_sum": 74.6263945410721,
      "hdc_sum": 195.0,
      "gs_sum": 117.175,
      "xg_avg": 3.731319727053605,
      "hdc_avg": 9.75,
      "gs_avg": 5.85875
    },
    "NYR": {
      "games_played": 20,
      "xg_sum": 56.289407162370594,
      "hdc_sum": 102.0,
      "gs_sum": 75.35000000000001,
      "xg_avg": 2.8144703581185295,
      "hdc_avg": 5.1,
      "gs_avg": 3.7675000000000005
    },
    "CBJ": {
      "games_played": 17,
      "xg_sum": 56.12220956662006,
      "hdc_sum": 138.0,
      "gs_sum": 77.10000000000001,
      "xg_avg": 3.3013064450952974,
      "hdc_avg": 8.117647058823529,
      "gs_avg": 4.53529411764706
    },
    "FLA": {
      "games_played": 19,
      "xg_sum": 62.13308097117435,
      "hdc_sum": 127.0,
      "gs_sum": 87.07500000000003,
      "xg_avg": 3.2701621563775976,
      "hdc_avg": 6.684210526315789,
      "gs_avg": 4.582894736842107
    },
    "BOS": {
      "games_played": 16,
      "xg_sum": 49.75313405341761,
      "hdc_sum": 127.0,
      "gs_sum": 71.00000000000001,
      "xg_avg": 3.1095708783386007,
      "hdc_avg": 7.9375,
      "gs_avg": 4.437500000000001
    },
    "MTL": {
      "games_played": 20,
      "xg_sum": 68.18682145311054,
      "hdc_sum": 108.0,
      "gs_sum": 93.77499999999999,
      "xg_avg": 3.409341072655527,
      "hdc_avg": 5.4,
      "gs_avg": 4.68875
    },
    "TOR": {
      "games_played": 20,
      "xg_sum": 53.5052846077043,
      "hdc_sum": 134.0,
      "gs_sum": 90.25000000000003,
      "xg_avg": 2.6752642303852148,
      "hdc_avg": 6.7,
      "gs_avg": 4.512500000000001
    },
    "STL": {
      "games_played": 17,
      "xg_sum": 46.02365788554425,
      "hdc_sum": 123.0,
      "gs_sum": 58.625000000000014,
      "xg_avg": 2.707273993267309,
      "hdc_avg": 7.235294117647059,
      "gs_avg": 3.4485294117647065
    },
    "OTT": {
      "games_played": 17,
      "xg_sum": 59.57416819872483,
      "hdc_sum": 162.0,
      "gs_sum": 78.62500000000001,
      "xg_avg": 3.5043628352191076,
      "hdc_avg": 9.529411764705882,
      "gs_avg": 4.625000000000001
    },
    "NYI": {
      "games_played": 18,
      "xg_sum": 51.06657695473193,
      "hdc_sum": 143.0,
      "gs_sum": 77.10000000000002,
      "xg_avg": 2.8370320530406627,
      "hdc_avg": 7.944444444444445,
      "gs_avg": 4.283333333333335
    },
    "TBL": {
      "games_played": 16,
      "xg_sum": 57.08212666365021,
      "hdc_sum": 143.0,
      "gs_sum": 78.65,
      "xg_avg": 3.567632916478138,
      "hdc_avg": 8.9375,
      "gs_avg": 4.915625
    },
    "NSH": {
      "games_played": 17,
      "xg_sum": 53.72930299877635,
      "hdc_sum": 130.0,
      "gs_sum": 73.275,
      "xg_avg": 3.160547235222138,
      "hdc_avg": 7.647058823529412,
      "gs_avg": 4.310294117647059
    },
    "CAR": {
      "games_played": 20,
      "xg_sum": 73.9241418812943,
      "hdc_sum": 148.0,
      "gs_sum": 103.47500000000004,
      "xg_avg": 3.6962070940647154,
      "hdc_avg": 7.4,
      "gs_avg": 5.173750000000002
    },
    "CGY": {
      "games_played": 15,
      "xg_sum": 46.065819304497836,
      "hdc_sum": 86.0,
      "gs_sum": 65.60000000000001,
      "xg_avg": 3.0710546202998557,
      "hdc_avg": 5.733333333333333,
      "gs_avg": 4.373333333333334
    },
    "CHI": {
      "games_played": 21,
      "xg_sum": 56.482159983958454,
      "hdc_sum": 124.0,
      "gs_sum": 80.325,
      "xg_avg": 2.6896266659027837,
      "hdc_avg": 5.904761904761905,
      "gs_avg": 3.825
    },
    "LAK": {
      "games_played": 18,
      "xg_sum": 57.70895302342614,
      "hdc_sum": 98.0,
      "gs_sum": 76.42499999999998,
      "xg_avg": 3.206052945745897,
      "hdc_avg": 5.444444444444445,
      "gs_avg": 4.245833333333333
    },
    "EDM": {
      "games_played": 17,
      "xg_sum": 60.46671978032496,
      "hdc_sum": 180.0,
      "gs_sum": 83.55000000000001,
      "xg_avg": 3.55686586943088,
      "hdc_avg": 10.588235294117647,
      "gs_avg": 4.9147058823529415
    },
    "DET": {
      "games_played": 18,
      "xg_sum": 55.089150970410415,
      "hdc_sum": 116.0,
      "gs_sum": 79.22500000000001,
      "xg_avg": 3.060508387245023,
      "hdc_avg": 6.444444444444445,
      "gs_avg": 4.4013888888888895
    },
    "SEA": {
      "games_played": 21,
      "xg_sum": 61.68764364681877,
      "hdc_sum": 160.0,
      "gs_sum": 91.52500000000002,
      "xg_avg": 2.9375068403247035,
      "hdc_avg": 7.619047619047619,
      "gs_avg": 4.358333333333334
    },
    "MIN": {
      "games_played": 18,
      "xg_sum": 61.14782952304247,
      "hdc_sum": 140.0,
      "gs_sum": 91.30000000000003,
      "xg_avg": 3.397101640169026,
      "hdc_avg": 7.777777777777778,
      "gs_avg": 5.072222222222224
    },
    "PHI": {
      "games_played": 17,
      "xg_sum": 53.82321456310786,
      "hdc_sum": 102.0,
      "gs_sum": 72.85000000000001,
      "xg_avg": 3.1660714448886975,
      "hdc_avg": 6.0,
      "gs_avg": 4.28529411764706
    },
    "PIT": {
      "games_played": 18,
      "xg_sum": 62.99760183854804,
      "hdc_sum": 192.0,
      "gs_sum": 89.325,
      "xg_avg": 3.4998667688082246,
      "hdc_avg": 10.666666666666666,
      "gs_avg": 4.9625
    }
  }
}