{
  "season": "2025-2026",
  "generated_at": "2026-03-19T04:09:27.456243",
  "total_games": 106,
  "teams": {
    "SJS": {
      "games_played": 4,
      "xg_sum": 11.76924112261725,
      "hdc_sum": 30.0,
      "gs_sum": 17.725,
      "xg_avg": 2.9423102806543127,
      "hdc_avg": 7.5,
      "gs_avg": 4.43125
    },
    "BOS": {
      "games_played": 4,
      "xg_sum": 13.951027461177752,
      "hdc_sum": 50.0,
      "gs_sum": 17.375,
      "xg_avg": 3.487756865294438,
      "hdc_avg": 12.5,
      "gs_avg": 4.34375
    },
    "WSH": {
      "games_played": 3,
      "xg_sum": 10.5793579560188,
      "hdc_sum": 14.0,
      "gs_sum": 11.800000000000004,
      "xg_avg": 3.5264526520062667,
      "hdc_avg": 4.666666666666667,
      "gs_avg": 3.933333333333335
    },
    "BUF": {
      "games_played": 3,
      "xg_sum": 10.245798086784852,
      "hdc_sum": 30.0,
      "gs_sum": 12.325000000000003,
      "xg_avg": 3.415266028928284,
      "hdc_avg": 10.0,
      "gs_avg": 4.108333333333334
    },
    "ANA": {
      "games_played": 3,
      "xg_sum": 12.024260938120765,
      "hdc_sum": 36.0,
      "gs_sum": 11.675,
      "xg_avg": 4.008086979373588,
      "hdc_avg": 12.0,
      "gs_avg": 3.891666666666667
    },
    "TOR": {
      "games_played": 4,
      "xg_sum": 9.3613828240075,
      "hdc_sum": 19.0,
      "gs_sum": 13.775000000000002,
      "xg_avg": 2.340345706001875,
      "hdc_avg": 4.75,
      "gs_avg": 3.4437500000000005
    },
    "DET": {
      "games_played": 3,
      "xg_sum": 9.255394403735876,
      "hdc_sum": 23.0,
      "gs_sum": 11.15,
      "xg_avg": 3.0851314679119586,
      "hdc_avg": 7.666666666666667,
      "gs_avg": 3.716666666666667
    },
    "TBL": {
      "games_played": 3,
      "xg_sum": 10.506824911006852,
      "hdc_sum": 22.0,
      "gs_sum": 15.049999999999999,
      "xg_avg": 3.5022749703356175,
      "hdc_avg": 7.333333333333333,
      "gs_avg": 5.016666666666667
    },
    "CBJ": {
      "games_played": 3,
      "xg_sum": 11.471329131407504,
      "hdc_sum": 38.0,
      "gs_sum": 13.400000000000002,
      "xg_avg": 3.8237763771358346,
      "hdc_avg": 12.666666666666666,
      "gs_avg": 4.466666666666668
    },
    "FLA": {
      "games_played": 3,
      "xg_sum": 10.885297574698551,
      "hdc_sum": 17.0,
      "gs_sum": 9.425000000000004,
      "xg_avg": 3.6284325248995173,
      "hdc_avg": 5.666666666666667,
      "gs_avg": 3.141666666666668
    },
    "CGY": {
      "games_played": 3,
      "xg_sum": 7.478732849187501,
      "hdc_sum": 19.0,
      "gs_sum": 13.325000000000003,
      "xg_avg": 2.492910949729167,
      "hdc_avg": 6.333333333333333,
      "gs_avg": 4.441666666666667
    },
    "NJD": {
      "games_played": 4,
      "xg_sum": 14.436543181425002,
      "hdc_sum": 41.0,
      "gs_sum": 24.975,
      "xg_avg": 3.6091357953562504,
      "hdc_avg": 10.25,
      "gs_avg": 6.24375
    },
    "STL": {
      "games_played": 3,
      "xg_sum": 8.342460838357201,
      "hdc_sum": 27.0,
      "gs_sum": 11.775000000000002,
      "xg_avg": 2.7808202794524006,
      "hdc_avg": 9.0,
      "gs_avg": 3.9250000000000007
    },
    "CAR": {
      "games_played": 4,
      "xg_sum": 14.852334281902301,
      "hdc_sum": 18.0,
      "gs_sum": 19.475000000000005,
      "xg_avg": 3.7130835704755754,
      "hdc_avg": 4.5,
      "gs_avg": 4.868750000000001
    },
    "EDM": {
      "games_played": 4,
      "xg_sum": 13.1407467158,
      "hdc_sum": 46.0,
      "gs_sum": 17.67500000000001,
      "xg_avg": 3.28518667895,
      "hdc_avg": 11.5,
      "gs_avg": 4.418750000000003
    },
    "DAL": {
      "games_played": 3,
      "xg_sum": 8.65252154567,
      "hdc_sum": 19.0,
      "gs_sum": 13.3,
      "xg_avg": 2.884173848556667,
      "hdc_avg": 6.333333333333333,
      "gs_avg": 4.433333333333334
    },
    "PHI": {
      "games_played": 2,
      "xg_sum": 5.6544105032552,
      "hdc_sum": 12.0,
      "gs_sum": 7.225000000000003,
      "xg_avg": 2.8272052516276,
      "hdc_avg": 6.0,
      "gs_avg": 3.6125000000000016
    },
    "MIN": {
      "games_played": 4,
      "xg_sum": 17.90984540602181,
      "hdc_sum": 34.0,
      "gs_sum": 19.875000000000007,
      "xg_avg": 4.477461351505452,
      "hdc_avg": 8.5,
      "gs_avg": 4.968750000000002
    },
    "NYR": {
      "games_played": 4,
      "xg_sum": 8.652496635854476,
      "hdc_sum": 17.0,
      "gs_sum": 15.5,
      "xg_avg": 2.163124158963619,
      "hdc_avg": 4.25,
      "gs_avg": 3.875
    },
    "WPG": {
      "games_played": 4,
      "xg_sum": 10.934028765483305,
      "hdc_sum": 22.0,
      "gs_sum": 17.25,
      "xg_avg": 2.733507191370826,
      "hdc_avg": 5.5,
      "gs_avg": 4.3125
    },
    "CHI": {
      "games_played": 3,
      "xg_sum": 6.601902770752542,
      "hdc_sum": 18.0,
      "gs_sum": 9.250000000000004,
      "xg_avg": 2.200634256917514,
      "hdc_avg": 6.0,
      "gs_avg": 3.0833333333333344
    },
    "UTA": {
      "games_played": 3,
      "xg_sum": 9.913129651917451,
      "hdc_sum": 29.0,
      "gs_sum": 14.425000000000004,
      "xg_avg": 3.3043765506391503,
      "hdc_avg": 9.666666666666666,
      "gs_avg": 4.8083333333333345
    },
    "NSH": {
      "games_played": 3,
      "xg_sum": 8.6706995777303,
      "hdc_sum": 15.0,
      "gs_sum": 10.875000000000002,
      "xg_avg": 2.890233192576767,
      "hdc_avg": 5.0,
      "gs_avg": 3.6250000000000004
    },
    "VAN": {
      "games_played": 3,
      "xg_sum": 10.490434688467504,
      "hdc_sum": 9.0,
      "gs_sum": 14.225000000000001,
      "xg_avg": 3.496811562822501,
      "hdc_avg": 3.0,
      "gs_avg": 4.741666666666667
    },
    "PIT": {
      "games_played": 4,
      "xg_sum": 11.8322031306435,
      "hdc_sum": 32.0,
      "gs_sum": 20.000000000000007,
      "xg_avg": 2.958050782660875,
      "hdc_avg": 8.0,
      "gs_avg": 5.000000000000002
    },
    "VGK": {
      "games_played": 3,
      "xg_sum": 8.742871304175,
      "hdc_sum": 15.0,
      "gs_sum": 11.824999999999998,
      "xg_avg": 2.9142904347250003,
      "hdc_avg": 5.0,
      "gs_avg": 3.941666666666666
    },
    "COL": {
      "games_played": 3,
      "xg_sum": 11.123397310971,
      "hdc_sum": 14.0,
      "gs_sum": 13.45,
      "xg_avg": 3.7077991036570004,
      "hdc_avg": 4.666666666666667,
      "gs_avg": 4.483333333333333
    },
    "SEA": {
      "games_played": 4,
      "xg_sum": 9.516307780056227,
      "hdc_sum": 29.0,
      "gs_sum": 18.175000000000004,
      "xg_avg": 2.3790769450140568,
      "hdc_avg": 7.25,
      "gs_avg": 4.543750000000001
    },
    "LAK": {
      "games_played": 3,
      "xg_sum": 10.921297880730494,
      "hdc_sum": 20.0,
      "gs_sum": 14.575000000000003,
      "xg_avg": 3.640432626910165,
      "hdc_avg": 6.666666666666667,
      "gs_avg": 4.858333333333334
    },
    "NYI": {
      "games_played": 3,
      "xg_sum": 9.777089593341142,
      "hdc_sum": 36.0,
      "gs_sum": 12.650000000000006,
      "xg_avg": 3.2590298644470472,
      "hdc_avg": 12.0,
      "gs_avg": 4.216666666666669
    },
    "OTT": {
      "games_played": 3,
      "xg_sum": 13.515805235588719,
      "hdc_sum": 28.0,
      "gs_sum": 14.875,
      "xg_avg": 4.5052684118629065,
      "hdc_avg": 9.333333333333334,
      "gs_avg": 4.958333333333333
    },
    "MTL": {
      "games_played": 3,
      "xg_sum": 13.6671840681291,
      "hdc_sum": 18.0,
      "gs_sum": 13.55,
      "xg_avg": 4.5557280227097,
      "hdc_avg": 6.0,
      "gs_avg": 4.516666666666667
    }
  }
}