{
  "season": "2025-2026",
  "generated_at": "2026-03-04T03:39:45.782104",
  "total_games": 426,
  "teams": {
    "BUF": {
      "games_played": 15,
      "xg_sum": 44.509944722064944,
      "hdc_sum": 109.0,
      "gs_sum": 70.00000000000003,
      "xg_avg": 2.967329648137663,
      "hdc_avg": 7.266666666666667,
      "gs_avg": 4.666666666666669
    },
    "CAR": {
      "games_played": 11,
      "xg_sum": 37.00374555991894,
      "hdc_sum": 73.0,
      "gs_sum": 56.57500000000001,
      "xg_avg": 3.36397686908354,
      "hdc_avg": 6.636363636363637,
      "gs_avg": 5.143181818181819
    },
    "WSH": {
      "games_played": 15,
      "xg_sum": 52.110763179039346,
      "hdc_sum": 119.0,
      "gs_sum": 68.15000000000002,
      "xg_avg": 3.474050878602623,
      "hdc_avg": 7.933333333333334,
      "gs_avg": 4.543333333333335
    },
    "COL": {
      "games_played": 13,
      "xg_sum": 46.699313905612804,
      "hdc_sum": 91.0,
      "gs_sum": 65.85000000000002,
      "xg_avg": 3.5922549158163695,
      "hdc_avg": 7.0,
      "gs_avg": 5.065384615384617
    },
    "PIT": {
      "games_played": 13,
      "xg_sum": 41.66627384055868,
      "hdc_sum": 109.0,
      "gs_sum": 68.32500000000002,
      "xg_avg": 3.205097987735283,
      "hdc_avg": 8.384615384615385,
      "gs_avg": 5.255769230769232
    },
    "SEA": {
      "games_played": 14,
      "xg_sum": 34.5134597081405,
      "hdc_sum": 102.0,
      "gs_sum": 52.175,
      "xg_avg": 2.465247122010036,
      "hdc_avg": 7.285714285714286,
      "gs_avg": 3.726785714285714
    },
    "SJS": {
      "games_played": 11,
      "xg_sum": 34.12339976577168,
      "hdc_sum": 103.0,
      "gs_sum": 45.70000000000001,
      "xg_avg": 3.102127251433789,
      "hdc_avg": 9.363636363636363,
      "gs_avg": 4.154545454545455
    },
    "FLA": {
      "games_played": 14,
      "xg_sum": 51.051466314956755,
      "hdc_sum": 76.0,
      "gs_sum": 58.95000000000002,
      "xg_avg": 3.646533308211197,
      "hdc_avg": 5.428571428571429,
      "gs_avg": 4.210714285714287
    },
    "MIN": {
      "games_played": 12,
      "xg_sum": 39.49479463413106,
      "hdc_sum": 78.0,
      "gs_sum": 61.95000000000001,
      "xg_avg": 3.2912328861775886,
      "hdc_avg": 6.5,
      "gs_avg": 5.1625000000000005
    },
    "TOR": {
      "games_played": 14,
      "xg_sum": 43.58565751615607,
      "hdc_sum": 98.0,
      "gs_sum": 59.600000000000016,
      "xg_avg": 3.1132612511540048,
      "hdc_avg": 7.0,
      "gs_avg": 4.257142857142858
    },
    "PHI": {
      "games_played": 14,
      "xg_sum": 42.2105213080875,
      "hdc_sum": 83.0,
      "gs_sum": 53.725,
      "xg_avg": 3.015037236291964,
      "hdc_avg": 5.928571428571429,
      "gs_avg": 3.8375
    },
    "VGK": {
      "games_played": 14,
      "xg_sum": 47.50957292837279,
      "hdc_sum": 90.0,
      "gs_sum": 62.07500000000002,
      "xg_avg": 3.393540923455199,
      "hdc_avg": 6.428571428571429,
      "gs_avg": 4.433928571428573
    },
    "WPG": {
      "games_played": 12,
      "xg_sum": 36.714940213367164,
      "hdc_sum": 75.0,
      "gs_sum": 43.52500000000001,
      "xg_avg": 3.0595783511139305,
      "hdc_avg": 6.25,
      "gs_avg": 3.6270833333333345
    },
    "CHI": {
      "games_played": 12,
      "xg_sum": 32.731431020249175,
      "hdc_sum": 72.0,
      "gs_sum": 43.12500000000001,
      "xg_avg": 2.727619251687431,
      "hdc_avg": 6.0,
      "gs_avg": 3.5937500000000004
    },
    "NJD": {
      "games_played": 14,
      "xg_sum": 40.782664875989155,
      "hdc_sum": 108.0,
      "gs_sum": 53.42500000000001,
      "xg_avg": 2.9130474911420827,
      "hdc_avg": 7.714285714285714,
      "gs_avg": 3.8160714285714294
    },
    "CGY": {
      "games_played": 11,
      "xg_sum": 36.77169883508229,
      "hdc_sum": 71.0,
      "gs_sum": 45.0,
      "xg_avg": 3.3428817122802084,
      "hdc_avg": 6.454545454545454,
      "gs_avg": 4.090909090909091
    },
    "NYI": {
      "games_played": 13,
      "xg_sum": 37.702178172949125,
      "hdc_sum": 95.0,
      "gs_sum": 56.875000000000014,
      "xg_avg": 2.900167551765317,
      "hdc_avg": 7.3076923076923075,
      "gs_avg": 4.375000000000001
    },
    "VAN": {
      "games_played": 12,
      "xg_sum": 34.827936092715284,
      "hdc_sum": 64.0,
      "gs_sum": 43.750000000000014,
      "xg_avg": 2.9023280077262736,
      "hdc_avg": 5.333333333333333,
      "gs_avg": 3.6458333333333344
    },
    "NYR": {
      "games_played": 11,
      "xg_sum": 32.62029898944243,
      "hdc_sum": 50.0,
      "gs_sum": 41.70000000000001,
      "xg_avg": 2.9654817263129485,
      "hdc_avg": 4.545454545454546,
      "gs_avg": 3.790909090909092
    },
    "ANA": {
      "games_played": 11,
      "xg_sum": 36.164754653165055,
      "hdc_sum": 89.0,
      "gs_sum": 57.650000000000006,
      "xg_avg": 3.2877049684695505,
      "hdc_avg": 8.090909090909092,
      "gs_avg": 5.240909090909091
    },
    "MTL": {
      "games_played": 10,
      "xg_sum": 32.94702830342763,
      "hdc_sum": 60.0,
      "gs_sum": 50.475000000000016,
      "xg_avg": 3.294702830342763,
      "hdc_avg": 6.0,
      "gs_avg": 5.047500000000001
    },
    "TBL": {
      "games_played": 12,
      "xg_sum": 40.876989751152344,
      "hdc_sum": 121.0,
      "gs_sum": 63.15000000000003,
      "xg_avg": 3.4064158125960287,
      "hdc_avg": 10.083333333333334,
      "gs_avg": 5.262500000000002
    },
    "OTT": {
      "games_played": 11,
      "xg_sum": 35.48641975963411,
      "hdc_sum": 100.0,
      "gs_sum": 51.52500000000001,
      "xg_avg": 3.226038159966737,
      "hdc_avg": 9.090909090909092,
      "gs_avg": 4.68409090909091
    },
    "CBJ": {
      "games_played": 12,
      "xg_sum": 32.070884143957834,
      "hdc_sum": 79.0,
      "gs_sum": 57.60000000000001,
      "xg_avg": 2.6725736786631527,
      "hdc_avg": 6.583333333333333,
      "gs_avg": 4.800000000000001
    },
    "BOS": {
      "games_played": 11,
      "xg_sum": 34.86068058564507,
      "hdc_sum": 85.0,
      "gs_sum": 48.300000000000004,
      "xg_avg": 3.1691527805131883,
      "hdc_avg": 7.7272727272727275,
      "gs_avg": 4.3909090909090915
    },
    "DAL": {
      "games_played": 12,
      "xg_sum": 43.709918890691554,
      "hdc_sum": 88.0,
      "gs_sum": 61.125,
      "xg_avg": 3.6424932408909627,
      "hdc_avg": 7.333333333333333,
      "gs_avg": 5.09375
    },
    "NSH": {
      "games_played": 13,
      "xg_sum": 45.98197496637749,
      "hdc_sum": 104.0,
      "gs_sum": 60.07500000000002,
      "xg_avg": 3.5370749974136535,
      "hdc_avg": 8.0,
      "gs_avg": 4.621153846153847
    },
    "STL": {
      "games_played": 11,
      "xg_sum": 29.359220596794554,
      "hdc_sum": 93.0,
      "gs_sum": 49.67500000000002,
      "xg_avg": 2.6690200542540503,
      "hdc_avg": 8.454545454545455,
      "gs_avg": 4.515909090909092
    },
    "EDM": {
      "games_played": 11,
      "xg_sum": 40.61559521647037,
      "hdc_sum": 118.0,
      "gs_sum": 60.525000000000006,
      "xg_avg": 3.6923268378609424,
      "hdc_avg": 10.727272727272727,
      "gs_avg": 5.502272727272728
    },
    "LAK": {
      "games_played": 12,
      "xg_sum": 36.36741558123157,
      "hdc_sum": 69.0,
      "gs_sum": 48.15000000000002,
      "xg_avg": 3.0306179651026306,
      "hdc_avg": 5.75,
      "gs_avg": 4.012500000000002
    },
    "DET": {
      "games_played": 11,
      "xg_sum": 36.351652201720256,
      "hdc_sum": 67.0,
      "gs_sum": 46.074999999999996,
      "xg_avg": 3.3046956547018413,
      "hdc_avg": 6.090909090909091,
      "gs_avg": 4.1886363636363635
    },
    "UTA": {
      "games_played": 12,
      "xg_sum": 37.79388634938302,
      "hdc_sum": 93.0,
      "gs_sum": 50.95,
      "xg_avg": 3.1494905291152517,
      "hdc_avg": 7.75,
      "gs_avg": 4.245833333333334
    },
    "SVK": {
      "games_played": 3,
      "xg_sum": 0.03779617500000001,
      "hdc_sum": 0.0,
      "gs_sum": 5.250000000000001,
      "xg_avg": 0.012598725000000003,
      "hdc_avg": 0.0,