{
  "season": "2025-2026",
  "generated_at": "2026-03-18T01:45:43.309834",
  "total_games": 84,
  "teams": {
    "SJS": {
      "games_played": 3,
      "xg_sum": 8.75654303005475,
      "hdc_sum": 23.0,
      "gs_sum": 13.650000000000002,
      "xg_avg": 2.918847676684917,
      "hdc_avg": 7.666666666666667,
      "gs_avg": 4.550000000000001
    },
    "BOS": {
      "games_played": 3,
      "xg_sum": 10.094765763290251,
      "hdc_sum": 39.0,
      "gs_sum": 13.325000000000001,
      "xg_avg": 3.3649219210967503,
      "hdc_avg": 13.0,
      "gs_avg": 4.441666666666667
    },
    "WSH": {
      "games_played": 2,
      "xg_sum": 6.50579264908165,
      "hdc_sum": 8.0,
      "gs_sum": 7.075000000000003,
      "xg_avg": 3.252896324540825,
      "hdc_avg": 4.0,
      "gs_avg": 3.5375000000000014
    },
    "BUF": {
      "games_played": 2,
      "xg_sum": 7.848579865768501,
      "hdc_sum": 19.0,
      "gs_sum": 9.100000000000001,
      "xg_avg": 3.9242899328842507,
      "hdc_avg": 9.5,
      "gs_avg": 4.550000000000001
    },
    "ANA": {
      "games_played": 3,
      "xg_sum": 12.024260938120765,
      "hdc_sum": 36.0,
      "gs_sum": 11.675,
      "xg_avg": 4.008086979373588,
      "hdc_avg": 12.0,
      "gs_avg": 3.891666666666667
    },
    "TOR": {
      "games_played": 4,
      "xg_sum": 9.3613828240075,
      "hdc_sum": 19.0,
      "gs_sum": 13.775000000000002,
      "xg_avg": 2.340345706001875,
      "hdc_avg": 4.75,
      "gs_avg": 3.4437500000000005
    },
    "DET": {
      "games_played": 3,
      "xg_sum": 9.255394403735876,
      "hdc_sum": 23.0,
      "gs_sum": 11.15,
      "xg_avg": 3.0851314679119586,
      "hdc_avg": 7.666666666666667,
      "gs_avg": 3.716666666666667
    },
    "TBL": {
      "games_played": 2,
      "xg_sum": 7.080569481813752,
      "hdc_sum": 19.0,
      "gs_sum": 8.524999999999999,
      "xg_avg": 3.540284740906876,
      "hdc_avg": 9.5,
      "gs_avg": 4.262499999999999
    },
    "CBJ": {
      "games_played": 2,
      "xg_sum": 8.417750300282503,
      "hdc_sum": 24.0,
      "gs_sum": 7.325000000000003,
      "xg_avg": 4.208875150141251,
      "hdc_avg": 12.0,
      "gs_avg": 3.6625000000000014
    },
    "FLA": {
      "games_played": 2,
      "xg_sum": 6.1595610611364515,
      "hdc_sum": 8.0,
      "gs_sum": 6.650000000000002,
      "xg_avg": 3.0797805305682258,
      "hdc_avg": 4.0,
      "gs_avg": 3.325000000000001
    },
    "CGY": {
      "games_played": 3,
      "xg_sum": 7.478732849187501,
      "hdc_sum": 19.0,
      "gs_sum": 13.325000000000003,
      "xg_avg": 2.492910949729167,
      "hdc_avg": 6.333333333333333,
      "gs_avg": 4.441666666666667
    },
    "NJD": {
      "games_played": 3,
      "xg_sum": 10.528553388400002,
      "hdc_sum": 31.0,
      "gs_sum": 17.9,
      "xg_avg": 3.509517796133334,
      "hdc_avg": 10.333333333333334,
      "gs_avg": 5.966666666666666
    },
    "STL": {
      "games_played": 3,
      "xg_sum": 8.342460838357201,
      "hdc_sum": 27.0,
      "gs_sum": 11.775000000000002,
      "xg_avg": 2.7808202794524006,
      "hdc_avg": 9.0,
      "gs_avg": 3.9250000000000007
    },
    "CAR": {
      "games_played": 2,
      "xg_sum": 7.7136613290997245,
      "hdc_sum": 8.0,
      "gs_sum": 8.800000000000002,
      "xg_avg": 3.8568306645498622,
      "hdc_avg": 4.0,
      "gs_avg": 4.400000000000001
    },
    "EDM": {
      "games_played": 3,
      "xg_sum": 9.551743519137501,
      "hdc_sum": 31.0,
      "gs_sum": 10.925000000000008,
      "xg_avg": 3.183914506379167,
      "hdc_avg": 10.333333333333334,
      "gs_avg": 3.6416666666666693
    },
    "DAL": {
      "games_played": 3,
      "xg_sum": 8.65252154567,
      "hdc_sum": 19.0,
      "gs_sum": 13.3,
      "xg_avg": 2.884173848556667,
      "hdc_avg": 6.333333333333333,
      "gs_avg": 4.433333333333334
    },
    "PHI": {
      "games_played": 2,
      "xg_sum": 5.6544105032552,
      "hdc_sum": 12.0,
      "gs_sum": 7.225000000000003,
      "xg_avg": 2.8272052516276,
      "hdc_avg": 6.0,
      "gs_avg": 3.6125000000000016
    },
    "MIN": {
      "games_played": 3,
      "xg_sum": 12.679843563538896,
      "hdc_sum": 20.0,
      "gs_sum": 13.950000000000003,
      "xg_avg": 4.2266145211796315,
      "hdc_avg": 6.666666666666667,
      "gs_avg": 4.650000000000001
    },
    "NYR": {
      "games_played": 3,
      "xg_sum": 6.473434362420101,
      "hdc_sum": 12.0,
      "gs_sum": 12.000000000000002,
      "xg_avg": 2.1578114541400337,
      "hdc_avg": 4.0,
      "gs_avg": 4.000000000000001
    },
    "WPG": {
      "games_played": 3,
      "xg_sum": 5.648719177362501,
      "hdc_sum": 11.0,
      "gs_sum": 11.425,
      "xg_avg": 1.8829063924541671,
      "hdc_avg": 3.6666666666666665,
      "gs_avg": 3.8083333333333336
    },
    "CHI": {
      "games_played": 2,
      "xg_sum": 3.9302143799025426,
      "hdc_sum": 11.0,
      "gs_sum": 4.725000000000001,
      "xg_avg": 1.9651071899512713,
      "hdc_avg": 5.5,
      "gs_avg": 2.3625000000000007
    },
    "UTA": {
      "games_played": 3,
      "xg_sum": 9.913129651917451,
      "hdc_sum": 29.0,
      "gs_sum": 14.425000000000004,
      "xg_avg": 3.3043765506391503,
      "hdc_avg": 9.666666666666666,
      "gs_avg": 4.8083333333333345
    },
    "NSH": {
      "games_played": 2,
      "xg_sum": 5.7506632390475,
      "hdc_sum": 8.0,
      "gs_sum": 6.275000000000001,
      "xg_avg": 2.87533161952375,
      "hdc_avg": 4.0,
      "gs_avg": 3.1375000000000006
    },
    "VAN": {
      "games_played": 2,
      "xg_sum": 7.6102470311875035,
      "hdc_sum": 7.0,
      "gs_sum": 9.250000000000002,
      "xg_avg": 3.8051235155937517,
      "hdc_avg": 3.5,
      "gs_avg": 4.625000000000001
    },
    "PIT": {
      "games_played": 3,
      "xg_sum": 7.5404959744375,
      "hdc_sum": 18.0,
      "gs_sum": 13.950000000000003,
      "xg_avg": 2.5134986581458336,
      "hdc_avg": 6.0,
      "gs_avg": 4.650000000000001
    },
    "VGK": {
      "games_played": 2,
      "xg_sum": 5.734875121325,
      "hdc_sum": 11.0,
      "gs_sum": 9.474999999999998,
      "xg_avg": 2.8674375606625,
      "hdc_avg": 5.5,
      "gs_avg": 4.737499999999999
    },
    "COL": {
      "games_played": 3,
      "xg_sum": 11.123397310971,
      "hdc_sum": 14.0,
      "gs_sum": 13.45,
      "xg_avg": 3.7077991036570004,
      "hdc_avg": 4.666666666666667,
      "gs_avg": 4.483333333333333
    },
    "SEA": {
      "games_played": 3,
      "xg_sum": 8.158814010843727,
      "hdc_sum": 23.0,
      "gs_sum": 15.725000000000003,
      "xg_avg": 2.7196046702812424,
      "hdc_avg": 7.666666666666667,
      "gs_avg": 5.241666666666668
    },
    "LAK": {
      "games_played": 3,
      "xg_sum": 10.921297880730494,
      "hdc_sum": 20.0,
      "gs_sum": 14.575000000000003,
      "xg_avg": 3.640432626910165,
      "hdc_avg": 6.666666666666667,
      "gs_avg": 4.858333333333334
    },
    "NYI": {
      "games_played": 3,
      "xg_sum": 9.777089593341142,
      "hdc_sum": 36.0,
      "gs_sum": 12.650000000000006,
      "xg_avg": 3.2590298644470472,
      "hdc_avg": 12.0,
      "gs_avg": 4.216666666666669
    },
    "OTT": {
      "games_played": 2,
      "xg_sum": 8.54141518622012,
      "hdc_sum": 18.0,
      "gs_sum": 10.875,
      "xg_avg": 4.27070759311006,
      "hdc_avg": 9.0,
      "gs_avg": 5.4375
    },
    "MTL": {
      "games_played": 2,
      "xg_sum": 8.043582696433601,
      "hdc_sum": 9.0,
      "gs_sum": 8.8,
      "xg_avg": 4.021791348216801,
      "hdc_avg": 4.5,
      "gs_avg": 4.4
    }
  }
}