{
  "season": "2025-2026",
  "generated_at": "2025-12-06T22:22:27.013876",
  "total_games": 192,
  "teams": {
    "VGK": {
      "games_played": 20,
      "xg_sum": 63.12487748779002,
      "hdc_sum": 60.0,
      "gs_sum": 85.00000000000001,
      "xg_avg": 3.156243874389501,
      "hdc_avg": 3.0,
      "gs_avg": 4.250000000000001
    },
    "NJD": {
      "games_played": 20,
      "xg_sum": 51.24804123375,
      "hdc_sum": 40.0,
      "gs_sum": 54.00000000000002,
      "xg_avg": 2.5624020616875,
      "hdc_avg": 2.0,
      "gs_avg": 2.700000000000001
    },
    "BUF": {
      "games_played": 20,
      "xg_sum": 86.92268051850002,
      "hdc_sum": 240.0,
      "gs_sum": 68.00000000000001,
      "xg_avg": 4.346134025925001,
      "hdc_avg": 12.0,
      "gs_avg": 3.400000000000001
    },
    "WPG": {
      "games_played": 20,
      "xg_sum": 40.68487790974999,
      "hdc_sum": 100.0,
      "gs_sum": 86.50000000000004,
      "xg_avg": 2.0342438954874997,
      "hdc_avg": 5.0,
      "gs_avg": 4.325000000000002
    },
    "SJS": {
      "games_played": 19,
      "xg_sum": 36.464333654975,
      "hdc_sum": 133.0,
      "gs_sum": 44.649999999999984,
      "xg_avg": 1.919175455525,
      "hdc_avg": 7.0,
      "gs_avg": 2.349999999999999
    },
    "DAL": {
      "games_played": 19,
      "xg_sum": 52.53171511636254,
      "hdc_sum": 19.0,
      "gs_sum": 80.75000000000001,
      "xg_avg": 2.7648271113875023,
      "hdc_avg": 1.0,
      "gs_avg": 4.250000000000001
    },
    "UTA": {
      "games_played": 17,
      "xg_sum": 46.193453263987486,
      "hdc_sum": 85.0,
      "gs_sum": 68.84999999999998,
      "xg_avg": 2.7172619567051464,
      "hdc_avg": 5.0,
      "gs_avg": 4.049999999999999
    },
    "VAN": {
      "games_played": 17,
      "xg_sum": 79.90508668629154,
      "hdc_sum": 136.0,
      "gs_sum": 65.92499999999998,
      "xg_avg": 4.700299216840679,
      "hdc_avg": 8.0,
      "gs_avg": 3.8779411764705873
    },
    "WSH": {
      "games_played": 13,
      "xg_sum": 50.16119343622209,
      "hdc_sum": 78.0,
      "gs_sum": 61.74999999999999,
      "xg_avg": 3.858553341247853,
      "hdc_avg": 6.0,
      "gs_avg": 4.749999999999999
    },
    "ANA": {
      "games_played": 13,
      "xg_sum": 57.07413789194502,
      "hdc_sum": 130.0,
      "gs_sum": 91.64999999999998,
      "xg_avg": 4.390318299380386,
      "hdc_avg": 10.0,
      "gs_avg": 7.049999999999998
    },
    "COL": {
      "games_played": 7,
      "xg_sum": 26.270356722365516,
      "hdc_sum": 112.0,
      "gs_sum": 41.40000000000001,
      "xg_avg": 3.752908103195074,
      "hdc_avg": 16.0,
      "gs_avg": 5.914285714285716
    },
    "NYR": {
      "games_played": 7,
      "xg_sum": 16.60298703368271,
      "hdc_sum": 7.0,
      "gs_sum": 26.950000000000003,
      "xg_avg": 2.3718552905261014,
      "hdc_avg": 1.0,
      "gs_avg": 3.8500000000000005
    }
  }
}