{
  "season": "2025-2026",
  "generated_at": "2026-03-06T05:07:48.753903",
  "total_games": 462,
  "teams": {
    "BUF": {
      "games_played": 16,
      "xg_sum": 47.78962205261119,
      "hdc_sum": 117.0,
      "gs_sum": 75.07500000000003,
      "xg_avg": 2.9868513782881996,
      "hdc_avg": 7.3125,
      "gs_avg": 4.692187500000002
    },
    "CAR": {
      "games_played": 12,
      "xg_sum": 40.706388615027244,
      "hdc_sum": 84.0,
      "gs_sum": 63.20000000000001,
      "xg_avg": 3.39219905125227,
      "hdc_avg": 7.0,
      "gs_avg": 5.2666666666666675
    },
    "WSH": {
      "games_played": 15,
      "xg_sum": 52.110763179039346,
      "hdc_sum": 119.0,
      "gs_sum": 68.15000000000002,
      "xg_avg": 3.474050878602623,
      "hdc_avg": 7.933333333333334,
      "gs_avg": 4.543333333333335
    },
    "COL": {
      "games_played": 14,
      "xg_sum": 49.531685367012805,
      "hdc_sum": 94.0,
      "gs_sum": 71.32500000000002,
      "xg_avg": 3.5379775262152005,
      "hdc_avg": 6.714285714285714,
      "gs_avg": 5.094642857142858
    },
    "PIT": {
      "games_played": 14,
      "xg_sum": 44.65003400905868,
      "hdc_sum": 119.0,
      "gs_sum": 70.80000000000001,
      "xg_avg": 3.1892881435041915,
      "hdc_avg": 8.5,
      "gs_avg": 5.057142857142858
    },
    "SEA": {
      "games_played": 15,
      "xg_sum": 37.49542304860507,
      "hdc_sum": 110.0,
      "gs_sum": 56.574999999999996,
      "xg_avg": 2.4996948699070045,
      "hdc_avg": 7.333333333333333,
      "gs_avg": 3.7716666666666665
    },
    "SJS": {
      "games_played": 12,
      "xg_sum": 36.69001884504802,
      "hdc_sum": 115.0,
      "gs_sum": 52.42500000000001,
      "xg_avg": 3.0575015704206687,
      "hdc_avg": 9.583333333333334,
      "gs_avg": 4.368750000000001
    },
    "FLA": {
      "games_played": 15,
      "xg_sum": 55.126477678732584,
      "hdc_sum": 79.0,
      "gs_sum": 62.850000000000016,
      "xg_avg": 3.6750985119155057,
      "hdc_avg": 5.266666666666667,
      "gs_avg": 4.190000000000001
    },
    "MIN": {
      "games_played": 13,
      "xg_sum": 42.07799829530606,
      "hdc_sum": 83.0,
      "gs_sum": 67.07500000000002,
      "xg_avg": 3.2367690996389276,
      "hdc_avg": 6.384615384615385,
      "gs_avg": 5.159615384615386
    },
    "TOR": {
      "games_played": 16,
      "xg_sum": 50.076230850284915,
      "hdc_sum": 116.0,
      "gs_sum": 67.72500000000002,
      "xg_avg": 3.129764428142807,
      "hdc_avg": 7.25,
      "gs_avg": 4.232812500000001
    },
    "PHI": {
      "games_played": 15,
      "xg_sum": 45.13153643334068,
      "hdc_sum": 90.0,
      "gs_sum": 55.625,
      "xg_avg": 3.0087690955560453,
      "hdc_avg": 6.0,
      "gs_avg": 3.7083333333333335
    },
    "VGK": {
      "games_played": 15,
      "xg_sum": 51.158743278272794,
      "hdc_sum": 99.0,
      "gs_sum": 66.90000000000002,
      "xg_avg": 3.410582885218186,
      "hdc_avg": 6.6,
      "gs_avg": 4.460000000000002
    },
    "WPG": {
      "games_played": 14,
      "xg_sum": 44.27198684221686,
      "hdc_sum": 87.0,
      "gs_sum": 54.15000000000002,
      "xg_avg": 3.1622847744440614,
      "hdc_avg": 6.214285714285714,
      "gs_avg": 3.867857142857144
    },
    "CHI": {
      "games_played": 13,
      "xg_sum": 34.699280824461674,
      "hdc_sum": 80.0,
      "gs_sum": 46.22500000000001,
      "xg_avg": 2.669175448035513,
      "hdc_avg": 6.153846153846154,
      "gs_avg": 3.5557692307692315
    },
    "NJD": {
      "games_played": 15,
      "xg_sum": 45.690151212889155,
      "hdc_sum": 131.0,
      "gs_sum": 60.725000000000016,
      "xg_avg": 3.046010080859277,
      "hdc_avg": 8.733333333333333,
      "gs_avg": 4.048333333333335
    },
    "CGY": {
      "games_played": 13,
      "xg_sum": 40.628184416439794,
      "hdc_sum": 77.0,
      "gs_sum": 49.324999999999996,
      "xg_avg": 3.1252449551107535,
      "hdc_avg": 5.923076923076923,
      "gs_avg": 3.794230769230769
    },
    "NYI": {
      "games_played": 14,
      "xg_sum": 42.5965631508016,
      "hdc_sum": 98.0,
      "gs_sum": 60.875000000000014,
      "xg_avg": 3.042611653628686,
      "hdc_avg": 7.0,
      "gs_avg": 4.3482142857142865
    },
    "VAN": {
      "games_played": 13,
      "xg_sum": 37.097000486627785,
      "hdc_sum": 67.0,
      "gs_sum": 48.100000000000016,
      "xg_avg": 2.853615422048291,
      "hdc_avg": 5.153846153846154,
      "gs_avg": 3.700000000000001
    },
    "NYR": {
      "games_played": 12,
      "xg_sum": 36.742058281161874,
      "hdc_sum": 56.0,
      "gs_sum": 48.80000000000001,
      "xg_avg": 3.061838190096823,
      "hdc_avg": 4.666666666666667,
      "gs_avg": 4.066666666666667
    },
    "ANA": {
      "games_played": 13,
      "xg_sum": 42.61091811830506,
      "hdc_sum": 114.0,
      "gs_sum": 66.2,
      "xg_avg": 3.2777629321773123,
      "hdc_avg": 8.76923076923077,
      "gs_avg": 5.092307692307693
    },
    "MTL": {
      "games_played": 11,
      "xg_sum": 36.32738288390738,
      "hdc_sum": 66.0,
      "gs_sum": 56.225000000000016,
      "xg_avg": 3.3024893530824895,
      "hdc_avg": 6.0,
      "gs_avg": 5.111363636363638
    },
    "TBL": {
      "games_played": 14,
      "xg_sum": 46.59589257923747,
      "hdc_sum": 145.0,
      "gs_sum": 68.85000000000004,
      "xg_avg": 3.328278041374105,
      "hdc_avg": 10.357142857142858,
      "gs_avg": 4.917857142857145
    },
    "OTT": {
      "games_played": 13,
      "xg_sum": 41.507930806261605,
      "hdc_sum": 118.0,
      "gs_sum": 61.82500000000002,
      "xg_avg": 3.1929177543278158,
      "hdc_avg": 9.076923076923077,
      "gs_avg": 4.755769230769232
    },
    "CBJ": {
      "games_played": 13,
      "xg_sum": 34.73423702172033,
      "hdc_sum": 85.0,
      "gs_sum": 62.20000000000001,
      "xg_avg": 2.6718643862861793,
      "hdc_avg": 6.538461538461538,
      "gs_avg": 4.784615384615385
    },
    "BOS": {
      "games_played": 12,
      "xg_sum": 37.45717656925757,
      "hdc_sum": 87.0,
      "gs_sum": 52.10000000000001,
      "xg_avg": 3.121431380771464,
      "hdc_avg": 7.25,
      "gs_avg": 4.341666666666668
    },
    "DAL": {
      "games_played": 13,
      "xg_sum": 47.97140864157265,
      "hdc_sum": 102.0,
      "gs_sum": 68.45,
      "xg_avg": 3.6901083570440503,
      "hdc_avg": 7.846153846153846,
      "gs_avg": 5.265384615384615
    },
    "NSH": {
      "games_played": 14,
      "xg_sum": 49.008444448502495,
      "hdc_sum": 107.0,
      "gs_sum": 66.25000000000001,
      "xg_avg": 3.5006031748930355,
      "hdc_avg": 7.642857142857143,
      "gs_avg": 4.7321428571428585
    },
    "STL": {
      "games_played": 12,
      "xg_sum": 32.34384357161956,
      "hdc_sum": 96.0,
      "gs_sum": 53.82500000000002,
      "xg_avg": 2.695320297634963,
      "hdc_avg": 8.0,
      "gs_avg": 4.485416666666668
    },
    "EDM": {
      "games_played": 12,
      "xg_sum": 44.26576087292787,
      "hdc_sum": 131.0,
      "gs_sum": 66.575,
      "xg_avg": 3.6888134060773226,
      "hdc_avg": 10.916666666666666,
      "gs_avg": 5.547916666666667
    },
    "LAK": {
      "games_played": 12,
      "xg_sum": 36.36741558123157,
      "hdc_sum": 69.0,
      "gs_sum": 48.15000000000002,
      "xg_avg": 3.0306179651026306,
      "hdc_avg": 5.75,
      "gs_avg": 4.012500000000002
    },
    "DET": {
      "games_played": 12,
      "xg_sum": 39.41170725085776,
      "hdc_sum": 71.0,
      "gs_sum": 50.4,
      "xg_avg": 3.28430893757148,
      "hdc_avg": 5.916666666666667,
      "gs_avg": 4.2
    },
    "UTA": {
      "games_played": 13,
      "xg_sum": 39.885766498745525,
      "hdc_sum": 96.0,
      "gs_sum": 55.1,
      "xg_avg": 3.0681358845188864,
      "hdc_avg": 7.384615384615385,
      "gs_avg": 4.2384615384615385
    },
    "SVK": {
      "games_played": 3,
      "xg_sum": 0.03779617500000001,
      "hdc_sum": 0.0,
      "gs_sum": 5.250000000000001,
      "xg_avg": 0.012598725000000003,
      "hdc_avg": 0.0,
      "gs_avg": 1.7500000000000002
    },