{
  "season": "2025-2026",
  "generated_at": "2026-05-02T22:55:25.879252",
  "total_games": 1044,
  "teams": {
    "SJS": {
      "games_played": 17,
      "xg_sum": 47.74499897480443,
      "hdc_sum": 119.0,
      "gs_sum": 68.95000000000002,
      "xg_avg": 2.808529351459084,
      "hdc_avg": 7.0,
      "gs_avg": 4.055882352941177
    },
    "BOS": {
      "games_played": 52,
      "xg_sum": 151.03419599875355,
      "hdc_sum": 451.0,
      "gs_sum": 167.4999999999999,
      "xg_avg": 2.9045037692067988,
      "hdc_avg": 8.673076923076923,
      "gs_avg": 3.221153846153844
    },
    "WSH": {
      "games_played": 15,
      "xg_sum": 43.70830892071101,
      "hdc_sum": 74.0,
      "gs_sum": 59.7,
      "xg_avg": 2.9138872613807343,
      "hdc_avg": 4.933333333333334,
      "gs_avg": 3.98
    },
    "BUF": {
      "games_played": 52,
      "xg_sum": 181.77733947625626,
      "hdc_sum": 280.0,
      "gs_sum": 255.12499999999991,
      "xg_avg": 3.495718066851082,
      "hdc_avg": 5.384615384615385,
      "gs_avg": 4.906249999999998
    },
    "ANA": {
      "games_played": 54,
      "xg_sum": 195.65648144590736,
      "hdc_sum": 541.0,
      "gs_sum": 327.0749999999998,
      "xg_avg": 3.62326817492421,
      "hdc_avg": 10.018518518518519,
      "gs_avg": 6.056944444444441
    },
    "TOR": {
      "games_played": 15,
      "xg_sum": 37.31639427613013,
      "hdc_sum": 70.0,
      "gs_sum": 50.92500000000001,
      "xg_avg": 2.4877596184086754,
      "hdc_avg": 4.666666666666667,
      "gs_avg": 3.395000000000001
    },
    "DET": {
      "games_played": 14,
      "xg_sum": 42.45687992070684,
      "hdc_sum": 82.0,
      "gs_sum": 60.95000000000001,
      "xg_avg": 3.0326342800504884,
      "hdc_avg": 5.857142857142857,
      "gs_avg": 4.3535714285714295
    },
    "TBL": {
      "games_played": 52,
      "xg_sum": 169.01480177761337,
      "hdc_sum": 464.0,
      "gs_sum": 186.17499999999998,
      "xg_avg": 3.2502846495694877,
      "hdc_avg": 8.923076923076923,
      "gs_avg": 3.580288461538461
    },
    "CBJ": {
      "games_played": 16,
      "xg_sum": 54.63523806232921,
      "hdc_sum": 150.0,
      "gs_sum": 70.92500000000003,
      "xg_avg": 3.4147023788955755,
      "hdc_avg": 9.375,
      "gs_avg": 4.432812500000002
    },
    "FLA": {
      "games_played": 17,
      "xg_sum": 53.04131810652355,
      "hdc_sum": 105.0,
      "gs_sum": 74.725,
      "xg_avg": 3.1200775356778556,
      "hdc_avg": 6.176470588235294,
      "gs_avg": 4.395588235294118
    },
    "CGY": {
      "games_played": 16,
      "xg_sum": 41.33669659863371,
      "hdc_sum": 99.0,
      "gs_sum": 67.42500000000001,
      "xg_avg": 2.5835435374146067,
      "hdc_avg": 6.1875,
      "gs_avg": 4.214062500000001
    },
    "NJD": {
      "games_played": 15,
      "xg_sum": 48.05434292526162,
      "hdc_sum": 126.0,
      "gs_sum": 68.475,
      "xg_avg": 3.2036228616841083,
      "hdc_avg": 8.4,
      "gs_avg": 4.5649999999999995
    },
    "STL": {
      "games_played": 15,
      "xg_sum": 44.01898429903766,
      "hdc_sum": 130.0,
      "gs_sum": 68.10000000000001,
      "xg_avg": 2.9345989532691776,
      "hdc_avg": 8.666666666666666,
      "gs_avg": 4.540000000000001
    },
    "CAR": {
      "games_played": 50,
      "xg_sum": 191.69099621470076,
      "hdc_sum": 227.0,
      "gs_sum": 224.4500000000001,
      "xg_avg": 3.833819924294015,
      "hdc_avg": 4.54,
      "gs_avg": 4.489000000000002
    },
    "EDM": {
      "games_played": 54,
      "xg_sum": 150.10058473009389,
      "hdc_sum": 471.0,
      "gs_sum": 251.0499999999999,
      "xg_avg": 2.7796404579647014,
      "hdc_avg": 8.722222222222221,
      "gs_avg": 4.649074074074072
    },
    "DAL": {
      "games_played": 53,
      "xg_sum": 173.89597058224263,
      "hdc_sum": 420.0,
      "gs_sum": 242.17500000000018,
      "xg_avg": 3.2810560487215588,
      "hdc_avg": 7.9245283018867925,
      "gs_avg": 4.569339622641513
    },
    "PHI": {
      "games_played": 52,
      "xg_sum": 166.6197857928461,
      "hdc_sum": 350.0,
      "gs_sum": 203.475,
      "xg_avg": 3.204226649862425,
      "hdc_avg": 6.730769230769231,
      "gs_avg": 3.912980769230769
    },
    "MIN": {
      "games_played": 51,
      "xg_sum": 177.19252318607676,
      "hdc_sum": 301.0,
      "gs_sum": 257.1750000000001,
      "xg_avg": 3.4743631997269953,
      "hdc_avg": 5.901960784313726,
      "gs_avg": 5.0426470588235315
    },
    "NYR": {
      "games_played": 19,
      "xg_sum": 55.11042114915968,
      "hdc_sum": 114.0,
      "gs_sum": 81.49999999999999,
      "xg_avg": 2.90054848153472,
      "hdc_avg": 6.0,
      "gs_avg": 4.289473684210526
    },
    "WPG": {
      "games_played": 17,
      "xg_sum": 48.656952694130354,
      "hdc_sum": 95.0,
      "gs_sum": 70.72500000000001,
      "xg_avg": 2.862173687890021,
      "hdc_avg": 5.588235294117647,
      "gs_avg": 4.16029411764706
    },
    "CHI": {
      "games_played": 16,
      "xg_sum": 40.95959503049232,
      "hdc_sum": 96.0,
      "gs_sum": 55.85000000000001,
      "xg_avg": 2.55997468940577,
      "hdc_avg": 6.0,
      "gs_avg": 3.4906250000000005
    },
    "UTA": {
      "games_played": 45,
      "xg_sum": 115.45003903983047,
      "hdc_sum": 259.0,
      "gs_sum": 187.29999999999993,
      "xg_avg": 2.5655564231073438,
      "hdc_avg": 5.7555555555555555,
      "gs_avg": 4.162222222222221
    },
    "NSH": {
      "games_played": 16,
      "xg_sum": 47.53674217654653,
      "hdc_sum": 115.0,
      "gs_sum": 62.5,
      "xg_avg": 2.9710463860341583,
      "hdc_avg": 7.1875,
      "gs_avg": 3.90625
    },
    "VAN": {
      "games_played": 15,
      "xg_sum": 40.8151848045925,
      "hdc_sum": 84.0,
      "gs_sum": 56.100000000000016,
      "xg_avg": 2.7210123203061665,
      "hdc_avg": 5.6,
      "gs_avg": 3.740000000000001
    },
    "PIT": {
      "games_played": 52,
      "xg_sum": 142.92232088551557,
      "hdc_sum": 443.0,
      "gs_sum": 210.75,
      "xg_avg": 2.7485061708752996,
      "hdc_avg": 8.51923076923077,
      "gs_avg": 4.052884615384615
    },
    "VGK": {
      "games_played": 45,
      "xg_sum": 162.68512889077294,
      "hdc_sum": 290.0,
      "gs_sum": 221.57500000000005,
      "xg_avg": 3.615225086461621,
      "hdc_avg": 6.444444444444445,
      "gs_avg": 4.92388888888889
    },
    "COL": {
      "games_played": 39,
      "xg_sum": 122.77483493334736,
      "hdc_sum": 309.0,
      "gs_sum": 199.17499999999984,
      "xg_avg": 3.1480726905986502,
      "hdc_avg": 7.923076923076923,
      "gs_avg": 5.107051282051278
    },
    "SEA": {
      "games_played": 17,
      "xg_sum": 43.72124245097605,
      "hdc_sum": 123.0,
      "gs_sum": 67.20000000000002,
      "xg_avg": 2.5718377912338855,
      "hdc_avg": 7.235294117647059,
      "gs_avg": 3.9529411764705893
    },
    "LAK": {
      "games_played": 38,
      "xg_sum": 123.86003625347473,
      "hdc_sum": 232.0,
      "gs_sum": 145.90000000000006,
      "xg_avg": 3.259474638249335,
      "hdc_avg": 6.105263157894737,
      "gs_avg": 3.839473684210528
    },
    "NYI": {
      "games_played": 15,
      "xg_sum": 52.970843760935885,
      "hdc_sum": 156.0,
      "gs_sum": 62.90000000000001,
      "xg_avg": 3.5313895840623926,
      "hdc_avg": 10.4,
      "gs_avg": 4.193333333333334
    },
    "OTT": {
      "games_played": 50,
      "xg_sum": 175.17118687031513,
      "hdc_sum": 351.0,
      "gs_sum": 166.22500000000016,
      "xg_avg": 3.5034237374063024,
      "hdc_avg": 7.02,
      "gs_avg": 3.324500000000003
    },
    "MTL": {
      "games_played": 50,
      "xg_sum": 152.18980391963237,
      "hdc_sum": 289.0,
      "gs_sum": 174.65000000000012,
      "xg_avg": 3.0437960783926474,
      "hdc_avg": 5.78,
      "gs_avg": 3.4930000000000025
    }
  }
}