{
  "season": "2025-2026",
  "generated_at": "2025-12-06T05:44:32.254429",
  "total_games": 48,
  "teams": {
    "VGK": {
      "games_played": 7,
      "xg_sum": 22.0937071207265,
      "hdc_sum": 21.0,
      "gs_sum": 29.750000000000004,
      "xg_avg": 3.1562438743895,
      "hdc_avg": 3.0,
      "gs_avg": 4.250000000000001
    },
    "NJD": {
      "games_played": 7,
      "xg_sum": 17.9368144318125,
      "hdc_sum": 14.0,
      "gs_sum": 18.9,
      "xg_avg": 2.5624020616875,
      "hdc_avg": 2.0,
      "gs_avg": 2.6999999999999997
    },
    "BUF": {
      "games_played": 7,
      "xg_sum": 30.422938181475004,
      "hdc_sum": 84.0,
      "gs_sum": 23.800000000000008,
      "xg_avg": 4.346134025925001,
      "hdc_avg": 12.0,
      "gs_avg": 3.4000000000000012
    },
    "WPG": {
      "games_played": 7,
      "xg_sum": 14.239707268412497,
      "hdc_sum": 35.0,
      "gs_sum": 30.275000000000016,
      "xg_avg": 2.0342438954874997,
      "hdc_avg": 5.0,
      "gs_avg": 4.325000000000002
    },
    "SJS": {
      "games_played": 6,
      "xg_sum": 11.51505273315,
      "hdc_sum": 42.0,
      "gs_sum": 14.09999999999999,
      "xg_avg": 1.919175455525,
      "hdc_avg": 7.0,
      "gs_avg": 2.3499999999999983
    },
    "DAL": {
      "games_played": 6,
      "xg_sum": 16.588962668325006,
      "hdc_sum": 6.0,
      "gs_sum": 25.500000000000004,
      "xg_avg": 2.764827111387501,
      "hdc_avg": 1.0,
      "gs_avg": 4.250000000000001
    },
    "UTA": {
      "games_played": 4,
      "xg_sum": 10.875550992224998,
      "hdc_sum": 20.0,
      "gs_sum": 16.200000000000003,
      "xg_avg": 2.7188877480562494,
      "hdc_avg": 5.0,
      "gs_avg": 4.050000000000001
    },
    "VAN": {
      "games_played": 4,
      "xg_sum": 18.67152942913107,
      "hdc_sum": 32.0,
      "gs_sum": 15.3,
      "xg_avg": 4.6678823572827675,
      "hdc_avg": 8.0,
      "gs_avg": 3.825
    }
  }
}