{
  "season": "2025-2026",
  "generated_at": "2025-12-06T20:00:23.510996",
  "total_games": 108,
  "teams": {
    "VGK": {
      "games_played": 13,
      "xg_sum": 41.0311703670635,
      "hdc_sum": 39.0,
      "gs_sum": 55.25000000000001,
      "xg_avg": 3.1562438743895003,
      "hdc_avg": 3.0,
      "gs_avg": 4.250000000000001
    },
    "NJD": {
      "games_played": 13,
      "xg_sum": 33.3112268019375,
      "hdc_sum": 26.0,
      "gs_sum": 35.1,
      "xg_avg": 2.5624020616875,
      "hdc_avg": 2.0,
      "gs_avg": 2.7
    },
    "BUF": {
      "games_played": 13,
      "xg_sum": 56.499742337025026,
      "hdc_sum": 156.0,
      "gs_sum": 44.20000000000001,
      "xg_avg": 4.346134025925002,
      "hdc_avg": 12.0,
      "gs_avg": 3.400000000000001
    },
    "WPG": {
      "games_played": 13,
      "xg_sum": 26.445170641337494,
      "hdc_sum": 65.0,
      "gs_sum": 56.22500000000003,
      "xg_avg": 2.0342438954874997,
      "hdc_avg": 5.0,
      "gs_avg": 4.325000000000002
    },
    "SJS": {
      "games_played": 12,
      "xg_sum": 23.0301054663,
      "hdc_sum": 84.0,
      "gs_sum": 28.199999999999978,
      "xg_avg": 1.919175455525,
      "hdc_avg": 7.0,
      "gs_avg": 2.3499999999999983
    },
    "DAL": {
      "games_played": 12,
      "xg_sum": 33.17792533665001,
      "hdc_sum": 12.0,
      "gs_sum": 51.00000000000001,
      "xg_avg": 2.764827111387501,
      "hdc_avg": 1.0,
      "gs_avg": 4.250000000000001
    },
    "UTA": {
      "games_played": 10,
      "xg_sum": 27.17612127149999,
      "hdc_sum": 50.0,
      "gs_sum": 40.5,
      "xg_avg": 2.717612127149999,
      "hdc_avg": 5.0,
      "gs_avg": 4.05
    },
    "VAN": {
      "games_played": 10,
      "xg_sum": 46.91450498737445,
      "hdc_sum": 80.0,
      "gs_sum": 38.62499999999999,
      "xg_avg": 4.691450498737445,
      "hdc_avg": 8.0,
      "gs_avg": 3.8624999999999994
    },
    "WSH": {
      "games_played": 6,
      "xg_sum": 23.151320047487115,
      "hdc_sum": 36.0,
      "gs_sum": 28.499999999999996,
      "xg_avg": 3.8585533412478523,
      "hdc_avg": 6.0,
      "gs_avg": 4.749999999999999
    },
    "ANA": {
      "games_played": 6,
      "xg_sum": 26.316311248590008,
      "hdc_sum": 60.0,
      "gs_sum": 42.3,
      "xg_avg": 4.386051874765001,
      "hdc_avg": 10.0,
      "gs_avg": 7.05
    }
  }
}