{
  "season": "2025-2026",
  "generated_at": "2026-01-20T04:11:40.055197",
  "total_games": 14,
  "teams": {
    "BUF": {
      "games_played": 1,
      "xg_sum": 2.049049472875,
      "hdc_sum": 8.0,
      "gs_sum": 1.7999999999999998,
      "xg_avg": 2.049049472875,
      "hdc_avg": 8.0,
      "gs_avg": 1.7999999999999998
    },
    "CAR": {
      "games_played": 1,
      "xg_sum": 2.8830115947325012,
      "hdc_sum": 5.0,
      "gs_sum": 3.600000000000001,
      "xg_avg": 2.8830115947325012,
      "hdc_avg": 5.0,
      "gs_avg": 3.600000000000001
    },
    "WSH": {
      "games_played": 1,
      "xg_sum": 2.9066973967875,
      "hdc_sum": 9.0,
      "gs_sum": 2.85,
      "xg_avg": 2.9066973967875,
      "hdc_avg": 9.0,
      "gs_avg": 2.85
    },
    "COL": {
      "games_played": 1,
      "xg_sum": 4.597132078129502,
      "hdc_sum": 10.0,
      "gs_sum": 7.125,
      "xg_avg": 4.597132078129502,
      "hdc_avg": 10.0,
      "gs_avg": 7.125
    },
    "PIT": {
      "games_played": 1,
      "xg_sum": 2.7887618365750013,
      "hdc_sum": 8.0,
      "gs_sum": 6.8,
      "xg_avg": 2.7887618365750013,
      "hdc_avg": 8.0,
      "gs_avg": 6.8
    },
    "SEA": {
      "games_played": 1,
      "xg_sum": 2.9346488698125004,
      "hdc_sum": 9.0,
      "gs_sum": 3.8000000000000007,
      "xg_avg": 2.9346488698125004,
      "hdc_avg": 9.0,
      "gs_avg": 3.8000000000000007
    },
    "SJS": {
      "games_played": 1,
      "xg_sum": 3.5168928885895006,
      "hdc_sum": 10.0,
      "gs_sum": 4.350000000000002,
      "xg_avg": 3.5168928885895006,
      "hdc_avg": 10.0,
      "gs_avg": 4.350000000000002
    },
    "FLA": {
      "games_played": 1,
      "xg_sum": 3.7015363920374997,
      "hdc_sum": 2.0,
      "gs_sum": 3.175000000000001,
      "xg_avg": 3.7015363920374997,
      "hdc_avg": 2.0,
      "gs_avg": 3.175000000000001
    },
    "MIN": {
      "games_played": 1,
      "xg_sum": 4.088456788549002,
      "hdc_sum": 11.0,
      "gs_sum": 7.300000000000002,
      "xg_avg": 4.088456788549002,
      "hdc_avg": 11.0,
      "gs_avg": 7.300000000000002
    },
    "TOR": {
      "games_played": 1,
      "xg_sum": 3.169171967321304,
      "hdc_sum": 3.0,
      "gs_sum": 4.475000000000001,
      "xg_avg": 3.169171967321304,
      "hdc_avg": 3.0,
      "gs_avg": 4.475000000000001
    },
    "PHI": {
      "games_played": 1,
      "xg_sum": 2.0974077610625,
      "hdc_sum": 4.0,
      "gs_sum": 2.2249999999999996,
      "xg_avg": 2.0974077610625,
      "hdc_avg": 4.0,
      "gs_avg": 2.2249999999999996
    },
    "VGK": {
      "games_played": 1,
      "xg_sum": 3.6852412885125,
      "hdc_sum": 6.0,
      "gs_sum": 3.3,
      "xg_avg": 3.6852412885125,
      "hdc_avg": 6.0,
      "gs_avg": 3.3
    },
    "WPG": {
      "games_played": 1,
      "xg_sum": 5.033929760830824,
      "hdc_sum": 10.0,
      "gs_sum": 2.749999999999999,
      "xg_avg": 5.033929760830824,
      "hdc_avg": 10.0,
      "gs_avg": 2.749999999999999
    },
    "CHI": {
      "games_played": 1,
      "xg_sum": 2.3656422143875004,
      "hdc_sum": 3.0,
      "gs_sum": 3.5500000000000003,
      "xg_avg": 2.3656422143875004,
      "hdc_avg": 3.0,
      "gs_avg": 3.5500000000000003
    }
  }
}