{
  "season": "2025-2026",
  "generated_at": "2026-04-01T04:51:39.211576",
  "total_games": 322,
  "teams": {
    "SJS": {
      "games_played": 10,
      "xg_sum": 29.557645139603054,
      "hdc_sum": 72.0,
      "gs_sum": 41.30000000000001,
      "xg_avg": 2.9557645139603053,
      "hdc_avg": 7.2,
      "gs_avg": 4.130000000000001
    },
    "BOS": {
      "games_played": 11,
      "xg_sum": 36.2013669622388,
      "hdc_sum": 110.0,
      "gs_sum": 55.05,
      "xg_avg": 3.2910333602035275,
      "hdc_avg": 10.0,
      "gs_avg": 5.004545454545454
    },
    "WSH": {
      "games_played": 9,
      "xg_sum": 26.6693287775249,
      "hdc_sum": 39.0,
      "gs_sum": 36.275000000000006,
      "xg_avg": 2.963258753058322,
      "hdc_avg": 4.333333333333333,
      "gs_avg": 4.030555555555556
    },
    "BUF": {
      "games_played": 10,
      "xg_sum": 32.5808570118375,
      "hdc_sum": 83.0,
      "gs_sum": 47.0,
      "xg_avg": 3.25808570118375,
      "hdc_avg": 8.3,
      "gs_avg": 4.7
    },
    "ANA": {
      "games_played": 10,
      "xg_sum": 35.41765430471389,
      "hdc_sum": 103.0,
      "gs_sum": 46.80000000000001,
      "xg_avg": 3.541765430471389,
      "hdc_avg": 10.3,
      "gs_avg": 4.6800000000000015
    },
    "TOR": {
      "games_played": 10,
      "xg_sum": 24.898406493623078,
      "hdc_sum": 50.0,
      "gs_sum": 34.47500000000001,
      "xg_avg": 2.489840649362308,
      "hdc_avg": 5.0,
      "gs_avg": 3.4475000000000007
    },
    "DET": {
      "games_played": 9,
      "xg_sum": 28.029994854989216,
      "hdc_sum": 48.0,
      "gs_sum": 35.800000000000004,
      "xg_avg": 3.1144438727765795,
      "hdc_avg": 5.333333333333333,
      "gs_avg": 3.9777777777777783
    },
    "TBL": {
      "games_played": 11,
      "xg_sum": 37.290717742757884,
      "hdc_sum": 93.0,
      "gs_sum": 55.60000000000001,
      "xg_avg": 3.390065249341626,
      "hdc_avg": 8.454545454545455,
      "gs_avg": 5.054545454545456
    },
    "CBJ": {
      "games_played": 11,
      "xg_sum": 35.059036469732504,
      "hdc_sum": 107.0,
      "gs_sum": 45.67500000000002,
      "xg_avg": 3.187185133612046,
      "hdc_avg": 9.727272727272727,
      "gs_avg": 4.152272727272729
    },
    "FLA": {
      "games_played": 10,
      "xg_sum": 33.839475577488,
      "hdc_sum": 49.0,
      "gs_sum": 39.125,
      "xg_avg": 3.3839475577488,
      "hdc_avg": 4.9,
      "gs_avg": 3.9125
    },
    "CGY": {
      "games_played": 10,
      "xg_sum": 26.447562970003688,
      "hdc_sum": 68.0,
      "gs_sum": 46.22500000000001,
      "xg_avg": 2.644756297000369,
      "hdc_avg": 6.8,
      "gs_avg": 4.6225000000000005
    },
    "NJD": {
      "games_played": 10,
      "xg_sum": 35.32435351092138,
      "hdc_sum": 97.0,
      "gs_sum": 53.00000000000001,
      "xg_avg": 3.5324353510921376,
      "hdc_avg": 9.7,
      "gs_avg": 5.300000000000001
    },
    "STL": {
      "games_played": 9,
      "xg_sum": 25.91939180979915,
      "hdc_sum": 76.0,
      "gs_sum": 37.27500000000001,
      "xg_avg": 2.8799324233110166,
      "hdc_avg": 8.444444444444445,
      "gs_avg": 4.141666666666668
    },
    "CAR": {
      "games_played": 10,
      "xg_sum": 39.08252396186158,
      "hdc_sum": 67.0,
      "gs_sum": 53.000000000000014,
      "xg_avg": 3.908252396186158,
      "hdc_avg": 6.7,
      "gs_avg": 5.300000000000002
    },
    "EDM": {
      "games_played": 10,
      "xg_sum": 29.848158318232482,
      "hdc_sum": 96.0,
      "gs_sum": 43.07500000000001,
      "xg_avg": 2.9848158318232483,
      "hdc_avg": 9.6,
      "gs_avg": 4.307500000000001
    },
    "DAL": {
      "games_played": 11,
      "xg_sum": 32.197028678661894,
      "hdc_sum": 69.0,
      "gs_sum": 42.375,
      "xg_avg": 2.9270026071510813,
      "hdc_avg": 6.2727272727272725,
      "gs_avg": 3.852272727272727
    },
    "PHI": {
      "games_played": 10,
      "xg_sum": 35.63940113618226,
      "hdc_sum": 81.0,
      "gs_sum": 44.60000000000001,
      "xg_avg": 3.5639401136182256,
      "hdc_avg": 8.1,
      "gs_avg": 4.460000000000001
    },
    "MIN": {
      "games_played": 9,
      "xg_sum": 35.259107161060314,
      "hdc_sum": 66.0,
      "gs_sum": 39.87500000000001,
      "xg_avg": 3.917678573451146,
      "hdc_avg": 7.333333333333333,
      "gs_avg": 4.430555555555556
    },
    "NYR": {
      "games_played": 11,
      "xg_sum": 29.209176741104454,
      "hdc_sum": 57.0,
      "gs_sum": 44.10000000000001,
      "xg_avg": 2.6553797037367683,
      "hdc_avg": 5.181818181818182,
      "gs_avg": 4.00909090909091
    },
    "WPG": {
      "games_played": 11,
      "xg_sum": 30.81921474971326,
      "hdc_sum": 59.0,
      "gs_sum": 47.32500000000001,
      "xg_avg": 2.8017467954284783,
      "hdc_avg": 5.363636363636363,
      "gs_avg": 4.302272727272729
    },
    "CHI": {
      "games_played": 11,
      "xg_sum": 28.515149556311066,
      "hdc_sum": 69.0,
      "gs_sum": 36.37500000000001,
      "xg_avg": 2.592286323301006,
      "hdc_avg": 6.2727272727272725,
      "gs_avg": 3.3068181818181825
    },
    "UTA": {
      "games_played": 9,
      "xg_sum": 30.345571020997227,
      "hdc_sum": 90.0,
      "gs_sum": 44.00000000000001,
      "xg_avg": 3.371730113444136,
      "hdc_avg": 10.0,
      "gs_avg": 4.888888888888889
    },
    "NSH": {
      "games_played": 10,
      "xg_sum": 29.281117202080782,
      "hdc_sum": 67.0,
      "gs_sum": 38.25,
      "xg_avg": 2.9281117202080784,
      "hdc_avg": 6.7,
      "gs_avg": 3.825
    },
    "VAN": {
      "games_played": 9,
      "xg_sum": 24.730625273537957,
      "hdc_sum": 48.0,
      "gs_sum": 32.82500000000001,
      "xg_avg": 2.7478472526153284,
      "hdc_avg": 5.333333333333333,
      "gs_avg": 3.6472222222222235
    },
    "PIT": {
      "games_played": 11,
      "xg_sum": 37.83105384132019,
      "hdc_sum": 110.0,
      "gs_sum": 56.97500000000001,
      "xg_avg": 3.43918671284729,
      "hdc_avg": 10.0,
      "gs_avg": 5.179545454545456
    },
    "VGK": {
      "games_played": 10,
      "xg_sum": 35.137866011672955,
      "hdc_sum": 63.0,
      "gs_sum": 40.7,
      "xg_avg": 3.5137866011672956,
      "hdc_avg": 6.3,
      "gs_avg": 4.07
    },
    "COL": {
      "games_played": 10,
      "xg_sum": 38.80915893018693,
      "hdc_sum": 73.0,
      "gs_sum": 53.425000000000004,
      "xg_avg": 3.880915893018693,
      "hdc_avg": 7.3,
      "gs_avg": 5.3425
    },
    "SEA": {
      "games_played": 10,
      "xg_sum": 25.849018406450732,
      "hdc_sum": 64.0,
      "gs_sum": 39.275000000000006,
      "xg_avg": 2.584901840645073,
      "hdc_avg": 6.4,
      "gs_avg": 3.9275000000000007
    },
    "LAK": {
      "games_played": 9,
      "xg_sum": 29.468867270745786,
      "hdc_sum": 60.0,
      "gs_sum": 42.75000000000001,
      "xg_avg": 3.2743185856384205,
      "hdc_avg": 6.666666666666667,
      "gs_avg": 4.750000000000001
    },
    "NYI": {
      "games_played": 11,
      "xg_sum": 35.46362841168659,
      "hdc_sum": 109.0,
      "gs_sum": 47.10000000000001,
      "xg_avg": 3.2239662192442355,
      "hdc_avg": 9.909090909090908,
      "gs_avg": 4.281818181818182
    },
    "OTT": {
      "games_played": 10,
      "xg_sum": 35.46250451185637,
      "hdc_sum": 91.0,
      "gs_sum": 45.05000000000001,
      "xg_avg": 3.5462504511856374,
      "hdc_avg": 9.1,
      "gs_avg": 4.505000000000001
    },
    "MTL": {
      "games_played": 10,
      "xg_sum": 35.37649245278725,
      "hdc_sum": 64.0,
      "gs_sum": 43.57500000000002,
      "xg_avg": 3.5376492452787245,
      "hdc_avg": 6.4,
      "gs_avg": 4.357500000000002
    }
  }
}