{
  "season": "2025-2026",
  "generated_at": "2026-04-19T04:12:16.656066",
  "total_games": 504,
  "teams": {
    "SJS": {
      "games_played": 17,
      "xg_sum": 47.74499897480443,
      "hdc_sum": 119.0,
      "gs_sum": 68.95000000000002,
      "xg_avg": 2.808529351459084,
      "hdc_avg": 7.0,
      "gs_avg": 4.055882352941177
    },
    "BOS": {
      "games_played": 15,
      "xg_sum": 45.99168751572098,
      "hdc_sum": 139.0,
      "gs_sum": 71.3,
      "xg_avg": 3.0661125010480657,
      "hdc_avg": 9.266666666666667,
      "gs_avg": 4.753333333333333
    },
    "WSH": {
      "games_played": 15,
      "xg_sum": 43.70830892071101,
      "hdc_sum": 74.0,
      "gs_sum": 59.7,
      "xg_avg": 2.9138872613807343,
      "hdc_avg": 4.933333333333334,
      "gs_avg": 3.98
    },
    "BUF": {
      "games_played": 15,
      "xg_sum": 47.211493472764424,
      "hdc_sum": 124.0,
      "gs_sum": 72.72500000000001,
      "xg_avg": 3.1474328981842947,
      "hdc_avg": 8.266666666666667,
      "gs_avg": 4.848333333333334
    },
    "ANA": {
      "games_played": 15,
      "xg_sum": 55.443525795633896,
      "hdc_sum": 162.0,
      "gs_sum": 72.47500000000002,
      "xg_avg": 3.6962350530422596,
      "hdc_avg": 10.8,
      "gs_avg": 4.831666666666668
    },
    "TOR": {
      "games_played": 15,
      "xg_sum": 37.31639427613013,
      "hdc_sum": 70.0,
      "gs_sum": 50.92500000000001,
      "xg_avg": 2.4877596184086754,
      "hdc_avg": 4.666666666666667,
      "gs_avg": 3.395000000000001
    },
    "DET": {
      "games_played": 14,
      "xg_sum": 42.45687992070684,
      "hdc_sum": 82.0,
      "gs_sum": 60.95000000000001,
      "xg_avg": 3.0326342800504884,
      "hdc_avg": 5.857142857142857,
      "gs_avg": 4.3535714285714295
    },
    "TBL": {
      "games_played": 17,
      "xg_sum": 53.15681678061796,
      "hdc_sum": 127.0,
      "gs_sum": 73.97500000000002,
      "xg_avg": 3.126871575330468,
      "hdc_avg": 7.470588235294118,
      "gs_avg": 4.351470588235295
    },
    "CBJ": {
      "games_played": 16,
      "xg_sum": 54.63523806232921,
      "hdc_sum": 150.0,
      "gs_sum": 70.92500000000003,
      "xg_avg": 3.4147023788955755,
      "hdc_avg": 9.375,
      "gs_avg": 4.432812500000002
    },
    "FLA": {
      "games_played": 17,
      "xg_sum": 53.04131810652355,
      "hdc_sum": 105.0,
      "gs_sum": 74.725,
      "xg_avg": 3.1200775356778556,
      "hdc_avg": 6.176470588235294,
      "gs_avg": 4.395588235294118
    },
    "CGY": {
      "games_played": 16,
      "xg_sum": 41.33669659863371,
      "hdc_sum": 99.0,
      "gs_sum": 67.42500000000001,
      "xg_avg": 2.5835435374146067,
      "hdc_avg": 6.1875,
      "gs_avg": 4.214062500000001
    },
    "NJD": {
      "games_played": 15,
      "xg_sum": 48.05434292526162,
      "hdc_sum": 126.0,
      "gs_sum": 68.475,
      "xg_avg": 3.2036228616841083,
      "hdc_avg": 8.4,
      "gs_avg": 4.5649999999999995
    },
    "STL": {
      "games_played": 15,
      "xg_sum": 44.01898429903766,
      "hdc_sum": 130.0,
      "gs_sum": 68.10000000000001,
      "xg_avg": 2.9345989532691776,
      "hdc_avg": 8.666666666666666,
      "gs_avg": 4.540000000000001
    },
    "CAR": {
      "games_played": 16,
      "xg_sum": 59.57923794376668,
      "hdc_sum": 105.0,
      "gs_sum": 82.50000000000003,
      "xg_avg": 3.7237023714854174,
      "hdc_avg": 6.5625,
      "gs_avg": 5.156250000000002
    },
    "EDM": {
      "games_played": 15,
      "xg_sum": 46.828521272449294,
      "hdc_sum": 146.0,
      "gs_sum": 68.80000000000001,
      "xg_avg": 3.121901418163286,
      "hdc_avg": 9.733333333333333,
      "gs_avg": 4.586666666666668
    },
    "DAL": {
      "games_played": 17,
      "xg_sum": 50.63553315286749,
      "hdc_sum": 108.0,
      "gs_sum": 69.77499999999999,
      "xg_avg": 2.9785607736980877,
      "hdc_avg": 6.352941176470588,
      "gs_avg": 4.1044117647058815
    },
    "PHI": {
      "games_played": 16,
      "xg_sum": 51.52966081948885,
      "hdc_sum": 116.0,
      "gs_sum": 71.72500000000001,
      "xg_avg": 3.2206038012180533,
      "hdc_avg": 7.25,
      "gs_avg": 4.4828125000000005
    },
    "MIN": {
      "games_played": 15,
      "xg_sum": 52.36165597727014,
      "hdc_sum": 102.0,
      "gs_sum": 66.325,
      "xg_avg": 3.4907770651513426,
      "hdc_avg": 6.8,
      "gs_avg": 4.421666666666667
    },
    "NYR": {
      "games_played": 19,
      "xg_sum": 55.11042114915968,
      "hdc_sum": 114.0,
      "gs_sum": 81.49999999999999,
      "xg_avg": 2.90054848153472,
      "hdc_avg": 6.0,
      "gs_avg": 4.289473684210526
    },
    "WPG": {
      "games_played": 17,
      "xg_sum": 48.656952694130354,
      "hdc_sum": 95.0,
      "gs_sum": 70.72500000000001,
      "xg_avg": 2.862173687890021,
      "hdc_avg": 5.588235294117647,
      "gs_avg": 4.16029411764706
    },
    "CHI": {
      "games_played": 16,
      "xg_sum": 40.95959503049232,
      "hdc_sum": 96.0,
      "gs_sum": 55.85000000000001,
      "xg_avg": 2.55997468940577,
      "hdc_avg": 6.0,
      "gs_avg": 3.4906250000000005
    },
    "UTA": {
      "games_played": 15,
      "xg_sum": 49.290402385259235,
      "hdc_sum": 137.0,
      "gs_sum": 72.62500000000001,
      "xg_avg": 3.286026825683949,
      "hdc_avg": 9.133333333333333,
      "gs_avg": 4.841666666666668
    },
    "NSH": {
      "games_played": 16,
      "xg_sum": 47.53674217654653,
      "hdc_sum": 115.0,
      "gs_sum": 62.5,
      "xg_avg": 2.9710463860341583,
      "hdc_avg": 7.1875,
      "gs_avg": 3.90625
    },
    "VAN": {
      "games_played": 15,
      "xg_sum": 40.8151848045925,
      "hdc_sum": 84.0,
      "gs_sum": 56.100000000000016,
      "xg_avg": 2.7210123203061665,
      "hdc_avg": 5.6,
      "gs_avg": 3.740000000000001
    },
    "PIT": {
      "games_played": 16,
      "xg_sum": 52.442583295534114,
      "hdc_sum": 135.0,
      "gs_sum": 77.40000000000002,
      "xg_avg": 3.277661455970882,
      "hdc_avg": 8.4375,
      "gs_avg": 4.837500000000001
    },
    "VGK": {
      "games_played": 15,
      "xg_sum": 54.67781972256046,
      "hdc_sum": 103.0,
      "gs_sum": 67.62500000000001,
      "xg_avg": 3.6451879815040304,
      "hdc_avg": 6.866666666666666,
      "gs_avg": 4.508333333333335
    },
    "COL": {
      "games_played": 16,
      "xg_sum": 63.37425263170539,
      "hdc_sum": 121.0,
      "gs_sum": 84.05,
      "xg_avg": 3.960890789481587,
      "hdc_avg": 7.5625,
      "gs_avg": 5.253125
    },
    "SEA": {
      "games_played": 17,
      "xg_sum": 43.72124245097605,
      "hdc_sum": 123.0,
      "gs_sum": 67.20000000000002,
      "xg_avg": 2.5718377912338855,
      "hdc_avg": 7.235294117647059,
      "gs_avg": 3.9529411764705893
    },
    "LAK": {
      "games_played": 15,
      "xg_sum": 50.76088948626045,
      "hdc_sum": 107.0,
      "gs_sum": 69.60000000000001,
      "xg_avg": 3.38405929908403,
      "hdc_avg": 7.133333333333334,
      "gs_avg": 4.640000000000001
    },
    "NYI": {
      "games_played": 15,
      "xg_sum": 52.970843760935885,
      "hdc_sum": 156.0,
      "gs_sum": 62.90000000000001,
      "xg_avg": 3.5313895840623926,
      "hdc_avg": 10.4,
      "gs_avg": 4.193333333333334
    },
    "OTT": {
      "games_played": 16,
      "xg_sum": 51.29122631376612,
      "hdc_sum": 143.0,
      "gs_sum": 66.77500000000002,
      "xg_avg": 3.2057016446103823,
      "hdc_avg": 8.9375,
      "gs_avg": 4.173437500000001
    },
    "MTL": {
      "games_played": 15,
      "xg_sum": 51.59397034174684,
      "hdc_sum": 93.0,
      "gs_sum": 63.15000000000002,
      "xg_avg": 3.4395980227831227,
      "hdc_avg": 6.2,
      "gs_avg": 4.210000000000002
    }
  }
}