{
  "season": "2025-2026",
  "generated_at": "2026-01-25T05:57:29.495073",
  "total_games": 98,
  "teams": {
    "BUF": {
      "games_played": 4,
      "xg_sum": 9.587018930861937,
      "hdc_sum": 25.0,
      "gs_sum": 16.650000000000002,
      "xg_avg": 2.3967547327154843,
      "hdc_avg": 6.25,
      "gs_avg": 4.1625000000000005
    },
    "CAR": {
      "games_played": 3,
      "xg_sum": 10.2096489655978,
      "hdc_sum": 17.0,
      "gs_sum": 13.650000000000002,
      "xg_avg": 3.4032163218659335,
      "hdc_avg": 5.666666666666667,
      "gs_avg": 4.550000000000001
    },
    "WSH": {
      "games_played": 4,
      "xg_sum": 15.42867769495755,
      "hdc_sum": 40.0,
      "gs_sum": 17.950000000000003,
      "xg_avg": 3.8571694237393874,
      "hdc_avg": 10.0,
      "gs_avg": 4.487500000000001
    },
    "COL": {
      "games_played": 3,
      "xg_sum": 12.884370401842455,
      "hdc_sum": 22.0,
      "gs_sum": 17.825000000000003,
      "xg_avg": 4.294790133947485,
      "hdc_avg": 7.333333333333333,
      "gs_avg": 5.941666666666667
    },
    "PIT": {
      "games_played": 3,
      "xg_sum": 7.928611289375001,
      "hdc_sum": 22.0,
      "gs_sum": 17.725,
      "xg_avg": 2.642870429791667,
      "hdc_avg": 7.333333333333333,
      "gs_avg": 5.908333333333334
    },
    "SEA": {
      "games_played": 3,
      "xg_sum": 7.238807585287502,
      "hdc_sum": 25.0,
      "gs_sum": 10.675000000000002,
      "xg_avg": 2.4129358617625005,
      "hdc_avg": 8.333333333333334,
      "gs_avg": 3.558333333333334
    },
    "SJS": {
      "games_played": 3,
      "xg_sum": 9.269109997842026,
      "hdc_sum": 26.0,
      "gs_sum": 12.050000000000004,
      "xg_avg": 3.089703332614009,
      "hdc_avg": 8.666666666666666,
      "gs_avg": 4.016666666666668
    },
    "FLA": {
      "games_played": 3,
      "xg_sum": 9.32266591525,
      "hdc_sum": 18.0,
      "gs_sum": 11.300000000000004,
      "xg_avg": 3.1075553050833338,
      "hdc_avg": 6.0,
      "gs_avg": 3.766666666666668
    },
    "MIN": {
      "games_played": 4,
      "xg_sum": 12.623216441483253,
      "hdc_sum": 31.0,
      "gs_sum": 20.875000000000004,
      "xg_avg": 3.155804110370813,
      "hdc_avg": 7.75,
      "gs_avg": 5.218750000000001
    },
    "TOR": {
      "games_played": 3,
      "xg_sum": 9.849758000521303,
      "hdc_sum": 21.0,
      "gs_sum": 12.175000000000004,
      "xg_avg": 3.2832526668404345,
      "hdc_avg": 7.0,
      "gs_avg": 4.0583333333333345
    },
    "PHI": {
      "games_played": 3,
      "xg_sum": 8.519428626422004,
      "hdc_sum": 18.0,
      "gs_sum": 13.325,
      "xg_avg": 2.8398095421406677,
      "hdc_avg": 6.0,
      "gs_avg": 4.441666666666666
    },
    "VGK": {
      "games_played": 3,
      "xg_sum": 11.906510577220004,
      "hdc_sum": 23.0,
      "gs_sum": 14.900000000000002,
      "xg_avg": 3.9688368590733347,
      "hdc_avg": 7.666666666666667,
      "gs_avg": 4.966666666666668
    },
    "WPG": {
      "games_played": 4,
      "xg_sum": 11.262218422918323,
      "hdc_sum": 21.0,
      "gs_sum": 11.525000000000002,
      "xg_avg": 2.815554605729581,
      "hdc_avg": 5.25,
      "gs_avg": 2.8812500000000005
    },
    "CHI": {
      "games_played": 3,
      "xg_sum": 7.8115121000125,
      "hdc_sum": 22.0,
      "gs_sum": 12.125,
      "xg_avg": 2.603837366670833,
      "hdc_avg": 7.333333333333333,
      "gs_avg": 4.041666666666667
    },
    "NJD": {
      "games_played": 3,
      "xg_sum": 8.141066203263591,
      "hdc_sum": 20.0,
      "gs_sum": 12.125000000000002,
      "xg_avg": 2.713688734421197,
      "hdc_avg": 6.666666666666667,
      "gs_avg": 4.041666666666667
    },
    "CGY": {
      "games_played": 3,
      "xg_sum": 7.452304383253902,
      "hdc_sum": 11.0,
      "gs_sum": 8.7,
      "xg_avg": 2.484101461084634,
      "hdc_avg": 3.6666666666666665,
      "gs_avg": 2.9
    },
    "NYI": {
      "games_played": 3,
      "xg_sum": 9.962699066997,
      "hdc_sum": 21.0,
      "gs_sum": 10.300000000000002,
      "xg_avg": 3.3208996889990003,
      "hdc_avg": 7.0,
      "gs_avg": 3.433333333333334
    },
    "VAN": {
      "games_played": 3,
      "xg_sum": 10.708174833021527,
      "hdc_sum": 20.0,
      "gs_sum": 14.525000000000002,
      "xg_avg": 3.5693916110071755,
      "hdc_avg": 6.666666666666667,
      "gs_avg": 4.841666666666668
    },
    "NYR": {
      "games_played": 3,
      "xg_sum": 9.997927180765254,
      "hdc_sum": 17.0,
      "gs_sum": 11.725000000000003,
      "xg_avg": 3.332642393588418,
      "hdc_avg": 5.666666666666667,
      "gs_avg": 3.9083333333333345
    },
    "ANA": {
      "games_played": 3,
      "xg_sum": 7.877184362389128,
      "hdc_sum": 19.0,
      "gs_sum": 14.825000000000001,
      "xg_avg": 2.625728120796376,
      "hdc_avg": 6.333333333333333,
      "gs_avg": 4.941666666666667
    },
    "MTL": {
      "games_played": 3,
      "xg_sum": 10.914903693843275,
      "hdc_sum": 15.0,
      "gs_sum": 14.075000000000001,
      "xg_avg": 3.638301231281092,
      "hdc_avg": 5.0,
      "gs_avg": 4.691666666666667
    },
    "TBL": {
      "games_played": 3,
      "xg_sum": 9.621457501735964,
      "hdc_sum": 26.0,
      "gs_sum": 16.725,
      "xg_avg": 3.2071525005786548,
      "hdc_avg": 8.666666666666666,
      "gs_avg": 5.575
    },
    "OTT": {
      "games_played": 3,
      "xg_sum": 8.381219004225,
      "hdc_sum": 21.0,
      "gs_sum": 11.575000000000003,
      "xg_avg": 2.793739668075,
      "hdc_avg": 7.0,
      "gs_avg": 3.8583333333333343
    },
    "CBJ": {
      "games_played": 3,
      "xg_sum": 6.6657749939375,
      "hdc_sum": 16.0,
      "gs_sum": 12.775000000000002,
      "xg_avg": 2.221924997979167,
      "hdc_avg": 5.333333333333333,
      "gs_avg": 4.258333333333334
    },
    "BOS": {
      "games_played": 3,
      "xg_sum": 8.5286660557725,
      "hdc_sum": 16.0,
      "gs_sum": 11.675,
      "xg_avg": 2.8428886852575004,
      "hdc_avg": 5.333333333333333,
      "gs_avg": 3.891666666666667
    },
    "DAL": {
      "games_played": 3,
      "xg_sum": 9.374783904970121,
      "hdc_sum": 19.0,
      "gs_sum": 13.725,
      "xg_avg": 3.1249279683233735,
      "hdc_avg": 6.333333333333333,
      "gs_avg": 4.575
    },
    "NSH": {
      "games_played": 3,
      "xg_sum": 10.266203752768853,
      "hdc_sum": 21.0,
      "gs_sum": 14.475000000000001,
      "xg_avg": 3.4220679175896174,
      "hdc_avg": 7.0,
      "gs_avg": 4.825
    },
    "STL": {
      "games_played": 3,
      "xg_sum": 8.741333230464999,
      "hdc_sum": 17.0,
      "gs_sum": 12.250000000000004,
      "xg_avg": 2.913777743488333,
      "hdc_avg": 5.666666666666667,
      "gs_avg": 4.083333333333335
    },
    "EDM": {
      "games_played": 3,
      "xg_sum": 10.8449540661125,
      "hdc_sum": 39.0,
      "gs_sum": 13.575000000000003,
      "xg_avg": 3.614984688704167,
      "hdc_avg": 13.0,
      "gs_avg": 4.525000000000001
    },
    "LAK": {
      "games_played": 2,
      "xg_sum": 7.618884852502002,
      "hdc_sum": 8.0,
      "gs_sum": 12.200000000000001,
      "xg_avg": 3.809442426251001,
      "hdc_avg": 4.0,
      "gs_avg": 6.1000000000000005
    },
    "DET": {
      "games_played": 3,
      "xg_sum": 9.711806193020209,
      "hdc_sum": 27.0,
      "gs_sum": 16.125000000000004,
      "xg_avg": 3.2372687310067363,
      "hdc_avg": 9.0,
      "gs_avg": 5.375000000000001
    },
    "UTA": {
      "games_played": 2,
      "xg_sum": 6.27902352618,
      "hdc_sum": 16.0,
      "gs_sum": 11.200000000000003,
      "xg_avg": 3.13951176309,
      "hdc_avg": 8.0,
      "gs_avg": 5.600000000000001
    }
  }
}