{
  "season": "2025-2026",
  "generated_at": "2026-03-09T01:29:12.505859",
  "total_games": 508,
  "teams": {
    "BUF": {
      "games_played": 18,
      "xg_sum": 53.86729896350488,
      "hdc_sum": 136.0,
      "gs_sum": 86.20000000000003,
      "xg_avg": 2.9926277201947156,
      "hdc_avg": 7.555555555555555,
      "gs_avg": 4.7888888888888905
    },
    "CAR": {
      "games_played": 14,
      "xg_sum": 46.51902046962724,
      "hdc_sum": 104.0,
      "gs_sum": 75.12500000000001,
      "xg_avg": 3.322787176401946,
      "hdc_avg": 7.428571428571429,
      "gs_avg": 5.36607142857143
    },
    "WSH": {
      "games_played": 16,
      "xg_sum": 54.69232682655485,
      "hdc_sum": 122.0,
      "gs_sum": 70.35000000000002,
      "xg_avg": 3.418270426659678,
      "hdc_avg": 7.625,
      "gs_avg": 4.396875000000001
    },
    "COL": {
      "games_played": 16,
      "xg_sum": 58.24541099596923,
      "hdc_sum": 115.0,
      "gs_sum": 84.25000000000001,
      "xg_avg": 3.640338187248077,
      "hdc_avg": 7.1875,
      "gs_avg": 5.265625000000001
    },
    "PIT": {
      "games_played": 16,
      "xg_sum": 53.05765891397836,
      "hdc_sum": 141.0,
      "gs_sum": 81.825,
      "xg_avg": 3.3161036821236474,
      "hdc_avg": 8.8125,
      "gs_avg": 5.1140625
    },
    "SEA": {
      "games_played": 16,
      "xg_sum": 39.34945680865507,
      "hdc_sum": 118.0,
      "gs_sum": 60.849999999999994,
      "xg_avg": 2.459341050540942,
      "hdc_avg": 7.375,
      "gs_avg": 3.8031249999999996
    },
    "SJS": {
      "games_played": 14,
      "xg_sum": 42.92411065222302,
      "hdc_sum": 137.0,
      "gs_sum": 58.750000000000014,
      "xg_avg": 3.066007903730216,
      "hdc_avg": 9.785714285714286,
      "gs_avg": 4.196428571428572
    },
    "FLA": {
      "games_played": 16,
      "xg_sum": 57.449344689862585,
      "hdc_sum": 89.0,
      "gs_sum": 66.55000000000001,
      "xg_avg": 3.5905840431164116,
      "hdc_avg": 5.5625,
      "gs_avg": 4.159375000000001
    },
    "MIN": {
      "games_played": 15,
      "xg_sum": 48.55012487853733,
      "hdc_sum": 109.0,
      "gs_sum": 76.37500000000001,
      "xg_avg": 3.236674991902489,
      "hdc_avg": 7.266666666666667,
      "gs_avg": 5.091666666666668
    },
    "TOR": {
      "games_played": 17,
      "xg_sum": 53.340928628159915,
      "hdc_sum": 121.0,
      "gs_sum": 71.10000000000002,
      "xg_avg": 3.1377016840094067,
      "hdc_avg": 7.117647058823529,
      "gs_avg": 4.182352941176472
    },
    "PHI": {
      "games_played": 16,
      "xg_sum": 47.16595308186568,
      "hdc_sum": 95.0,
      "gs_sum": 58.9,
      "xg_avg": 2.947872067616605,
      "hdc_avg": 5.9375,
      "gs_avg": 3.68125
    },
    "VGK": {
      "games_played": 16,
      "xg_sum": 54.905878145885296,
      "hdc_sum": 105.0,
      "gs_sum": 70.42500000000003,
      "xg_avg": 3.431617384117831,
      "hdc_avg": 6.5625,
      "gs_avg": 4.401562500000002
    },
    "WPG": {
      "games_played": 15,
      "xg_sum": 47.85174150662937,
      "hdc_sum": 96.0,
      "gs_sum": 59.65000000000002,
      "xg_avg": 3.1901161004419576,
      "hdc_avg": 6.4,
      "gs_avg": 3.976666666666668
    },
    "CHI": {
      "games_played": 15,
      "xg_sum": 40.336129429724174,
      "hdc_sum": 96.0,
      "gs_sum": 53.27500000000001,
      "xg_avg": 2.689075295314945,
      "hdc_avg": 6.4,
      "gs_avg": 3.5516666666666676
    },
    "NJD": {
      "games_played": 16,
      "xg_sum": 48.78534246748916,
      "hdc_sum": 142.0,
      "gs_sum": 67.25000000000001,
      "xg_avg": 3.0490839042180724,
      "hdc_avg": 8.875,
      "gs_avg": 4.203125000000001
    },
    "CGY": {
      "games_played": 14,
      "xg_sum": 43.28574286383979,
      "hdc_sum": 88.0,
      "gs_sum": 54.724999999999994,
      "xg_avg": 3.0918387759885566,
      "hdc_avg": 6.285714285714286,
      "gs_avg": 3.908928571428571
    },
    "NYI": {
      "games_played": 16,
      "xg_sum": 49.4063464750391,
      "hdc_sum": 112.0,
      "gs_sum": 70.80000000000003,
      "xg_avg": 3.087896654689944,
      "hdc_avg": 7.0,
      "gs_avg": 4.425000000000002
    },
    "VAN": {
      "games_played": 15,
      "xg_sum": 41.10324852437979,
      "hdc_sum": 87.0,
      "gs_sum": 56.52500000000001,
      "xg_avg": 2.7402165682919857,
      "hdc_avg": 5.8,
      "gs_avg": 3.768333333333334
    },
    "NYR": {
      "games_played": 13,
      "xg_sum": 39.167858108711876,
      "hdc_sum": 61.0,
      "gs_sum": 52.375000000000014,
      "xg_avg": 3.0129121622086057,
      "hdc_avg": 4.6923076923076925,
      "gs_avg": 4.028846153846155
    },
    "ANA": {
      "games_played": 14,
      "xg_sum": 46.642242170855056,
      "hdc_sum": 125.0,
      "gs_sum": 73.92500000000001,
      "xg_avg": 3.3315887264896467,
      "hdc_avg": 8.928571428571429,
      "gs_avg": 5.280357142857143
    },
    "MTL": {
      "games_played": 13,
      "xg_sum": 42.99001485522738,
      "hdc_sum": 84.0,
      "gs_sum": 67.82500000000002,
      "xg_avg": 3.3069242196328754,
      "hdc_avg": 6.461538461538462,
      "gs_avg": 5.217307692307694
    },
    "TBL": {
      "games_played": 16,
      "xg_sum": 53.87431283420655,
      "hdc_sum": 165.0,
      "gs_sum": 79.95000000000005,
      "xg_avg": 3.3671445521379093,
      "hdc_avg": 10.3125,
      "gs_avg": 4.996875000000003
    },
    "OTT": {
      "games_played": 14,
      "xg_sum": 45.18214681052054,
      "hdc_sum": 127.0,
      "gs_sum": 69.30000000000001,
      "xg_avg": 3.2272962007514674,
      "hdc_avg": 9.071428571428571,
      "gs_avg": 4.950000000000001
    },
    "CBJ": {
      "games_played": 14,
      "xg_sum": 39.32442524411544,
      "hdc_sum": 95.0,
      "gs_sum": 67.62500000000001,
      "xg_avg": 2.808887517436817,
      "hdc_avg": 6.785714285714286,
      "gs_avg": 4.830357142857144
    },
    "BOS": {
      "games_played": 14,
      "xg_sum": 45.10032977079797,
      "hdc_sum": 102.0,
      "gs_sum": 61.97500000000001,
      "xg_avg": 3.2214521264855693,
      "hdc_avg": 7.285714285714286,
      "gs_avg": 4.426785714285715
    },
    "DAL": {
      "games_played": 15,
      "xg_sum": 55.9233583172134,
      "hdc_sum": 115.0,
      "gs_sum": 78.7,
      "xg_avg": 3.7282238878142264,
      "hdc_avg": 7.666666666666667,
      "gs_avg": 5.246666666666667
    },
    "NSH": {
      "games_played": 15,
      "xg_sum": 52.689791049946244,
      "hdc_sum": 114.0,
      "gs_sum": 70.02500000000002,
      "xg_avg": 3.512652736663083,
      "hdc_avg": 7.6,
      "gs_avg": 4.668333333333335
    },
    "STL": {
      "games_played": 13,
      "xg_sum": 34.37563995236956,
      "hdc_sum": 104.0,
      "gs_sum": 56.80000000000002,
      "xg_avg": 2.64427999633612,
      "hdc_avg": 8.0,
      "gs_avg": 4.369230769230771
    },
    "EDM": {
      "games_played": 13,
      "xg_sum": 46.65314926297987,
      "hdc_sum": 134.0,
      "gs_sum": 69.85000000000001,
      "xg_avg": 3.5887037894599905,
      "hdc_avg": 10.307692307692308,
      "gs_avg": 5.3730769230769235
    },
    "LAK": {
      "games_played": 14,
      "xg_sum": 44.881313889145424,
      "hdc_sum": 80.0,
      "gs_sum": 60.10000000000002,
      "xg_avg": 3.205808134938959,
      "hdc_avg": 5.714285714285714,
      "gs_avg": 4.2928571428571445
    },
    "DET": {
      "games_played": 13,
      "xg_sum": 43.10428157992026,
      "hdc_sum": 76.0,
      "gs_sum": 53.7,
      "xg_avg": 3.315713967686174,
      "hdc_avg": 5.846153846153846,
      "gs_avg": 4.130769230769231
    },
    "UTA": {
      "games_played": 14,
      "xg_sum": 42.89285636951843,
      "hdc_sum": 100.0,
      "gs_sum": 60.05,
      "xg_avg": 3.0637754549656018,
      "hdc_avg": 7.142857142857143,
      "gs_avg": 4.289285714285714
    },
    "SVK": {
      "games_played": 3,
      "xg_sum": 0.03779617500000001,
      "hdc_sum": 0.0,
      "gs_sum": 5.250000000000001,
      "xg_avg": 0.012598725000000003,
      "hdc_avg": 0.0,
      "gs_avg": 1.7500000000000002
    },
    "FIN": {
      "games_played": 3,