{
  "season": "2025-2026",
  "generated_at": "2026-03-03T06:06:05.277340",
  "total_games": 414,
  "teams": {
    "BUF": {
      "games_played": 14,
      "xg_sum": 41.37793273697469,
      "hdc_sum": 105.0,
      "gs_sum": 65.42500000000003,
      "xg_avg": 2.955566624069621,
      "hdc_avg": 7.5,
      "gs_avg": 4.6732142857142875
    },
    "CAR": {
      "games_played": 11,
      "xg_sum": 37.00374555991894,
      "hdc_sum": 73.0,
      "gs_sum": 56.57500000000001,
      "xg_avg": 3.36397686908354,
      "hdc_avg": 6.636363636363637,
      "gs_avg": 5.143181818181819
    },
    "WSH": {
      "games_played": 14,
      "xg_sum": 48.793141398151846,
      "hdc_sum": 116.0,
      "gs_sum": 64.37500000000001,
      "xg_avg": 3.4852243855822747,
      "hdc_avg": 8.285714285714286,
      "gs_avg": 4.5982142857142865
    },
    "COL": {
      "games_played": 12,
      "xg_sum": 43.10971046029705,
      "hdc_sum": 80.0,
      "gs_sum": 59.32500000000002,
      "xg_avg": 3.592475871691421,
      "hdc_avg": 6.666666666666667,
      "gs_avg": 4.943750000000001
    },
    "PIT": {
      "games_played": 12,
      "xg_sum": 38.56959744124385,
      "hdc_sum": 102.0,
      "gs_sum": 64.82500000000002,
      "xg_avg": 3.214133120103654,
      "hdc_avg": 8.5,
      "gs_avg": 5.4020833333333345
    },
    "SEA": {
      "games_played": 14,
      "xg_sum": 34.5134597081405,
      "hdc_sum": 102.0,
      "gs_sum": 52.175,
      "xg_avg": 2.465247122010036,
      "hdc_avg": 7.285714285714286,
      "gs_avg": 3.726785714285714
    },
    "SJS": {
      "games_played": 11,
      "xg_sum": 34.12339976577168,
      "hdc_sum": 103.0,
      "gs_sum": 45.70000000000001,
      "xg_avg": 3.102127251433789,
      "hdc_avg": 9.363636363636363,
      "gs_avg": 4.154545454545455
    },
    "FLA": {
      "games_played": 13,
      "xg_sum": 47.9307804176005,
      "hdc_sum": 74.0,
      "gs_sum": 56.90000000000002,
      "xg_avg": 3.6869831090461926,
      "hdc_avg": 5.6923076923076925,
      "gs_avg": 4.376923076923078
    },
    "MIN": {
      "games_played": 12,
      "xg_sum": 39.49479463413106,
      "hdc_sum": 78.0,
      "gs_sum": 61.95000000000001,
      "xg_avg": 3.2912328861775886,
      "hdc_avg": 6.5,
      "gs_avg": 5.1625000000000005
    },
    "TOR": {
      "games_played": 14,
      "xg_sum": 43.58565751615607,
      "hdc_sum": 98.0,
      "gs_sum": 59.600000000000016,
      "xg_avg": 3.1132612511540048,
      "hdc_avg": 7.0,
      "gs_avg": 4.257142857142858
    },
    "PHI": {
      "games_played": 14,
      "xg_sum": 42.2105213080875,
      "hdc_sum": 83.0,
      "gs_sum": 53.725,
      "xg_avg": 3.015037236291964,
      "hdc_avg": 5.928571428571429,
      "gs_avg": 3.8375
    },
    "VGK": {
      "games_played": 13,
      "xg_sum": 43.26328219592279,
      "hdc_sum": 83.0,
      "gs_sum": 58.15000000000001,
      "xg_avg": 3.3279447843017533,
      "hdc_avg": 6.384615384615385,
      "gs_avg": 4.473076923076924
    },
    "WPG": {
      "games_played": 12,
      "xg_sum": 36.714940213367164,
      "hdc_sum": 75.0,
      "gs_sum": 43.52500000000001,
      "xg_avg": 3.0595783511139305,
      "hdc_avg": 6.25,
      "gs_avg": 3.6270833333333345
    },
    "CHI": {
      "games_played": 12,
      "xg_sum": 32.731431020249175,
      "hdc_sum": 72.0,
      "gs_sum": 43.12500000000001,
      "xg_avg": 2.727619251687431,
      "hdc_avg": 6.0,
      "gs_avg": 3.5937500000000004
    },
    "NJD": {
      "games_played": 13,
      "xg_sum": 38.144256587689156,
      "hdc_sum": 96.0,
      "gs_sum": 47.87500000000001,
      "xg_avg": 2.9341735836683966,
      "hdc_avg": 7.384615384615385,
      "gs_avg": 3.6826923076923084
    },
    "CGY": {
      "games_played": 11,
      "xg_sum": 36.77169883508229,
      "hdc_sum": 71.0,
      "gs_sum": 45.0,
      "xg_avg": 3.3428817122802084,
      "hdc_avg": 6.454545454545454,
      "gs_avg": 4.090909090909091
    },
    "NYI": {
      "games_played": 13,
      "xg_sum": 37.702178172949125,
      "hdc_sum": 95.0,
      "gs_sum": 56.875000000000014,
      "xg_avg": 2.900167551765317,
      "hdc_avg": 7.3076923076923075,
      "gs_avg": 4.375000000000001
    },
    "VAN": {
      "games_played": 12,
      "xg_sum": 34.827936092715284,
      "hdc_sum": 64.0,
      "gs_sum": 43.750000000000014,
      "xg_avg": 2.9023280077262736,
      "hdc_avg": 5.333333333333333,
      "gs_avg": 3.6458333333333344
    },
    "NYR": {
      "games_played": 11,
      "xg_sum": 32.62029898944243,
      "hdc_sum": 50.0,
      "gs_sum": 41.70000000000001,
      "xg_avg": 2.9654817263129485,
      "hdc_avg": 4.545454545454546,
      "gs_avg": 3.790909090909092
    },
    "ANA": {
      "games_played": 11,
      "xg_sum": 36.164754653165055,
      "hdc_sum": 89.0,
      "gs_sum": 57.650000000000006,
      "xg_avg": 3.2877049684695505,
      "hdc_avg": 8.090909090909092,
      "gs_avg": 5.240909090909091
    },
    "MTL": {
      "games_played": 10,
      "xg_sum": 32.94702830342763,
      "hdc_sum": 60.0,
      "gs_sum": 50.475000000000016,
      "xg_avg": 3.294702830342763,
      "hdc_avg": 6.0,
      "gs_avg": 5.047500000000001
    },
    "TBL": {
      "games_played": 12,
      "xg_sum": 40.876989751152344,
      "hdc_sum": 121.0,
      "gs_sum": 63.15000000000003,
      "xg_avg": 3.4064158125960287,
      "hdc_avg": 10.083333333333334,
      "gs_avg": 5.262500000000002
    },
    "OTT": {
      "games_played": 11,
      "xg_sum": 35.48641975963411,
      "hdc_sum": 100.0,
      "gs_sum": 51.52500000000001,
      "xg_avg": 3.226038159966737,
      "hdc_avg": 9.090909090909092,
      "gs_avg": 4.68409090909091
    },
    "CBJ": {
      "games_played": 11,
      "xg_sum": 29.235830328775805,
      "hdc_sum": 70.0,
      "gs_sum": 53.00000000000001,
      "xg_avg": 2.657802757161437,
      "hdc_avg": 6.363636363636363,
      "gs_avg": 4.818181818181819
    },
    "BOS": {
      "games_played": 10,
      "xg_sum": 31.11246432795557,
      "hdc_sum": 77.0,
      "gs_sum": 44.300000000000004,
      "xg_avg": 3.111246432795557,
      "hdc_avg": 7.7,
      "gs_avg": 4.430000000000001
    },
    "DAL": {
      "games_played": 12,
      "xg_sum": 43.709918890691554,
      "hdc_sum": 88.0,
      "gs_sum": 61.125,
      "xg_avg": 3.6424932408909627,
      "hdc_avg": 7.333333333333333,
      "gs_avg": 5.09375
    },
    "NSH": {
      "games_played": 12,
      "xg_sum": 41.71983617783149,
      "hdc_sum": 101.0,
      "gs_sum": 56.45000000000002,
      "xg_avg": 3.476653014819291,
      "hdc_avg": 8.416666666666666,
      "gs_avg": 4.704166666666668
    },
    "STL": {
      "games_played": 11,
      "xg_sum": 29.359220596794554,
      "hdc_sum": 93.0,
      "gs_sum": 49.67500000000002,
      "xg_avg": 2.6690200542540503,
      "hdc_avg": 8.454545454545455,
      "gs_avg": 4.515909090909092
    },
    "EDM": {
      "games_played": 11,
      "xg_sum": 40.61559521647037,
      "hdc_sum": 118.0,
      "gs_sum": 60.525000000000006,
      "xg_avg": 3.6923268378609424,
      "hdc_avg": 10.727272727272727,
      "gs_avg": 5.502272727272728
    },
    "LAK": {
      "games_played": 11,
      "xg_sum": 34.797161341219066,
      "hdc_sum": 67.0,
      "gs_sum": 44.975000000000016,
      "xg_avg": 3.1633783037471876,
      "hdc_avg": 6.090909090909091,
      "gs_avg": 4.088636363636365
    },
    "DET": {
      "games_played": 11,
      "xg_sum": 36.351652201720256,
      "hdc_sum": 67.0,
      "gs_sum": 46.074999999999996,
      "xg_avg": 3.3046956547018413,
      "hdc_avg": 6.090909090909091,
      "gs_avg": 4.1886363636363635
    },
    "UTA": {
      "games_played": 11,
      "xg_sum": 33.4831648676797,
      "hdc_sum": 84.0,
      "gs_sum": 45.6,
      "xg_avg": 3.0439240788799724,
      "hdc_avg": 7.636363636363637,
      "gs_avg": 4.1454545454545455
    },
    "SVK": {
      "games_played": 3,
      "xg_sum": 0.03779617500000001,
      "hdc_sum": 0.0,
      "gs_sum": 5.250000000000001,
      "xg_avg": 0.012598725000000003,
      "hdc_avg": 0.0,