{
  "season": "2025-2026",
  "generated_at": "2026-03-01T01:48:11.969488",
  "total_games": 378,
  "teams": {
    "BUF": {
      "games_played": 13,
      "xg_sum": 38.01900102338719,
      "hdc_sum": 92.0,
      "gs_sum": 59.40000000000002,
      "xg_avg": 2.9245385402605533,
      "hdc_avg": 7.076923076923077,
      "gs_avg": 4.569230769230771
    },
    "CAR": {
      "games_played": 9,
      "xg_sum": 30.34093604998939,
      "hdc_sum": 58.0,
      "gs_sum": 45.37500000000001,
      "xg_avg": 3.371215116665488,
      "hdc_avg": 6.444444444444445,
      "gs_avg": 5.041666666666668
    },
    "WSH": {
      "games_played": 13,
      "xg_sum": 44.71290558741435,
      "hdc_sum": 110.0,
      "gs_sum": 60.75000000000001,
      "xg_avg": 3.43945427595495,
      "hdc_avg": 8.461538461538462,
      "gs_avg": 4.673076923076923
    },
    "COL": {
      "games_played": 12,
      "xg_sum": 43.10971046029705,
      "hdc_sum": 80.0,
      "gs_sum": 59.32500000000002,
      "xg_avg": 3.592475871691421,
      "hdc_avg": 6.666666666666667,
      "gs_avg": 4.943750000000001
    },
    "PIT": {
      "games_played": 11,
      "xg_sum": 35.90905111362525,
      "hdc_sum": 98.0,
      "gs_sum": 59.40000000000002,
      "xg_avg": 3.26445919214775,
      "hdc_avg": 8.909090909090908,
      "gs_avg": 5.400000000000002
    },
    "SEA": {
      "games_played": 12,
      "xg_sum": 29.943030505788002,
      "hdc_sum": 88.0,
      "gs_sum": 44.25,
      "xg_avg": 2.495252542149,
      "hdc_avg": 7.333333333333333,
      "gs_avg": 3.6875
    },
    "SJS": {
      "games_played": 10,
      "xg_sum": 30.86586665704668,
      "hdc_sum": 91.0,
      "gs_sum": 41.47500000000001,
      "xg_avg": 3.086586665704668,
      "hdc_avg": 9.1,
      "gs_avg": 4.147500000000001
    },
    "FLA": {
      "games_played": 12,
      "xg_sum": 42.30759985266588,
      "hdc_sum": 73.0,
      "gs_sum": 50.975000000000016,
      "xg_avg": 3.52563332105549,
      "hdc_avg": 6.083333333333333,
      "gs_avg": 4.247916666666668
    },
    "MIN": {
      "games_played": 11,
      "xg_sum": 37.05808341255606,
      "hdc_sum": 73.0,
      "gs_sum": 59.20000000000001,
      "xg_avg": 3.3689166738687324,
      "hdc_avg": 6.636363636363637,
      "gs_avg": 5.381818181818183
    },
    "TOR": {
      "games_played": 12,
      "xg_sum": 39.09142337806857,
      "hdc_sum": 86.0,
      "gs_sum": 52.60000000000001,
      "xg_avg": 3.2576186148390476,
      "hdc_avg": 7.166666666666667,
      "gs_avg": 4.383333333333334
    },
    "PHI": {
      "games_played": 13,
      "xg_sum": 38.435521005041196,
      "hdc_sum": 74.0,
      "gs_sum": 48.550000000000004,
      "xg_avg": 2.956578538849323,
      "hdc_avg": 5.6923076923076925,
      "gs_avg": 3.734615384615385
    },
    "VGK": {
      "games_played": 12,
      "xg_sum": 40.590964707189045,
      "hdc_sum": 81.0,
      "gs_sum": 56.250000000000014,
      "xg_avg": 3.3825803922657536,
      "hdc_avg": 6.75,
      "gs_avg": 4.687500000000001
    },
    "WPG": {
      "games_played": 11,
      "xg_sum": 34.527949849342164,
      "hdc_sum": 69.0,
      "gs_sum": 40.80000000000001,
      "xg_avg": 3.1389045317583784,
      "hdc_avg": 6.2727272727272725,
      "gs_avg": 3.7090909090909103
    },
    "CHI": {
      "games_played": 11,
      "xg_sum": 29.466503422986975,
      "hdc_sum": 68.0,
      "gs_sum": 38.22500000000001,
      "xg_avg": 2.6787730384533615,
      "hdc_avg": 6.181818181818182,
      "gs_avg": 3.475000000000001
    },
    "NJD": {
      "games_played": 13,
      "xg_sum": 38.144256587689156,
      "hdc_sum": 96.0,
      "gs_sum": 47.87500000000001,
      "xg_avg": 2.9341735836683966,
      "hdc_avg": 7.384615384615385,
      "gs_avg": 3.6826923076923084
    },
    "CGY": {
      "games_played": 9,
      "xg_sum": 28.03814647206654,
      "hdc_sum": 55.0,
      "gs_sum": 36.8,
      "xg_avg": 3.1153496080073935,
      "hdc_avg": 6.111111111111111,
      "gs_avg": 4.088888888888889
    },
    "NYI": {
      "games_played": 12,
      "xg_sum": 35.4094844934783,
      "hdc_sum": 87.0,
      "gs_sum": 51.30000000000001,
      "xg_avg": 2.9507903744565254,
      "hdc_avg": 7.25,
      "gs_avg": 4.275000000000001
    },
    "VAN": {
      "games_played": 10,
      "xg_sum": 30.14657709757778,
      "hdc_sum": 58.0,
      "gs_sum": 39.15000000000001,
      "xg_avg": 3.014657709757778,
      "hdc_avg": 5.8,
      "gs_avg": 3.9150000000000014
    },
    "NYR": {
      "games_played": 10,
      "xg_sum": 29.056375059942432,
      "hdc_sum": 47.0,
      "gs_sum": 35.57500000000001,
      "xg_avg": 2.9056375059942434,
      "hdc_avg": 4.7,
      "gs_avg": 3.557500000000001
    },
    "ANA": {
      "games_played": 10,
      "xg_sum": 31.358183421436106,
      "hdc_sum": 71.0,
      "gs_sum": 51.425000000000004,
      "xg_avg": 3.1358183421436108,
      "hdc_avg": 7.1,
      "gs_avg": 5.1425
    },
    "MTL": {
      "games_played": 9,
      "xg_sum": 29.53354651158183,
      "hdc_sum": 55.0,
      "gs_sum": 44.500000000000014,
      "xg_avg": 3.2815051679535365,
      "hdc_avg": 6.111111111111111,
      "gs_avg": 4.944444444444446
    },
    "TBL": {
      "games_played": 11,
      "xg_sum": 37.391753161327344,
      "hdc_sum": 107.0,
      "gs_sum": 59.75000000000002,
      "xg_avg": 3.3992502873933947,
      "hdc_avg": 9.727272727272727,
      "gs_avg": 5.431818181818183
    },
    "OTT": {
      "games_played": 10,
      "xg_sum": 31.81395285002161,
      "hdc_sum": 88.0,
      "gs_sum": 45.30000000000001,
      "xg_avg": 3.181395285002161,
      "hdc_avg": 8.8,
      "gs_avg": 4.530000000000001
    },
    "CBJ": {
      "games_played": 10,
      "xg_sum": 26.839487351963303,
      "hdc_sum": 62.0,
      "gs_sum": 47.025000000000006,
      "xg_avg": 2.6839487351963305,
      "hdc_avg": 6.2,
      "gs_avg": 4.702500000000001
    },
    "BOS": {
      "games_played": 10,
      "xg_sum": 31.11246432795557,
      "hdc_sum": 77.0,
      "gs_sum": 44.300000000000004,
      "xg_avg": 3.111246432795557,
      "hdc_avg": 7.7,
      "gs_avg": 4.430000000000001
    },
    "DAL": {
      "games_played": 10,
      "xg_sum": 35.63391562877305,
      "hdc_sum": 65.0,
      "gs_sum": 49.599999999999994,
      "xg_avg": 3.5633915628773054,
      "hdc_avg": 6.5,
      "gs_avg": 4.959999999999999
    },
    "NSH": {
      "games_played": 10,
      "xg_sum": 35.210412749673985,
      "hdc_sum": 78.0,
      "gs_sum": 48.67500000000001,
      "xg_avg": 3.5210412749673985,
      "hdc_avg": 7.8,
      "gs_avg": 4.8675000000000015
    },
    "STL": {
      "games_played": 10,
      "xg_sum": 27.558433459362053,
      "hdc_sum": 87.0,
      "gs_sum": 45.55000000000002,
      "xg_avg": 2.7558433459362055,
      "hdc_avg": 8.7,
      "gs_avg": 4.5550000000000015
    },
    "EDM": {
      "games_played": 11,
      "xg_sum": 40.61559521647037,
      "hdc_sum": 118.0,
      "gs_sum": 60.525000000000006,
      "xg_avg": 3.6923268378609424,
      "hdc_avg": 10.727272727272727,
      "gs_avg": 5.502272727272728
    },
    "LAK": {
      "games_played": 10,
      "xg_sum": 31.524129230264318,
      "hdc_sum": 57.0,
      "gs_sum": 40.15000000000001,
      "xg_avg": 3.1524129230264317,
      "hdc_avg": 5.7,
      "gs_avg": 4.0150000000000015
    },
    "DET": {
      "games_played": 9,
      "xg_sum": 30.064790887100003,
      "hdc_sum": 55.0,
      "gs_sum": 37.824999999999996,
      "xg_avg": 3.3405323207888893,
      "hdc_avg": 6.111111111111111,
      "gs_avg": 4.2027777777777775
    },
    "UTA": {
      "games_played": 10,
      "xg_sum": 31.063949342579697,
      "hdc_sum": 80.0,
      "gs_sum": 44.050000000000004,
      "xg_avg": 3.1063949342579695,
      "hdc_avg": 8.0,
      "gs_avg": 4.405
    },
    "SVK": {
      "games_played": 3,
      "xg_sum": 0.03779617500000001,
      "hdc_sum": 0.0,
      "gs_sum": 5.250000000000001,
      "xg_avg": 0.012598725000000003,
      "hdc_avg": 0.0,
      "gs_avg": 1.7500000000000002
    },
    "FIN": {
      "games_played": 3,