{
  "season": "2025-2026",
  "generated_at": "2026-04-10T01:59:05.509986",
  "total_games": 378,
  "teams": {
    "SJS": {
      "games_played": 12,
      "xg_sum": 33.856881039952555,
      "hdc_sum": 79.0,
      "gs_sum": 47.850000000000016,
      "xg_avg": 2.8214067533293794,
      "hdc_avg": 6.583333333333333,
      "gs_avg": 3.987500000000001
    },
    "BOS": {
      "games_played": 12,
      "xg_sum": 38.57843664088705,
      "hdc_sum": 116.0,
      "gs_sum": 60.0,
      "xg_avg": 3.2148697200739207,
      "hdc_avg": 9.666666666666666,
      "gs_avg": 5.0
    },
    "WSH": {
      "games_played": 12,
      "xg_sum": 33.33113261222055,
      "hdc_sum": 57.0,
      "gs_sum": 44.475,
      "xg_avg": 2.7775943843517124,
      "hdc_avg": 4.75,
      "gs_avg": 3.7062500000000003
    },
    "BUF": {
      "games_played": 13,
      "xg_sum": 40.84149094842483,
      "hdc_sum": 107.0,
      "gs_sum": 61.95,
      "xg_avg": 3.1416531498788327,
      "hdc_avg": 8.23076923076923,
      "gs_avg": 4.765384615384615
    },
    "ANA": {
      "games_played": 11,
      "xg_sum": 41.235994590633894,
      "hdc_sum": 119.0,
      "gs_sum": 50.42500000000001,
      "xg_avg": 3.7487267809667175,
      "hdc_avg": 10.818181818181818,
      "gs_avg": 4.58409090909091
    },
    "TOR": {
      "games_played": 12,
      "xg_sum": 30.62695937549388,
      "hdc_sum": 61.0,
      "gs_sum": 39.77500000000001,
      "xg_avg": 2.5522466146244898,
      "hdc_avg": 5.083333333333333,
      "gs_avg": 3.3145833333333345
    },
    "DET": {
      "games_played": 11,
      "xg_sum": 33.98115566261421,
      "hdc_sum": 63.0,
      "gs_sum": 48.00000000000001,
      "xg_avg": 3.0891959693285647,
      "hdc_avg": 5.7272727272727275,
      "gs_avg": 4.363636363636364
    },
    "TBL": {
      "games_played": 14,
      "xg_sum": 43.85952252733296,
      "hdc_sum": 104.0,
      "gs_sum": 62.10000000000001,
      "xg_avg": 3.13282303766664,
      "hdc_avg": 7.428571428571429,
      "gs_avg": 4.435714285714286
    },
    "CBJ": {
      "games_played": 13,
      "xg_sum": 43.55687893376476,
      "hdc_sum": 119.0,
      "gs_sum": 57.32500000000002,
      "xg_avg": 3.3505291487511353,
      "hdc_avg": 9.153846153846153,
      "gs_avg": 4.409615384615386
    },
    "FLA": {
      "games_played": 14,
      "xg_sum": 45.77891501500051,
      "hdc_sum": 86.0,
      "gs_sum": 57.324999999999996,
      "xg_avg": 3.269922501071465,
      "hdc_avg": 6.142857142857143,
      "gs_avg": 4.094642857142857
    },
    "CGY": {
      "games_played": 11,
      "xg_sum": 28.89900748675519,
      "hdc_sum": 73.0,
      "gs_sum": 50.00000000000001,
      "xg_avg": 2.6271824987959262,
      "hdc_avg": 6.636363636363637,
      "gs_avg": 4.545454545454546
    },
    "NJD": {
      "games_played": 12,
      "xg_sum": 40.397655356618124,
      "hdc_sum": 114.0,
      "gs_sum": 59.300000000000004,
      "xg_avg": 3.366471279718177,
      "hdc_avg": 9.5,
      "gs_avg": 4.941666666666667
    },
    "STL": {
      "games_played": 10,
      "xg_sum": 28.66877970561165,
      "hdc_sum": 82.0,
      "gs_sum": 40.225000000000016,
      "xg_avg": 2.8668779705611653,
      "hdc_avg": 8.2,
      "gs_avg": 4.022500000000002
    },
    "CAR": {
      "games_played": 11,
      "xg_sum": 43.490607484349084,
      "hdc_sum": 79.0,
      "gs_sum": 60.350000000000016,
      "xg_avg": 3.9536915894862803,
      "hdc_avg": 7.181818181818182,
      "gs_avg": 5.486363636363638
    },
    "EDM": {
      "games_played": 12,
      "xg_sum": 34.75801440810693,
      "hdc_sum": 108.0,
      "gs_sum": 54.07500000000001,
      "xg_avg": 2.8965012006755777,
      "hdc_avg": 9.0,
      "gs_avg": 4.5062500000000005
    },
    "DAL": {
      "games_played": 12,
      "xg_sum": 36.484543992911895,
      "hdc_sum": 81.0,
      "gs_sum": 47.25,
      "xg_avg": 3.0403786660759913,
      "hdc_avg": 6.75,
      "gs_avg": 3.9375
    },
    "PHI": {
      "games_played": 12,
      "xg_sum": 39.465436320182256,
      "hdc_sum": 96.0,
      "gs_sum": 52.95000000000001,
      "xg_avg": 3.288786360015188,
      "hdc_avg": 8.0,
      "gs_avg": 4.4125000000000005
    },
    "MIN": {
      "games_played": 10,
      "xg_sum": 37.987161276560315,
      "hdc_sum": 72.0,
      "gs_sum": 45.275000000000006,
      "xg_avg": 3.7987161276560313,
      "hdc_avg": 7.2,
      "gs_avg": 4.527500000000001
    },
    "NYR": {
      "games_played": 16,
      "xg_sum": 46.547596658222176,
      "hdc_sum": 90.0,
      "gs_sum": 71.875,
      "xg_avg": 2.909224791138886,
      "hdc_avg": 5.625,
      "gs_avg": 4.4921875
    },
    "WPG": {
      "games_played": 12,
      "xg_sum": 34.54796073436326,
      "hdc_sum": 66.0,
      "gs_sum": 54.250000000000014,
      "xg_avg": 2.878996727863605,
      "hdc_avg": 5.5,
      "gs_avg": 4.520833333333335
    },
    "CHI": {
      "games_played": 12,
      "xg_sum": 31.688579325256065,
      "hdc_sum": 77.0,
      "gs_sum": 40.150000000000006,
      "xg_avg": 2.640714943771339,
      "hdc_avg": 6.416666666666667,
      "gs_avg": 3.3458333333333337
    },
    "UTA": {
      "games_played": 10,
      "xg_sum": 34.45096304433573,
      "hdc_sum": 97.0,
      "gs_sum": 50.775000000000006,
      "xg_avg": 3.445096304433573,
      "hdc_avg": 9.7,
      "gs_avg": 5.077500000000001
    },
    "NSH": {
      "games_played": 12,
      "xg_sum": 35.74629569225078,
      "hdc_sum": 79.0,
      "gs_sum": 47.875,
      "xg_avg": 2.978857974354232,
      "hdc_avg": 6.583333333333333,
      "gs_avg": 3.9895833333333335
    },
    "VAN": {
      "games_played": 10,
      "xg_sum": 26.597798799787956,
      "hdc_sum": 50.0,
      "gs_sum": 35.17500000000001,
      "xg_avg": 2.6597798799787955,
      "hdc_avg": 5.0,
      "gs_avg": 3.517500000000001
    },
    "PIT": {
      "games_played": 12,
      "xg_sum": 41.28259197081769,
      "hdc_sum": 115.0,
      "gs_sum": 63.35000000000001,
      "xg_avg": 3.440215997568141,
      "hdc_avg": 9.583333333333334,
      "gs_avg": 5.279166666666668
    },
    "VGK": {
      "games_played": 11,
      "xg_sum": 38.96142103106045,
      "hdc_sum": 75.0,
      "gs_sum": 44.650000000000006,
      "xg_avg": 3.5419473664600414,
      "hdc_avg": 6.818181818181818,
      "gs_avg": 4.0590909090909095
    },
    "COL": {
      "games_played": 11,
      "xg_sum": 42.15496140570639,
      "hdc_sum": 81.0,
      "gs_sum": 58.72500000000001,
      "xg_avg": 3.832269218700581,
      "hdc_avg": 7.363636363636363,
      "gs_avg": 5.338636363636365
    },
    "SEA": {
      "games_played": 12,
      "xg_sum": 31.189923228488237,
      "hdc_sum": 84.0,
      "gs_sum": 46.400000000000006,
      "xg_avg": 2.5991602690406865,
      "hdc_avg": 7.0,
      "gs_avg": 3.866666666666667
    },
    "LAK": {
      "games_played": 10,
      "xg_sum": 33.142582558585104,
      "hdc_sum": 66.0,
      "gs_sum": 47.72500000000001,
      "xg_avg": 3.3142582558585105,
      "hdc_avg": 6.6,
      "gs_avg": 4.772500000000001
    },
    "NYI": {
      "games_played": 12,
      "xg_sum": 42.63723100375689,
      "hdc_sum": 126.0,
      "gs_sum": 54.375000000000014,
      "xg_avg": 3.553102583646407,
      "hdc_avg": 10.5,
      "gs_avg": 4.531250000000001
    },
    "OTT": {
      "games_played": 12,
      "xg_sum": 42.838482783253056,
      "hdc_sum": 117.0,
      "gs_sum": 57.67500000000001,
      "xg_avg": 3.569873565271088,
      "hdc_avg": 9.75,
      "gs_avg": 4.806250000000001
    },
    "MTL": {
      "games_played": 12,
      "xg_sum": 43.207968741010745,
      "hdc_sum": 77.0,
      "gs_sum": 51.92500000000002,
      "xg_avg": 3.6006640617508956,
      "hdc_avg": 6.416666666666667,
      "gs_avg": 4.327083333333335
    }
  }
}