{
  "season": "2025-2026",
  "generated_at": "2026-01-06T05:14:48.751159",
  "total_games": 598,
  "teams": {
    "VGK": {
      "games_played": 30,
      "xg_sum": 97.42763009729876,
      "hdc_sum": 126.0,
      "gs_sum": 131.82500000000005,
      "xg_avg": 3.247587669909959,
      "hdc_avg": 4.2,
      "gs_avg": 4.394166666666668
    },
    "NJD": {
      "games_played": 32,
      "xg_sum": 95.10289732096635,
      "hdc_sum": 150.0,
      "gs_sum": 105.05000000000004,
      "xg_avg": 2.9719655412801984,
      "hdc_avg": 4.6875,
      "gs_avg": 3.2828125000000012
    },
    "BUF": {
      "games_played": 28,
      "xg_sum": 104.50400702981216,
      "hdc_sum": 281.0,
      "gs_sum": 107.525,
      "xg_avg": 3.7322859653504343,
      "hdc_avg": 10.035714285714286,
      "gs_avg": 3.8401785714285714
    },
    "WPG": {
      "games_played": 30,
      "xg_sum": 76.99337181878603,
      "hdc_sum": 145.0,
      "gs_sum": 130.72500000000005,
      "xg_avg": 2.5664457272928676,
      "hdc_avg": 4.833333333333333,
      "gs_avg": 4.357500000000002
    },
    "SJS": {
      "games_played": 27,
      "xg_sum": 67.07305993752975,
      "hdc_sum": 222.0,
      "gs_sum": 89.14999999999996,
      "xg_avg": 2.4841874050936945,
      "hdc_avg": 8.222222222222221,
      "gs_avg": 3.3018518518518505
    },
    "DAL": {
      "games_played": 29,
      "xg_sum": 83.69941975313586,
      "hdc_sum": 103.0,
      "gs_sum": 126.32500000000003,
      "xg_avg": 2.8861868880391675,
      "hdc_avg": 3.5517241379310347,
      "gs_avg": 4.356034482758622
    },
    "UTA": {
      "games_played": 28,
      "xg_sum": 87.22175606621362,
      "hdc_sum": 177.0,
      "gs_sum": 119.34999999999997,
      "xg_avg": 3.115062716650486,
      "hdc_avg": 6.321428571428571,
      "gs_avg": 4.262499999999998
    },
    "VAN": {
      "games_played": 27,
      "xg_sum": 105.1296039378909,
      "hdc_sum": 179.0,
      "gs_sum": 108.7,
      "xg_avg": 3.8936890347367004,
      "hdc_avg": 6.62962962962963,
      "gs_avg": 4.025925925925926
    },
    "WSH": {
      "games_played": 23,
      "xg_sum": 81.39496933925874,
      "hdc_sum": 150.0,
      "gs_sum": 103.225,
      "xg_avg": 3.538911710402554,
      "hdc_avg": 6.521739130434782,
      "gs_avg": 4.488043478260869
    },
    "ANA": {
      "games_played": 25,
      "xg_sum": 97.69730126907191,
      "hdc_sum": 241.0,
      "gs_sum": 141.275,
      "xg_avg": 3.9078920507628765,
      "hdc_avg": 9.64,
      "gs_avg": 5.651
    },
    "COL": {
      "games_played": 16,
      "xg_sum": 61.680261997068605,
      "hdc_sum": 174.0,
      "gs_sum": 93.45,
      "xg_avg": 3.855016374816788,
      "hdc_avg": 10.875,
      "gs_avg": 5.840625
    },
    "NYR": {
      "games_played": 17,
      "xg_sum": 47.734241152343095,
      "hdc_sum": 88.0,
      "gs_sum": 63.825,
      "xg_avg": 2.8078965383731234,
      "hdc_avg": 5.176470588235294,
      "gs_avg": 3.7544117647058823
    },
    "CBJ": {
      "games_played": 13,
      "xg_sum": 40.64097936732205,
      "hdc_sum": 109.0,
      "gs_sum": 60.325,
      "xg_avg": 3.1262291821016963,
      "hdc_avg": 8.384615384615385,
      "gs_avg": 4.640384615384615
    },
    "FLA": {
      "games_played": 15,
      "xg_sum": 49.69908905844936,
      "hdc_sum": 100.0,
      "gs_sum": 71.07500000000002,
      "xg_avg": 3.313272603896624,
      "hdc_avg": 6.666666666666667,
      "gs_avg": 4.738333333333334
    },
    "BOS": {
      "games_played": 12,
      "xg_sum": 35.449988692706995,
      "hdc_sum": 81.0,
      "gs_sum": 48.30000000000001,
      "xg_avg": 2.9541657243922494,
      "hdc_avg": 6.75,
      "gs_avg": 4.025000000000001
    },
    "MTL": {
      "games_played": 16,
      "xg_sum": 54.18051009792677,
      "hdc_sum": 91.0,
      "gs_sum": 73.65,
      "xg_avg": 3.386281881120423,
      "hdc_avg": 5.6875,
      "gs_avg": 4.603125
    },
    "TOR": {
      "games_played": 16,
      "xg_sum": 43.66564352135955,
      "hdc_sum": 107.0,
      "gs_sum": 73.02500000000002,
      "xg_avg": 2.729102720084972,
      "hdc_avg": 6.6875,
      "gs_avg": 4.564062500000001
    },
    "STL": {
      "games_played": 14,
      "xg_sum": 35.21291631317685,
      "hdc_sum": 102.0,
      "gs_sum": 47.92500000000001,
      "xg_avg": 2.5152083080840604,
      "hdc_avg": 7.285714285714286,
      "gs_avg": 3.4232142857142867
    },
    "OTT": {
      "games_played": 14,
      "xg_sum": 49.70012041897482,
      "hdc_sum": 141.0,
      "gs_sum": 69.275,
      "xg_avg": 3.5500086013553442,
      "hdc_avg": 10.071428571428571,
      "gs_avg": 4.948214285714286
    },
    "NYI": {
      "games_played": 15,
      "xg_sum": 43.64063418071168,
      "hdc_sum": 124.0,
      "gs_sum": 61.07500000000001,
      "xg_avg": 2.9093756120474454,
      "hdc_avg": 8.266666666666667,
      "gs_avg": 4.071666666666667
    },
    "TBL": {
      "games_played": 13,
      "xg_sum": 46.043660415607974,
      "hdc_sum": 118.0,
      "gs_sum": 62.025000000000006,
      "xg_avg": 3.541820031969844,
      "hdc_avg": 9.076923076923077,
      "gs_avg": 4.7711538461538465
    },
    "NSH": {
      "games_played": 13,
      "xg_sum": 40.89701867172163,
      "hdc_sum": 98.0,
      "gs_sum": 59.70000000000001,
      "xg_avg": 3.1459245132093563,
      "hdc_avg": 7.538461538461538,
      "gs_avg": 4.592307692307693
    },
    "CAR": {
      "games_played": 16,
      "xg_sum": 59.28694339657489,
      "hdc_sum": 109.0,
      "gs_sum": 80.22500000000002,
      "xg_avg": 3.7054339622859307,
      "hdc_avg": 6.8125,
      "gs_avg": 5.014062500000001
    },
    "CGY": {
      "games_played": 12,
      "xg_sum": 39.271282749372006,
      "hdc_sum": 74.0,
      "gs_sum": 55.45000000000001,
      "xg_avg": 3.2726068957810006,
      "hdc_avg": 6.166666666666667,
      "gs_avg": 4.6208333333333345
    },
    "CHI": {
      "games_played": 17,
      "xg_sum": 43.979145575688946,
      "hdc_sum": 98.0,
      "gs_sum": 63.97500000000001,
      "xg_avg": 2.58700856327582,
      "hdc_avg": 5.764705882352941,
      "gs_avg": 3.7632352941176475
    },
    "LAK": {
      "games_played": 13,
      "xg_sum": 41.31277850633344,
      "hdc_sum": 64.0,
      "gs_sum": 54.8,
      "xg_avg": 3.177906038948726,
      "hdc_avg": 4.923076923076923,
      "gs_avg": 4.2153846153846155
    },
    "EDM": {
      "games_played": 13,
      "xg_sum": 44.59556006136574,
      "hdc_sum": 130.0,
      "gs_sum": 60.650000000000006,
      "xg_avg": 3.4304276970281338,
      "hdc_avg": 10.0,
      "gs_avg": 4.665384615384616
    },
    "DET": {
      "games_played": 15,
      "xg_sum": 43.350840854612066,
      "hdc_sum": 96.0,
      "gs_sum": 64.325,
      "xg_avg": 2.890056056974138,
      "hdc_avg": 6.4,
      "gs_avg": 4.288333333333333
    },
    "SEA": {
      "games_played": 17,
      "xg_sum": 51.63132778104994,
      "hdc_sum": 128.0,
      "gs_sum": 73.25000000000001,
      "xg_avg": 3.0371369282970555,
      "hdc_avg": 7.529411764705882,
      "gs_avg": 4.308823529411765
    },
    "MIN": {
      "games_played": 14,
      "xg_sum": 46.66163017662111,
      "hdc_sum": 112.0,
      "gs_sum": 73.12500000000001,
      "xg_avg": 3.332973584044365,
      "hdc_avg": 8.0,
      "gs_avg": 5.2232142857142865
    },
    "PHI": {
      "games_played": 13,
      "xg_sum": 41.135645724618854,
      "hdc_sum": 80.0,
      "gs_sum": 59.650000000000006,
      "xg_avg": 3.1642804403552964,
      "hdc_avg": 6.153846153846154,
      "gs_avg": 4.588461538461539
    },
    "PIT": {
      "games_played": 15,
      "xg_sum": 52.70788684364704,
      "hdc_sum": 168.0,
      "gs_sum": 78.6,
      "xg_avg": 3.5138591229098024,
      "hdc_avg": 11.2,
      "gs_avg": 5.239999999999999
    }
  }
}