{
  "season": "2025-2026",
  "generated_at": "2026-04-12T01:10:22.121822",
  "total_games": 412,
  "teams": {
    "SJS": {
      "games_played": 13,
      "xg_sum": 35.840573769982555,
      "hdc_sum": 80.0,
      "gs_sum": 50.45000000000002,
      "xg_avg": 2.756967213075581,
      "hdc_avg": 6.153846153846154,
      "gs_avg": 3.880769230769232
    },
    "BOS": {
      "games_played": 13,
      "xg_sum": 41.08778537043349,
      "hdc_sum": 122.0,
      "gs_sum": 62.775,
      "xg_avg": 3.1605988746487297,
      "hdc_avg": 9.384615384615385,
      "gs_avg": 4.828846153846154
    },
    "WSH": {
      "games_played": 13,
      "xg_sum": 36.72942498727165,
      "hdc_sum": 63.0,
      "gs_sum": 51.7,
      "xg_avg": 2.8253403836362807,
      "hdc_avg": 4.846153846153846,
      "gs_avg": 3.976923076923077
    },
    "BUF": {
      "games_played": 13,
      "xg_sum": 40.84149094842483,
      "hdc_sum": 107.0,
      "gs_sum": 61.95,
      "xg_avg": 3.1416531498788327,
      "hdc_avg": 8.23076923076923,
      "gs_avg": 4.765384615384615
    },
    "ANA": {
      "games_played": 12,
      "xg_sum": 43.738713955258895,
      "hdc_sum": 129.0,
      "gs_sum": 57.02500000000001,
      "xg_avg": 3.644892829604908,
      "hdc_avg": 10.75,
      "gs_avg": 4.752083333333334
    },
    "TOR": {
      "games_played": 12,
      "xg_sum": 30.62695937549388,
      "hdc_sum": 61.0,
      "gs_sum": 39.77500000000001,
      "xg_avg": 2.5522466146244898,
      "hdc_avg": 5.083333333333333,
      "gs_avg": 3.3145833333333345
    },
    "DET": {
      "games_played": 12,
      "xg_sum": 36.94677289274171,
      "hdc_sum": 67.0,
      "gs_sum": 52.775000000000006,
      "xg_avg": 3.0788977410618092,
      "hdc_avg": 5.583333333333333,
      "gs_avg": 4.397916666666667
    },
    "TBL": {
      "games_played": 15,
      "xg_sum": 46.56114929995796,
      "hdc_sum": 110.0,
      "gs_sum": 65.75000000000001,
      "xg_avg": 3.104076619997197,
      "hdc_avg": 7.333333333333333,
      "gs_avg": 4.383333333333335
    },
    "CBJ": {
      "games_played": 13,
      "xg_sum": 43.55687893376476,
      "hdc_sum": 119.0,
      "gs_sum": 57.32500000000002,
      "xg_avg": 3.3505291487511353,
      "hdc_avg": 9.153846153846153,
      "gs_avg": 4.409615384615386
    },
    "FLA": {
      "games_played": 14,
      "xg_sum": 45.77891501500051,
      "hdc_sum": 86.0,
      "gs_sum": 57.324999999999996,
      "xg_avg": 3.269922501071465,
      "hdc_avg": 6.142857142857143,
      "gs_avg": 4.094642857142857
    },
    "CGY": {
      "games_played": 12,
      "xg_sum": 31.11048784231769,
      "hdc_sum": 84.0,
      "gs_sum": 53.050000000000004,
      "xg_avg": 2.592540653526474,
      "hdc_avg": 7.0,
      "gs_avg": 4.420833333333333
    },
    "NJD": {
      "games_played": 13,
      "xg_sum": 44.61793960186812,
      "hdc_sum": 124.0,
      "gs_sum": 65.75,
      "xg_avg": 3.432149200143702,
      "hdc_avg": 9.538461538461538,
      "gs_avg": 5.0576923076923075
    },
    "STL": {
      "games_played": 12,
      "xg_sum": 35.39153960516766,
      "hdc_sum": 107.0,
      "gs_sum": 49.55000000000001,
      "xg_avg": 2.949294967097305,
      "hdc_avg": 8.916666666666666,
      "gs_avg": 4.129166666666667
    },
    "CAR": {
      "games_played": 13,
      "xg_sum": 49.72753149318186,
      "hdc_sum": 89.0,
      "gs_sum": 71.67500000000003,
      "xg_avg": 3.825194730244758,
      "hdc_avg": 6.846153846153846,
      "gs_avg": 5.513461538461541
    },
    "EDM": {
      "games_played": 13,
      "xg_sum": 38.16805620106343,
      "hdc_sum": 120.0,
      "gs_sum": 56.90000000000001,
      "xg_avg": 2.936004323158725,
      "hdc_avg": 9.23076923076923,
      "gs_avg": 4.376923076923078
    },
    "DAL": {
      "games_played": 14,
      "xg_sum": 40.94901187111189,
      "hdc_sum": 90.0,
      "gs_sum": 53.449999999999996,
      "xg_avg": 2.924929419365135,
      "hdc_avg": 6.428571428571429,
      "gs_avg": 3.8178571428571426
    },
    "PHI": {
      "games_played": 12,
      "xg_sum": 39.465436320182256,
      "hdc_sum": 96.0,
      "gs_sum": 52.95000000000001,
      "xg_avg": 3.288786360015188,
      "hdc_avg": 8.0,
      "gs_avg": 4.4125000000000005
    },
    "MIN": {
      "games_played": 12,
      "xg_sum": 44.03880668941807,
      "hdc_sum": 84.0,
      "gs_sum": 53.125,
      "xg_avg": 3.6699005574515056,
      "hdc_avg": 7.0,
      "gs_avg": 4.427083333333333
    },
    "NYR": {
      "games_played": 17,
      "xg_sum": 49.14152769678468,
      "hdc_sum": 96.0,
      "gs_sum": 73.725,
      "xg_avg": 2.8906780998108634,
      "hdc_avg": 5.647058823529412,
      "gs_avg": 4.336764705882352
    },
    "WPG": {
      "games_played": 13,
      "xg_sum": 37.74370565996951,
      "hdc_sum": 72.0,
      "gs_sum": 58.67500000000001,
      "xg_avg": 2.903361973843808,
      "hdc_avg": 5.538461538461538,
      "gs_avg": 4.51346153846154
    },
    "CHI": {
      "games_played": 14,
      "xg_sum": 36.29987680459982,
      "hdc_sum": 88.0,
      "gs_sum": 48.650000000000006,
      "xg_avg": 2.5928483431857012,
      "hdc_avg": 6.285714285714286,
      "gs_avg": 3.4750000000000005
    },
    "UTA": {
      "games_played": 12,
      "xg_sum": 40.70246028722423,
      "hdc_sum": 117.0,
      "gs_sum": 58.85000000000001,
      "xg_avg": 3.3918716906020188,
      "hdc_avg": 9.75,
      "gs_avg": 4.904166666666668
    },
    "NSH": {
      "games_played": 14,
      "xg_sum": 41.94152444740028,
      "hdc_sum": 96.0,
      "gs_sum": 54.25,
      "xg_avg": 2.995823174814306,
      "hdc_avg": 6.857142857142857,
      "gs_avg": 3.875
    },
    "VAN": {
      "games_played": 11,
      "xg_sum": 29.704149235475455,
      "hdc_sum": 58.0,
      "gs_sum": 38.32500000000001,
      "xg_avg": 2.7003772032250413,
      "hdc_avg": 5.2727272727272725,
      "gs_avg": 3.48409090909091
    },
    "PIT": {
      "games_played": 13,
      "xg_sum": 43.09990464503466,
      "hdc_sum": 119.0,
      "gs_sum": 66.72500000000001,
      "xg_avg": 3.3153772803872816,
      "hdc_avg": 9.153846153846153,
      "gs_avg": 5.1326923076923086
    },
    "VGK": {
      "games_played": 12,
      "xg_sum": 42.61131253052295,
      "hdc_sum": 80.0,
      "gs_sum": 50.87500000000001,
      "xg_avg": 3.5509427108769125,
      "hdc_avg": 6.666666666666667,
      "gs_avg": 4.239583333333334
    },
    "COL": {
      "games_played": 12,
      "xg_sum": 47.04060757365639,
      "hdc_sum": 93.0,
      "gs_sum": 64.525,
      "xg_avg": 3.9200506311380323,
      "hdc_avg": 7.75,
      "gs_avg": 5.377083333333334
    },
    "SEA": {
      "games_played": 13,
      "xg_sum": 34.35634229586778,
      "hdc_sum": 99.0,
      "gs_sum": 53.32500000000001,
      "xg_avg": 2.642795561220599,
      "hdc_avg": 7.615384615384615,
      "gs_avg": 4.101923076923078
    },
    "LAK": {
      "games_played": 12,
      "xg_sum": 38.476149939112204,
      "hdc_sum": 78.0,
      "gs_sum": 55.67500000000001,
      "xg_avg": 3.20634582825935,
      "hdc_avg": 6.5,
      "gs_avg": 4.639583333333334
    },
    "NYI": {
      "games_played": 13,
      "xg_sum": 46.01136928277589,
      "hdc_sum": 135.0,
      "gs_sum": 56.000000000000014,
      "xg_avg": 3.539336098675068,
      "hdc_avg": 10.384615384615385,
      "gs_avg": 4.307692307692308
    },
    "OTT": {
      "games_played": 13,
      "xg_sum": 44.857189234378055,
      "hdc_sum": 119.0,
      "gs_sum": 60.65000000000001,
      "xg_avg": 3.450553018029081,
      "hdc_avg": 9.153846153846153,
      "gs_avg": 4.665384615384617
    },
    "MTL": {
      "games_played": 12,
      "xg_sum": 43.207968741010745,
      "hdc_sum": 77.0,
      "gs_sum": 51.92500000000002,
      "xg_avg": 3.6006640617508956,
      "hdc_avg": 6.416666666666667,
      "gs_avg": 4.327083333333335
    }
  }
}