{
  "season": "2025-2026",
  "generated_at": "2026-03-01T06:08:01.938021",
  "total_games": 392,
  "teams": {
    "BUF": {
      "games_played": 14,
      "xg_sum": 41.37793273697469,
      "hdc_sum": 105.0,
      "gs_sum": 65.42500000000003,
      "xg_avg": 2.955566624069621,
      "hdc_avg": 7.5,
      "gs_avg": 4.6732142857142875
    },
    "CAR": {
      "games_played": 10,
      "xg_sum": 33.939542568706436,
      "hdc_sum": 67.0,
      "gs_sum": 52.35000000000001,
      "xg_avg": 3.393954256870644,
      "hdc_avg": 6.7,
      "gs_avg": 5.235000000000001
    },
    "WSH": {
      "games_played": 14,
      "xg_sum": 48.793141398151846,
      "hdc_sum": 116.0,
      "gs_sum": 64.37500000000001,
      "xg_avg": 3.4852243855822747,
      "hdc_avg": 8.285714285714286,
      "gs_avg": 4.5982142857142865
    },
    "COL": {
      "games_played": 12,
      "xg_sum": 43.10971046029705,
      "hdc_sum": 80.0,
      "gs_sum": 59.32500000000002,
      "xg_avg": 3.592475871691421,
      "hdc_avg": 6.666666666666667,
      "gs_avg": 4.943750000000001
    },
    "PIT": {
      "games_played": 11,
      "xg_sum": 35.90905111362525,
      "hdc_sum": 98.0,
      "gs_sum": 59.40000000000002,
      "xg_avg": 3.26445919214775,
      "hdc_avg": 8.909090909090908,
      "gs_avg": 5.400000000000002
    },
    "SEA": {
      "games_played": 13,
      "xg_sum": 32.976488590488,
      "hdc_sum": 97.0,
      "gs_sum": 49.5,
      "xg_avg": 2.536652968499077,
      "hdc_avg": 7.461538461538462,
      "gs_avg": 3.8076923076923075
    },
    "SJS": {
      "games_played": 10,
      "xg_sum": 30.86586665704668,
      "hdc_sum": 91.0,
      "gs_sum": 41.47500000000001,
      "xg_avg": 3.086586665704668,
      "hdc_avg": 9.1,
      "gs_avg": 4.147500000000001
    },
    "FLA": {
      "games_played": 12,
      "xg_sum": 42.30759985266588,
      "hdc_sum": 73.0,
      "gs_sum": 50.975000000000016,
      "xg_avg": 3.52563332105549,
      "hdc_avg": 6.083333333333333,
      "gs_avg": 4.247916666666668
    },
    "MIN": {
      "games_played": 11,
      "xg_sum": 37.05808341255606,
      "hdc_sum": 73.0,
      "gs_sum": 59.20000000000001,
      "xg_avg": 3.3689166738687324,
      "hdc_avg": 6.636363636363637,
      "gs_avg": 5.381818181818183
    },
    "TOR": {
      "games_played": 13,
      "xg_sum": 40.96793069036857,
      "hdc_sum": 91.0,
      "gs_sum": 54.77500000000001,
      "xg_avg": 3.151379283874505,
      "hdc_avg": 7.0,
      "gs_avg": 4.213461538461539
    },
    "PHI": {
      "games_played": 13,
      "xg_sum": 38.435521005041196,
      "hdc_sum": 74.0,
      "gs_sum": 48.550000000000004,
      "xg_avg": 2.956578538849323,
      "hdc_avg": 5.6923076923076925,
      "gs_avg": 3.734615384615385
    },
    "VGK": {
      "games_played": 12,
      "xg_sum": 40.590964707189045,
      "hdc_sum": 81.0,
      "gs_sum": 56.250000000000014,
      "xg_avg": 3.3825803922657536,
      "hdc_avg": 6.75,
      "gs_avg": 4.687500000000001
    },
    "WPG": {
      "games_played": 11,
      "xg_sum": 34.527949849342164,
      "hdc_sum": 69.0,
      "gs_sum": 40.80000000000001,
      "xg_avg": 3.1389045317583784,
      "hdc_avg": 6.2727272727272725,
      "gs_avg": 3.7090909090909103
    },
    "CHI": {
      "games_played": 11,
      "xg_sum": 29.466503422986975,
      "hdc_sum": 68.0,
      "gs_sum": 38.22500000000001,
      "xg_avg": 2.6787730384533615,
      "hdc_avg": 6.181818181818182,
      "gs_avg": 3.475000000000001
    },
    "NJD": {
      "games_played": 13,
      "xg_sum": 38.144256587689156,
      "hdc_sum": 96.0,
      "gs_sum": 47.87500000000001,
      "xg_avg": 2.9341735836683966,
      "hdc_avg": 7.384615384615385,
      "gs_avg": 3.6826923076923084
    },
    "CGY": {
      "games_played": 10,
      "xg_sum": 31.34929652581654,
      "hdc_sum": 60.0,
      "gs_sum": 40.175,
      "xg_avg": 3.134929652581654,
      "hdc_avg": 6.0,
      "gs_avg": 4.0175
    },
    "NYI": {
      "games_played": 12,
      "xg_sum": 35.4094844934783,
      "hdc_sum": 87.0,
      "gs_sum": 51.30000000000001,
      "xg_avg": 2.9507903744565254,
      "hdc_avg": 7.25,
      "gs_avg": 4.275000000000001
    },
    "VAN": {
      "games_played": 11,
      "xg_sum": 33.45025398334028,
      "hdc_sum": 64.0,
      "gs_sum": 41.875000000000014,
      "xg_avg": 3.040932180303662,
      "hdc_avg": 5.818181818181818,
      "gs_avg": 3.806818181818183
    },
    "NYR": {
      "games_played": 10,
      "xg_sum": 29.056375059942432,
      "hdc_sum": 47.0,
      "gs_sum": 35.57500000000001,
      "xg_avg": 2.9056375059942434,
      "hdc_avg": 4.7,
      "gs_avg": 3.557500000000001
    },
    "ANA": {
      "games_played": 10,
      "xg_sum": 31.358183421436106,
      "hdc_sum": 71.0,
      "gs_sum": 51.425000000000004,
      "xg_avg": 3.1358183421436108,
      "hdc_avg": 7.1,
      "gs_avg": 5.1425
    },
    "MTL": {
      "games_played": 10,
      "xg_sum": 32.94702830342763,
      "hdc_sum": 60.0,
      "gs_sum": 50.475000000000016,
      "xg_avg": 3.294702830342763,
      "hdc_avg": 6.0,
      "gs_avg": 5.047500000000001
    },
    "TBL": {
      "games_played": 12,
      "xg_sum": 40.876989751152344,
      "hdc_sum": 121.0,
      "gs_sum": 63.15000000000003,
      "xg_avg": 3.4064158125960287,
      "hdc_avg": 10.083333333333334,
      "gs_avg": 5.262500000000002
    },
    "OTT": {
      "games_played": 11,
      "xg_sum": 35.48641975963411,
      "hdc_sum": 100.0,
      "gs_sum": 51.52500000000001,
      "xg_avg": 3.226038159966737,
      "hdc_avg": 9.090909090909092,
      "gs_avg": 4.68409090909091
    },
    "CBJ": {
      "games_played": 10,
      "xg_sum": 26.839487351963303,
      "hdc_sum": 62.0,
      "gs_sum": 47.025000000000006,
      "xg_avg": 2.6839487351963305,
      "hdc_avg": 6.2,
      "gs_avg": 4.702500000000001
    },
    "BOS": {
      "games_played": 10,
      "xg_sum": 31.11246432795557,
      "hdc_sum": 77.0,
      "gs_sum": 44.300000000000004,
      "xg_avg": 3.111246432795557,
      "hdc_avg": 7.7,
      "gs_avg": 4.430000000000001
    },
    "DAL": {
      "games_played": 11,
      "xg_sum": 38.941358598723056,
      "hdc_sum": 70.0,
      "gs_sum": 53.8,
      "xg_avg": 3.540123508974823,
      "hdc_avg": 6.363636363636363,
      "gs_avg": 4.890909090909091
    },
    "NSH": {
      "games_played": 11,
      "xg_sum": 37.65880170274899,
      "hdc_sum": 86.0,
      "gs_sum": 52.100000000000016,
      "xg_avg": 3.4235274275226355,
      "hdc_avg": 7.818181818181818,
      "gs_avg": 4.736363636363638
    },
    "STL": {
      "games_played": 10,
      "xg_sum": 27.558433459362053,
      "hdc_sum": 87.0,
      "gs_sum": 45.55000000000002,
      "xg_avg": 2.7558433459362055,
      "hdc_avg": 8.7,
      "gs_avg": 4.5550000000000015
    },
    "EDM": {
      "games_played": 11,
      "xg_sum": 40.61559521647037,
      "hdc_sum": 118.0,
      "gs_sum": 60.525000000000006,
      "xg_avg": 3.6923268378609424,
      "hdc_avg": 10.727272727272727,
      "gs_avg": 5.502272727272728
    },
    "LAK": {
      "games_played": 11,
      "xg_sum": 34.797161341219066,
      "hdc_sum": 67.0,
      "gs_sum": 44.975000000000016,
      "xg_avg": 3.1633783037471876,
      "hdc_avg": 6.090909090909091,
      "gs_avg": 4.088636363636365
    },
    "DET": {
      "games_played": 10,
      "xg_sum": 32.70997196375775,
      "hdc_sum": 59.0,
      "gs_sum": 41.099999999999994,
      "xg_avg": 3.270997196375775,
      "hdc_avg": 5.9,
      "gs_avg": 4.109999999999999
    },
    "UTA": {
      "games_played": 10,
      "xg_sum": 31.063949342579697,
      "hdc_sum": 80.0,
      "gs_sum": 44.050000000000004,
      "xg_avg": 3.1063949342579695,
      "hdc_avg": 8.0,
      "gs_avg": 4.405
    },
    "SVK": {
      "games_played": 3,
      "xg_sum": 0.03779617500000001,
      "hdc_sum": 0.0,
      "gs_sum": 5.250000000000001,
      "xg_avg": 0.012598725000000003,
      "hdc_avg": 0.0,
      "gs_avg": 1.7500000000000002
    },
    "FIN": {
      "games_played": 3,