{
  "season": "2025-2026",
  "generated_at": "2025-12-14T03:24:56.230624",
  "total_games": 282,
  "teams": {
    "VGK": {
      "games_played": 22,
      "xg_sum": 69.76498114124627,
      "hdc_sum": 73.0,
      "gs_sum": 95.17500000000001,
      "xg_avg": 3.171135506420285,
      "hdc_avg": 3.3181818181818183,
      "gs_avg": 4.326136363636365
    },
    "NJD": {
      "games_played": 22,
      "xg_sum": 60.8908957121804,
      "hdc_sum": 68.0,
      "gs_sum": 68.20000000000002,
      "xg_avg": 2.767767986917291,
      "hdc_avg": 3.090909090909091,
      "gs_avg": 3.100000000000001
    },
    "BUF": {
      "games_played": 20,
      "xg_sum": 81.88316994543753,
      "hdc_sum": 221.0,
      "gs_sum": 70.275,
      "xg_avg": 4.094158497271876,
      "hdc_avg": 11.05,
      "gs_avg": 3.5137500000000004
    },
    "WPG": {
      "games_played": 21,
      "xg_sum": 48.65715518939549,
      "hdc_sum": 103.0,
      "gs_sum": 92.30000000000004,
      "xg_avg": 2.317007389971214,
      "hdc_avg": 4.904761904761905,
      "gs_avg": 4.395238095238097
    },
    "SJS": {
      "games_played": 20,
      "xg_sum": 43.2929637852895,
      "hdc_sum": 144.0,
      "gs_sum": 55.399999999999984,
      "xg_avg": 2.164648189264475,
      "hdc_avg": 7.2,
      "gs_avg": 2.769999999999999
    },
    "DAL": {
      "games_played": 19,
      "xg_sum": 52.89347818653603,
      "hdc_sum": 38.0,
      "gs_sum": 80.32500000000002,
      "xg_avg": 2.7838672729755807,
      "hdc_avg": 2.0,
      "gs_avg": 4.22763157894737
    },
    "UTA": {
      "games_played": 18,
      "xg_sum": 54.134576837014436,
      "hdc_sum": 104.0,
      "gs_sum": 74.32499999999999,
      "xg_avg": 3.0074764909452463,
      "hdc_avg": 5.777777777777778,
      "gs_avg": 4.129166666666666
    },
    "VAN": {
      "games_played": 17,
      "xg_sum": 77.55176307993528,
      "hdc_sum": 126.0,
      "gs_sum": 66.89999999999999,
      "xg_avg": 4.5618684164667815,
      "hdc_avg": 7.411764705882353,
      "gs_avg": 3.935294117647058
    },
    "WSH": {
      "games_played": 13,
      "xg_sum": 47.670849265066025,
      "hdc_sum": 83.0,
      "gs_sum": 58.199999999999996,
      "xg_avg": 3.6669884050050787,
      "hdc_avg": 6.384615384615385,
      "gs_avg": 4.476923076923077
    },
    "ANA": {
      "games_played": 14,
      "xg_sum": 58.93534927914002,
      "hdc_sum": 128.0,
      "gs_sum": 92.125,
      "xg_avg": 4.209667805652859,
      "hdc_avg": 9.142857142857142,
      "gs_avg": 6.580357142857143
    },
    "COL": {
      "games_played": 7,
      "xg_sum": 26.13000957475351,
      "hdc_sum": 88.0,
      "gs_sum": 42.32500000000001,
      "xg_avg": 3.732858510679073,
      "hdc_avg": 12.571428571428571,
      "gs_avg": 6.046428571428573
    },
    "NYR": {
      "games_played": 7,
      "xg_sum": 18.893119652540484,
      "hdc_sum": 29.0,
      "gs_sum": 26.275,
      "xg_avg": 2.699017093220069,
      "hdc_avg": 4.142857142857143,
      "gs_avg": 3.7535714285714286
    },
    "CBJ": {
      "games_played": 5,
      "xg_sum": 13.088210451051001,
      "hdc_sum": 35.0,
      "gs_sum": 20.825000000000003,
      "xg_avg": 2.6176420902102002,
      "hdc_avg": 7.0,
      "gs_avg": 4.165000000000001
    },
    "FLA": {
      "games_played": 4,
      "xg_sum": 14.614164915414051,
      "hdc_sum": 26.0,
      "gs_sum": 22.900000000000002,
      "xg_avg": 3.6535412288535127,
      "hdc_avg": 6.5,
      "gs_avg": 5.7250000000000005
    },
    "BOS": {
      "games_played": 3,
      "xg_sum": 8.846787529975,
      "hdc_sum": 22.0,
      "gs_sum": 17.225,
      "xg_avg": 2.9489291766583334,
      "hdc_avg": 7.333333333333333,
      "gs_avg": 5.741666666666667
    },
    "MTL": {
      "games_played": 5,
      "xg_sum": 16.767000200368056,
      "hdc_sum": 34.0,
      "gs_sum": 21.175,
      "xg_avg": 3.3534000400736113,
      "hdc_avg": 6.8,
      "gs_avg": 4.235
    },
    "TOR": {
      "games_played": 4,
      "xg_sum": 9.663339931751425,
      "hdc_sum": 21.0,
      "gs_sum": 14.675000000000004,
      "xg_avg": 2.4158349829378563,
      "hdc_avg": 5.25,
      "gs_avg": 3.668750000000001
    },
    "STL": {
      "games_played": 5,
      "xg_sum": 11.348309000204043,
      "hdc_sum": 31.0,
      "gs_sum": 17.575000000000003,
      "xg_avg": 2.269661800040809,
      "hdc_avg": 6.2,
      "gs_avg": 3.5150000000000006
    },
    "OTT": {
      "games_played": 4,
      "xg_sum": 14.756555113830851,
      "hdc_sum": 40.0,
      "gs_sum": 20.400000000000006,
      "xg_avg": 3.6891387784577128,
      "hdc_avg": 10.0,
      "gs_avg": 5.100000000000001
    },
    "NYI": {
      "games_played": 5,
      "xg_sum": 12.484345260620048,
      "hdc_sum": 36.0,
      "gs_sum": 21.825000000000003,
      "xg_avg": 2.4968690521240093,
      "hdc_avg": 7.2,
      "gs_avg": 4.365
    },
    "TBL": {
      "games_played": 5,
      "xg_sum": 18.812916014461624,
      "hdc_sum": 50.0,
      "gs_sum": 25.175,
      "xg_avg": 3.762583202892325,
      "hdc_avg": 10.0,
      "gs_avg": 5.035
    },
    "NSH": {
      "games_played": 3,
      "xg_sum": 10.260352882691503,
      "hdc_sum": 30.0,
      "gs_sum": 14.950000000000003,
      "xg_avg": 3.4201176275638345,
      "hdc_avg": 10.0,
      "gs_avg": 4.983333333333334
    },
    "CAR": {
      "games_played": 5,
      "xg_sum": 20.949186731420625,
      "hdc_sum": 42.0,
      "gs_sum": 27.875000000000007,
      "xg_avg": 4.189837346284125,
      "hdc_avg": 8.4,
      "gs_avg": 5.575000000000001
    },
    "CGY": {
      "games_played": 3,
      "xg_sum": 9.685540922675004,
      "hdc_sum": 20.0,
      "gs_sum": 14.949999999999998,
      "xg_avg": 3.228513640891668,
      "hdc_avg": 6.666666666666667,
      "gs_avg": 4.9833333333333325
    },
    "CHI": {
      "games_played": 4,
      "xg_sum": 6.3312347897037515,
      "hdc_sum": 16.0,
      "gs_sum": 11.475,
      "xg_avg": 1.5828086974259379,
      "hdc_avg": 4.0,
      "gs_avg": 2.86875
    },
    "LAK": {
      "games_played": 3,
      "xg_sum": 9.515296178944302,
      "hdc_sum": 16.0,
      "gs_sum": 14.575000000000001,
      "xg_avg": 3.1717653929814342,
      "hdc_avg": 5.333333333333333,
      "gs_avg": 4.858333333333333
    },
    "EDM": {
      "games_played": 4,
      "xg_sum": 13.379044254870855,
      "hdc_sum": 45.0,
      "gs_sum": 22.900000000000002,
      "xg_avg": 3.344761063717714,
      "hdc_avg": 11.25,
      "gs_avg": 5.7250000000000005
    },
    "DET": {
      "games_played": 4,
      "xg_sum": 11.542322357934601,
      "hdc_sum": 33.0,
      "gs_sum": 16.800000000000004,
      "xg_avg": 2.8855805894836504,
      "hdc_avg": 8.25,
      "gs_avg": 4.200000000000001
    },
    "SEA": {
      "games_played": 4,
      "xg_sum": 13.723179242541024,
      "hdc_sum": 28.0,
      "gs_sum": 17.925000000000004,
      "xg_avg": 3.430794810635256,
      "hdc_avg": 7.0,
      "gs_avg": 4.481250000000001
    },
    "MIN": {
      "games_played": 4,
      "xg_sum": 14.5333550768889,
      "hdc_sum": 39.0,
      "gs_sum": 18.5,
      "xg_avg": 3.633338769222225,
      "hdc_avg": 9.75,
      "gs_avg": 4.625
    },
    "PHI": {
      "games_played": 4,
      "xg_sum": 11.00795352187965,
      "hdc_sum": 18.0,
      "gs_sum": 16.225,
      "xg_avg": 2.7519883804699123,
      "hdc_avg": 4.5,
      "gs_avg": 4.05625
    },
    "PIT": {
      "games_played": 4,
      "xg_sum": 17.353996284525007,
      "hdc_sum": 58.0,
      "gs_sum": 22.525000000000006,
      "xg_avg": 4.338499071131252,
      "hdc_avg": 14.5,
      "gs_avg": 5.631250000000001
    }
  }
}