{
  "season": "2025-2026",
  "generated_at": "2025-12-06T19:47:40.082535",
  "total_games": 68,
  "teams": {
    "VGK": {
      "games_played": 9,
      "xg_sum": 28.406194869505498,
      "hdc_sum": 27.0,
      "gs_sum": 38.25000000000001,
      "xg_avg": 3.1562438743895,
      "hdc_avg": 3.0,
      "gs_avg": 4.250000000000001
    },
    "NJD": {
      "games_played": 9,
      "xg_sum": 23.0616185551875,
      "hdc_sum": 18.0,
      "gs_sum": 24.299999999999997,
      "xg_avg": 2.5624020616875,
      "hdc_avg": 2.0,
      "gs_avg": 2.6999999999999997
    },
    "BUF": {
      "games_played": 9,
      "xg_sum": 39.11520623332501,
      "hdc_sum": 108.0,
      "gs_sum": 30.600000000000012,
      "xg_avg": 4.346134025925001,
      "hdc_avg": 12.0,
      "gs_avg": 3.4000000000000012
    },
    "WPG": {
      "games_played": 9,
      "xg_sum": 18.308195059387497,
      "hdc_sum": 45.0,
      "gs_sum": 38.92500000000002,
      "xg_avg": 2.0342438954874997,
      "hdc_avg": 5.0,
      "gs_avg": 4.325000000000002
    },
    "SJS": {
      "games_played": 8,
      "xg_sum": 15.3534036442,
      "hdc_sum": 56.0,
      "gs_sum": 18.799999999999986,
      "xg_avg": 1.919175455525,
      "hdc_avg": 7.0,
      "gs_avg": 2.3499999999999983
    },
    "DAL": {
      "games_played": 8,
      "xg_sum": 22.118616891100007,
      "hdc_sum": 8.0,
      "gs_sum": 34.00000000000001,
      "xg_avg": 2.764827111387501,
      "hdc_avg": 1.0,
      "gs_avg": 4.250000000000001
    },
    "UTA": {
      "games_played": 6,
      "xg_sum": 16.309074418649995,
      "hdc_sum": 30.0,
      "gs_sum": 24.300000000000004,
      "xg_avg": 2.7181790697749992,
      "hdc_avg": 5.0,
      "gs_avg": 4.050000000000001
    },
    "VAN": {
      "games_played": 6,
      "xg_sum": 28.062744016564697,
      "hdc_sum": 48.0,
      "gs_sum": 23.025,
      "xg_avg": 4.677124002760783,
      "hdc_avg": 8.0,
      "gs_avg": 3.8375
    },
    "WSH": {
      "games_played": 2,
      "xg_sum": 7.717106682495705,
      "hdc_sum": 12.0,
      "gs_sum": 9.499999999999998,
      "xg_avg": 3.8585533412478523,
      "hdc_avg": 6.0,
      "gs_avg": 4.749999999999999
    },
    "ANA": {
      "games_played": 2,
      "xg_sum": 8.740410309530002,
      "hdc_sum": 20.0,
      "gs_sum": 14.100000000000001,
      "xg_avg": 4.370205154765001,
      "hdc_avg": 10.0,
      "gs_avg": 7.050000000000001
    }
  }
}