{
  "season": "2025-2026",
  "generated_at": "2026-01-21T02:59:18.708528",
  "total_games": 26,
  "teams": {
    "BUF": {
      "games_played": 1,
      "xg_sum": 2.049049472875,
      "hdc_sum": 8.0,
      "gs_sum": 1.7999999999999998,
      "xg_avg": 2.049049472875,
      "hdc_avg": 8.0,
      "gs_avg": 1.7999999999999998
    },
    "CAR": {
      "games_played": 1,
      "xg_sum": 2.8830115947325012,
      "hdc_sum": 5.0,
      "gs_sum": 3.600000000000001,
      "xg_avg": 2.8830115947325012,
      "hdc_avg": 5.0,
      "gs_avg": 3.600000000000001
    },
    "WSH": {
      "games_played": 1,
      "xg_sum": 2.9066973967875,
      "hdc_sum": 9.0,
      "gs_sum": 2.85,
      "xg_avg": 2.9066973967875,
      "hdc_avg": 9.0,
      "gs_avg": 2.85
    },
    "COL": {
      "games_played": 1,
      "xg_sum": 4.597132078129502,
      "hdc_sum": 10.0,
      "gs_sum": 7.125,
      "xg_avg": 4.597132078129502,
      "hdc_avg": 10.0,
      "gs_avg": 7.125
    },
    "PIT": {
      "games_played": 1,
      "xg_sum": 2.7887618365750013,
      "hdc_sum": 8.0,
      "gs_sum": 6.8,
      "xg_avg": 2.7887618365750013,
      "hdc_avg": 8.0,
      "gs_avg": 6.8
    },
    "SEA": {
      "games_played": 1,
      "xg_sum": 2.9346488698125004,
      "hdc_sum": 9.0,
      "gs_sum": 3.8000000000000007,
      "xg_avg": 2.9346488698125004,
      "hdc_avg": 9.0,
      "gs_avg": 3.8000000000000007
    },
    "SJS": {
      "games_played": 2,
      "xg_sum": 5.1586943882455,
      "hdc_sum": 12.0,
      "gs_sum": 7.450000000000003,
      "xg_avg": 2.57934719412275,
      "hdc_avg": 6.0,
      "gs_avg": 3.7250000000000014
    },
    "FLA": {
      "games_played": 1,
      "xg_sum": 3.7015363920374997,
      "hdc_sum": 2.0,
      "gs_sum": 3.175000000000001,
      "xg_avg": 3.7015363920374997,
      "hdc_avg": 2.0,
      "gs_avg": 3.175000000000001
    },
    "MIN": {
      "games_played": 2,
      "xg_sum": 6.070839178354002,
      "hdc_sum": 14.0,
      "gs_sum": 10.950000000000003,
      "xg_avg": 3.035419589177001,
      "hdc_avg": 7.0,
      "gs_avg": 5.475000000000001
    },
    "TOR": {
      "games_played": 1,
      "xg_sum": 3.169171967321304,
      "hdc_sum": 3.0,
      "gs_sum": 4.475000000000001,
      "xg_avg": 3.169171967321304,
      "hdc_avg": 3.0,
      "gs_avg": 4.475000000000001
    },
    "PHI": {
      "games_played": 1,
      "xg_sum": 2.0974077610625,
      "hdc_sum": 4.0,
      "gs_sum": 2.2249999999999996,
      "xg_avg": 2.0974077610625,
      "hdc_avg": 4.0,
      "gs_avg": 2.2249999999999996
    },
    "VGK": {
      "games_played": 1,
      "xg_sum": 3.6852412885125,
      "hdc_sum": 6.0,
      "gs_sum": 3.3,
      "xg_avg": 3.6852412885125,
      "hdc_avg": 6.0,
      "gs_avg": 3.3
    },
    "WPG": {
      "games_played": 1,
      "xg_sum": 5.033929760830824,
      "hdc_sum": 10.0,
      "gs_sum": 2.749999999999999,
      "xg_avg": 5.033929760830824,
      "hdc_avg": 10.0,
      "gs_avg": 2.749999999999999
    },
    "CHI": {
      "games_played": 1,
      "xg_sum": 2.3656422143875004,
      "hdc_sum": 3.0,
      "gs_sum": 3.5500000000000003,
      "xg_avg": 2.3656422143875004,
      "hdc_avg": 3.0,
      "gs_avg": 3.5500000000000003
    },
    "NJD": {
      "games_played": 1,
      "xg_sum": 2.6454689269375016,
      "hdc_sum": 7.0,
      "gs_sum": 3.775000000000001,
      "xg_avg": 2.6454689269375016,
      "hdc_avg": 7.0,
      "gs_avg": 3.775000000000001
    },
    "CGY": {
      "games_played": 1,
      "xg_sum": 1.7915052965810996,
      "hdc_sum": 4.0,
      "gs_sum": 2.675000000000001,
      "xg_avg": 1.7915052965810996,
      "hdc_avg": 4.0,
      "gs_avg": 2.675000000000001
    },
    "NYI": {
      "games_played": 1,
      "xg_sum": 3.4066115640750008,
      "hdc_sum": 7.0,
      "gs_sum": 5.300000000000002,
      "xg_avg": 3.4066115640750008,
      "hdc_avg": 7.0,
      "gs_avg": 5.300000000000002
    },
    "VAN": {
      "games_played": 1,
      "xg_sum": 4.819658252092301,
      "hdc_sum": 10.0,
      "gs_sum": 4.925000000000002,
      "xg_avg": 4.819658252092301,
      "hdc_avg": 10.0,
      "gs_avg": 4.925000000000002
    },
    "NYR": {
      "games_played": 1,
      "xg_sum": 3.1947061801499994,
      "hdc_sum": 2.0,
      "gs_sum": 3.9250000000000003,
      "xg_avg": 3.1947061801499994,
      "hdc_avg": 2.0,
      "gs_avg": 3.9250000000000003
    },
    "ANA": {
      "games_played": 1,
      "xg_sum": 2.819896029125,
      "hdc_sum": 8.0,
      "gs_sum": 5.474999999999999,
      "xg_avg": 2.819896029125,
      "hdc_avg": 8.0,
      "gs_avg": 5.474999999999999
    },
    "MTL": {
      "games_played": 1,
      "xg_sum": 4.133858769529625,
      "hdc_sum": 3.0,
      "gs_sum": 5.874999999999998,
      "xg_avg": 4.133858769529625,
      "hdc_avg": 3.0,
      "gs_avg": 5.874999999999998
    },
    "TBL": {
      "games_played": 1,
      "xg_sum": 3.2349194775875003,
      "hdc_sum": 7.0,
      "gs_sum": 5.1,
      "xg_avg": 3.2349194775875003,
      "hdc_avg": 7.0,
      "gs_avg": 5.1
    },
    "OTT": {
      "games_played": 1,
      "xg_sum": 2.3280283931874997,
      "hdc_sum": 1.0,
      "gs_sum": 4.325000000000001,
      "xg_avg": 2.3280283931874997,
      "hdc_avg": 1.0,
      "gs_avg": 4.325000000000001
    },
    "CBJ": {
      "games_played": 1,
      "xg_sum": 3.0659617392375007,
      "hdc_sum": 5.0,
      "gs_sum": 2.5250000000000012,
      "xg_avg": 3.0659617392375007,
      "hdc_avg": 5.0,
      "gs_avg": 2.5250000000000012
    }
  }
}