{
  "season": "2025-2026",
  "generated_at": "2026-01-03T04:20:33.747314",
  "total_games": 550,
  "teams": {
    "VGK": {
      "games_played": 29,
      "xg_sum": 94.81462036523627,
      "hdc_sum": 119.0,
      "gs_sum": 129.15000000000003,
      "xg_avg": 3.2694696677667676,
      "hdc_avg": 4.103448275862069,
      "gs_avg": 4.45344827586207
    },
    "NJD": {
      "games_played": 30,
      "xg_sum": 89.11921648861774,
      "hdc_sum": 126.0,
      "gs_sum": 96.70000000000005,
      "xg_avg": 2.970640549620591,
      "hdc_avg": 4.2,
      "gs_avg": 3.223333333333335
    },
    "BUF": {
      "games_played": 27,
      "xg_sum": 100.17895451618578,
      "hdc_sum": 273.0,
      "gs_sum": 104.10000000000001,
      "xg_avg": 3.7103316487476214,
      "hdc_avg": 10.11111111111111,
      "gs_avg": 3.855555555555556
    },
    "WPG": {
      "games_played": 29,
      "xg_sum": 73.43448324855493,
      "hdc_sum": 142.0,
      "gs_sum": 127.30000000000005,
      "xg_avg": 2.5322235602949976,
      "hdc_avg": 4.896551724137931,
      "gs_avg": 4.389655172413795
    },
    "SJS": {
      "games_played": 26,
      "xg_sum": 63.98174531546725,
      "hdc_sum": 211.0,
      "gs_sum": 86.67499999999997,
      "xg_avg": 2.460836358287202,
      "hdc_avg": 8.115384615384615,
      "gs_avg": 3.3336538461538447
    },
    "DAL": {
      "games_played": 28,
      "xg_sum": 80.13830441686086,
      "hdc_sum": 97.0,
      "gs_sum": 122.27500000000003,
      "xg_avg": 2.862082300602174,
      "hdc_avg": 3.4642857142857144,
      "gs_avg": 4.366964285714287
    },
    "UTA": {
      "games_played": 26,
      "xg_sum": 80.28401525262585,
      "hdc_sum": 163.0,
      "gs_sum": 112.07499999999997,
      "xg_avg": 3.0878467404856096,
      "hdc_avg": 6.269230769230769,
      "gs_avg": 4.310576923076922
    },
    "VAN": {
      "games_played": 25,
      "xg_sum": 97.01921258033552,
      "hdc_sum": 165.0,
      "gs_sum": 99.5,
      "xg_avg": 3.880768503213421,
      "hdc_avg": 6.6,
      "gs_avg": 3.98
    },
    "WSH": {
      "games_played": 21,
      "xg_sum": 74.71495083128374,
      "hdc_sum": 141.0,
      "gs_sum": 91.075,
      "xg_avg": 3.557854801489702,
      "hdc_avg": 6.714285714285714,
      "gs_avg": 4.336904761904762
    },
    "ANA": {
      "games_played": 23,
      "xg_sum": 90.74122304353241,
      "hdc_sum": 222.0,
      "gs_sum": 130.9,
      "xg_avg": 3.945270567110105,
      "hdc_avg": 9.652173913043478,
      "gs_avg": 5.691304347826088
    },
    "COL": {
      "games_played": 14,
      "xg_sum": 53.999914606446104,
      "hdc_sum": 147.0,
      "gs_sum": 84.275,
      "xg_avg": 3.857136757603293,
      "hdc_avg": 10.5,
      "gs_avg": 6.019642857142857
    },
    "NYR": {
      "games_played": 16,
      "xg_sum": 45.26620578634309,
      "hdc_sum": 81.0,
      "gs_sum": 60.475,
      "xg_avg": 2.8291378616464433,
      "hdc_avg": 5.0625,
      "gs_avg": 3.7796875
    },
    "CBJ": {
      "games_played": 11,
      "xg_sum": 34.277998676794425,
      "hdc_sum": 82.0,
      "gs_sum": 49.62500000000001,
      "xg_avg": 3.1161816978904024,
      "hdc_avg": 7.454545454545454,
      "gs_avg": 4.511363636363637
    },
    "FLA": {
      "games_played": 14,
      "xg_sum": 47.383264993365856,
      "hdc_sum": 98.0,
      "gs_sum": 68.05000000000001,
      "xg_avg": 3.384518928097561,
      "hdc_avg": 7.0,
      "gs_avg": 4.860714285714287
    },
    "BOS": {
      "games_played": 11,
      "xg_sum": 32.440455113419496,
      "hdc_sum": 75.0,
      "gs_sum": 44.95000000000001,
      "xg_avg": 2.949132283038136,
      "hdc_avg": 6.818181818181818,
      "gs_avg": 4.086363636363637
    },
    "MTL": {
      "games_played": 14,
      "xg_sum": 47.73830399698307,
      "hdc_sum": 81.0,
      "gs_sum": 66.125,
      "xg_avg": 3.4098788569273624,
      "hdc_avg": 5.785714285714286,
      "gs_avg": 4.723214285714286
    },
    "TOR": {
      "games_played": 15,
      "xg_sum": 41.04086602690766,
      "hdc_sum": 98.0,
      "gs_sum": 68.97500000000002,
      "xg_avg": 2.736057735127177,
      "hdc_avg": 6.533333333333333,
      "gs_avg": 4.5983333333333345
    },
    "STL": {
      "games_played": 13,
      "xg_sum": 32.809862184901846,
      "hdc_sum": 93.0,
      "gs_sum": 45.25000000000001,
      "xg_avg": 2.5238355526847576,
      "hdc_avg": 7.153846153846154,
      "gs_avg": 3.4807692307692313
    },
    "OTT": {
      "games_played": 12,
      "xg_sum": 43.71317519056232,
      "hdc_sum": 122.0,
      "gs_sum": 60.275000000000006,
      "xg_avg": 3.6427645992135265,
      "hdc_avg": 10.166666666666666,
      "gs_avg": 5.022916666666667
    },
    "NYI": {
      "games_played": 14,
      "xg_sum": 41.15767959682468,
      "hdc_sum": 118.0,
      "gs_sum": 56.15000000000001,
      "xg_avg": 2.9398342569160483,
      "hdc_avg": 8.428571428571429,
      "gs_avg": 4.010714285714287
    },
    "TBL": {
      "games_played": 12,
      "xg_sum": 41.517443474059206,
      "hdc_sum": 115.0,
      "gs_sum": 55.650000000000006,
      "xg_avg": 3.4597869561716004,
      "hdc_avg": 9.583333333333334,
      "gs_avg": 4.6375
    },
    "NSH": {
      "games_played": 12,
      "xg_sum": 38.08345630567163,
      "hdc_sum": 89.0,
      "gs_sum": 54.75000000000001,
      "xg_avg": 3.173621358805969,
      "hdc_avg": 7.416666666666667,
      "gs_avg": 4.562500000000001
    },
    "CAR": {
      "games_played": 14,
      "xg_sum": 52.35517094384601,
      "hdc_sum": 98.0,
      "gs_sum": 72.27500000000002,
      "xg_avg": 3.7396550674175724,
      "hdc_avg": 7.0,
      "gs_avg": 5.162500000000001
    },
    "CGY": {
      "games_played": 10,
      "xg_sum": 33.12125984060701,
      "hdc_sum": 62.0,
      "gs_sum": 47.275000000000006,
      "xg_avg": 3.312125984060701,
      "hdc_avg": 6.2,
      "gs_avg": 4.727500000000001
    },
    "CHI": {
      "games_played": 15,
      "xg_sum": 36.593405461861884,
      "hdc_sum": 79.0,
      "gs_sum": 52.525000000000006,
      "xg_avg": 2.4395603641241257,
      "hdc_avg": 5.266666666666667,
      "gs_avg": 3.501666666666667
    },
    "LAK": {
      "games_played": 12,
      "xg_sum": 36.76440194540314,
      "hdc_sum": 55.0,
      "gs_sum": 46.974999999999994,
      "xg_avg": 3.063700162116928,
      "hdc_avg": 4.583333333333333,
      "gs_avg": 3.914583333333333
    },
    "EDM": {
      "games_played": 12,
      "xg_sum": 41.37201457828446,
      "hdc_sum": 122.0,
      "gs_sum": 57.35,
      "xg_avg": 3.4476678815237047,
      "hdc_avg": 10.166666666666666,
      "gs_avg": 4.779166666666667
    },
    "DET": {
      "games_played": 13,
      "xg_sum": 39.52752104783707,
      "hdc_sum": 88.0,
      "gs_sum": 57.675000000000004,
      "xg_avg": 3.040578542141313,
      "hdc_avg": 6.769230769230769,
      "gs_avg": 4.436538461538462
    },
    "SEA": {
      "games_played": 15,
      "xg_sum": 45.41482862469994,
      "hdc_sum": 109.0,
      "gs_sum": 62.60000000000001,
      "xg_avg": 3.027655241646663,
      "hdc_avg": 7.266666666666667,
      "gs_avg": 4.173333333333334
    },
    "MIN": {
      "games_played": 12,
      "xg_sum": 38.28443383410911,
      "hdc_sum": 92.0,
      "gs_sum": 60.05000000000001,
      "xg_avg": 3.190369486175759,
      "hdc_avg": 7.666666666666667,
      "gs_avg": 5.004166666666667
    },
    "PHI": {
      "games_played": 12,
      "xg_sum": 37.934244595403655,
      "hdc_sum": 74.0,
      "gs_sum": 53.550000000000004,
      "xg_avg": 3.1611870496169714,
      "hdc_avg": 6.166666666666667,
      "gs_avg": 4.4625
    },
    "PIT": {
      "games_played": 13,
      "xg_sum": 45.76266894651428,
      "hdc_sum": 143.0,
      "gs_sum": 65.325,
      "xg_avg": 3.5202053035780216,
      "hdc_avg": 11.0,
      "gs_avg": 5.025
    }
  }
}