{
  "season": "2025-2026",
  "generated_at": "2026-02-05T05:04:30.564217",
  "total_games": 256,
  "teams": {
    "BUF": {
      "games_played": 9,
      "xg_sum": 25.553332395554587,
      "hdc_sum": 57.0,
      "gs_sum": 43.20000000000001,
      "xg_avg": 2.8392591550616206,
      "hdc_avg": 6.333333333333333,
      "gs_avg": 4.800000000000001
    },
    "CAR": {
      "games_played": 7,
      "xg_sum": 23.4605685834697,
      "hdc_sum": 45.0,
      "gs_sum": 33.400000000000006,
      "xg_avg": 3.3515097976385286,
      "hdc_avg": 6.428571428571429,
      "gs_avg": 4.771428571428572
    },
    "WSH": {
      "games_played": 9,
      "xg_sum": 32.250134794260994,
      "hdc_sum": 80.0,
      "gs_sum": 41.77500000000001,
      "xg_avg": 3.583348310473444,
      "hdc_avg": 8.88888888888889,
      "gs_avg": 4.641666666666668
    },
    "COL": {
      "games_played": 9,
      "xg_sum": 32.46763185752925,
      "hdc_sum": 60.0,
      "gs_sum": 45.17500000000001,
      "xg_avg": 3.607514650836583,
      "hdc_avg": 6.666666666666667,
      "gs_avg": 5.019444444444446
    },
    "PIT": {
      "games_played": 8,
      "xg_sum": 25.729063119001506,
      "hdc_sum": 71.0,
      "gs_sum": 44.45000000000001,
      "xg_avg": 3.216132889875188,
      "hdc_avg": 8.875,
      "gs_avg": 5.556250000000001
    },
    "SEA": {
      "games_played": 8,
      "xg_sum": 19.284640689875502,
      "hdc_sum": 58.0,
      "gs_sum": 33.05,
      "xg_avg": 2.4105800862344378,
      "hdc_avg": 7.25,
      "gs_avg": 4.13125
    },
    "SJS": {
      "games_played": 8,
      "xg_sum": 22.54765828998443,
      "hdc_sum": 64.0,
      "gs_sum": 31.475000000000005,
      "xg_avg": 2.8184572862480537,
      "hdc_avg": 8.0,
      "gs_avg": 3.9343750000000006
    },
    "FLA": {
      "games_played": 9,
      "xg_sum": 29.663597781595467,
      "hdc_sum": 59.0,
      "gs_sum": 38.750000000000014,
      "xg_avg": 3.295955309066163,
      "hdc_avg": 6.555555555555555,
      "gs_avg": 4.305555555555557
    },
    "MIN": {
      "games_played": 9,
      "xg_sum": 30.346419371293553,
      "hdc_sum": 55.0,
      "gs_sum": 49.95000000000001,
      "xg_avg": 3.3718243745881726,
      "hdc_avg": 6.111111111111111,
      "gs_avg": 5.550000000000001
    },
    "TOR": {
      "games_played": 9,
      "xg_sum": 29.795260373768564,
      "hdc_sum": 60.0,
      "gs_sum": 42.150000000000006,
      "xg_avg": 3.310584485974285,
      "hdc_avg": 6.666666666666667,
      "gs_avg": 4.683333333333334
    },
    "PHI": {
      "games_played": 8,
      "xg_sum": 23.704999663374405,
      "hdc_sum": 46.0,
      "gs_sum": 31.75,
      "xg_avg": 2.9631249579218006,
      "hdc_avg": 5.75,
      "gs_avg": 3.96875
    },
    "VGK": {
      "games_played": 8,
      "xg_sum": 28.306795054590754,
      "hdc_sum": 50.0,
      "gs_sum": 36.37500000000001,
      "xg_avg": 3.5383493818238443,
      "hdc_avg": 6.25,
      "gs_avg": 4.546875000000001
    },
    "WPG": {
      "games_played": 9,
      "xg_sum": 26.479284658083227,
      "hdc_sum": 54.0,
      "gs_sum": 30.200000000000006,
      "xg_avg": 2.942142739787025,
      "hdc_avg": 6.0,
      "gs_avg": 3.355555555555556
    },
    "CHI": {
      "games_played": 9,
      "xg_sum": 24.64556416098697,
      "hdc_sum": 60.0,
      "gs_sum": 32.95,
      "xg_avg": 2.738396017887441,
      "hdc_avg": 6.666666666666667,
      "gs_avg": 3.6611111111111114
    },
    "NJD": {
      "games_played": 8,
      "xg_sum": 22.169351630786526,
      "hdc_sum": 52.0,
      "gs_sum": 31.250000000000004,
      "xg_avg": 2.7711689538483157,
      "hdc_avg": 6.5,
      "gs_avg": 3.9062500000000004
    },
    "CGY": {
      "games_played": 7,
      "xg_sum": 22.25264122744804,
      "hdc_sum": 43.0,
      "gs_sum": 27.550000000000004,
      "xg_avg": 3.1789487467782918,
      "hdc_avg": 6.142857142857143,
      "gs_avg": 3.9357142857142864
    },
    "NYI": {
      "games_played": 9,
      "xg_sum": 25.98772884841865,
      "hdc_sum": 71.0,
      "gs_sum": 36.47500000000001,
      "xg_avg": 2.8875254276020725,
      "hdc_avg": 7.888888888888889,
      "gs_avg": 4.052777777777779
    },
    "VAN": {
      "games_played": 8,
      "xg_sum": 26.407400263343593,
      "hdc_sum": 53.0,
      "gs_sum": 32.650000000000006,
      "xg_avg": 3.300925032917949,
      "hdc_avg": 6.625,
      "gs_avg": 4.081250000000001
    },
    "NYR": {
      "games_played": 7,
      "xg_sum": 20.748168810704932,
      "hdc_sum": 32.0,
      "gs_sum": 26.900000000000006,
      "xg_avg": 2.9640241158149903,
      "hdc_avg": 4.571428571428571,
      "gs_avg": 3.842857142857144
    },
    "ANA": {
      "games_played": 8,
      "xg_sum": 23.515317063861104,
      "hdc_sum": 52.0,
      "gs_sum": 38.925000000000004,
      "xg_avg": 2.939414632982638,
      "hdc_avg": 6.5,
      "gs_avg": 4.8656250000000005
    },
    "MTL": {
      "games_played": 8,
      "xg_sum": 26.467495379656828,
      "hdc_sum": 52.0,
      "gs_sum": 39.92500000000001,
      "xg_avg": 3.3084369224571035,
      "hdc_avg": 6.5,
      "gs_avg": 4.990625000000001
    },
    "TBL": {
      "games_played": 7,
      "xg_sum": 23.10938383057734,
      "hdc_sum": 74.0,
      "gs_sum": 38.45000000000001,
      "xg_avg": 3.301340547225334,
      "hdc_avg": 10.571428571428571,
      "gs_avg": 5.492857142857145
    },
    "OTT": {
      "games_played": 8,
      "xg_sum": 25.50422974409461,
      "hdc_sum": 70.0,
      "gs_sum": 38.875000000000014,
      "xg_avg": 3.188028718011826,
      "hdc_avg": 8.75,
      "gs_avg": 4.859375000000002
    },
    "CBJ": {
      "games_played": 8,
      "xg_sum": 19.481239060043002,
      "hdc_sum": 51.0,
      "gs_sum": 37.10000000000001,
      "xg_avg": 2.4351548825053753,
      "hdc_avg": 6.375,
      "gs_avg": 4.637500000000001
    },
    "BOS": {
      "games_played": 8,
      "xg_sum": 24.258256732396,
      "hdc_sum": 66.0,
      "gs_sum": 36.225,
      "xg_avg": 3.0322820915495,
      "hdc_avg": 8.25,
      "gs_avg": 4.528125
    },
    "DAL": {
      "games_played": 7,
      "xg_sum": 24.23945236405121,
      "hdc_sum": 47.0,
      "gs_sum": 34.675000000000004,
      "xg_avg": 3.462778909150173,
      "hdc_avg": 6.714285714285714,
      "gs_avg": 4.953571428571429
    },
    "NSH": {
      "games_played": 8,
      "xg_sum": 28.580261609536482,
      "hdc_sum": 62.0,
      "gs_sum": 40.70000000000001,
      "xg_avg": 3.5725327011920602,
      "hdc_avg": 7.75,
      "gs_avg": 5.087500000000001
    },
    "STL": {
      "games_played": 7,
      "xg_sum": 19.764189593976802,
      "hdc_sum": 60.0,
      "gs_sum": 32.30000000000001,
      "xg_avg": 2.8234556562824005,
      "hdc_avg": 8.571428571428571,
      "gs_avg": 4.614285714285716
    },
    "EDM": {
      "games_played": 7,
      "xg_sum": 25.955813172164707,
      "hdc_sum": 81.0,
      "gs_sum": 36.55000000000001,
      "xg_avg": 3.7079733103092436,
      "hdc_avg": 11.571428571428571,
      "gs_avg": 5.221428571428573
    },
    "LAK": {
      "games_played": 6,
      "xg_sum": 18.003121312868156,
      "hdc_sum": 33.0,
      "gs_sum": 25.525000000000006,
      "xg_avg": 3.0005202188113596,
      "hdc_avg": 5.5,
      "gs_avg": 4.254166666666667
    },
    "DET": {
      "games_played": 8,
      "xg_sum": 27.98325242863305,
      "hdc_sum": 51.0,
      "gs_sum": 34.425,
      "xg_avg": 3.4979065535791314,
      "hdc_avg": 6.375,
      "gs_avg": 4.303125
    },
    "UTA": {
      "games_played": 8,
      "xg_sum": 23.03051608324122,
      "hdc_sum": 57.0,
      "gs_sum": 33.150000000000006,
      "xg_avg": 2.8788145104051526,
      "hdc_avg": 7.125,
      "gs_avg": 4.143750000000001
    }
  }
}