{
  "season": "2025-2026",
  "generated_at": "2026-03-20T05:14:37.449718",
  "total_games": 132,
  "teams": {
    "SJS": {
      "games_played": 5,
      "xg_sum": 14.10258568011725,
      "hdc_sum": 37.0,
      "gs_sum": 19.900000000000002,
      "xg_avg": 2.82051713602345,
      "hdc_avg": 7.4,
      "gs_avg": 3.9800000000000004
    },
    "BOS": {
      "games_played": 5,
      "xg_sum": 16.836808862826697,
      "hdc_sum": 58.0,
      "gs_sum": 23.45,
      "xg_avg": 3.3673617725653395,
      "hdc_avg": 11.6,
      "gs_avg": 4.6899999999999995
    },
    "WSH": {
      "games_played": 3,
      "xg_sum": 10.5793579560188,
      "hdc_sum": 14.0,
      "gs_sum": 11.800000000000004,
      "xg_avg": 3.5264526520062667,
      "hdc_avg": 4.666666666666667,
      "gs_avg": 3.933333333333335
    },
    "BUF": {
      "games_played": 4,
      "xg_sum": 13.003023748947353,
      "hdc_sum": 33.0,
      "gs_sum": 17.450000000000003,
      "xg_avg": 3.250755937236838,
      "hdc_avg": 8.25,
      "gs_avg": 4.362500000000001
    },
    "ANA": {
      "games_played": 4,
      "xg_sum": 15.501402191708266,
      "hdc_sum": 44.0,
      "gs_sum": 15.775,
      "xg_avg": 3.8753505479270665,
      "hdc_avg": 11.0,
      "gs_avg": 3.94375
    },
    "TOR": {
      "games_played": 4,
      "xg_sum": 9.3613828240075,
      "hdc_sum": 19.0,
      "gs_sum": 13.775000000000002,
      "xg_avg": 2.340345706001875,
      "hdc_avg": 4.75,
      "gs_avg": 3.4437500000000005
    },
    "DET": {
      "games_played": 4,
      "xg_sum": 12.283534862569322,
      "hdc_sum": 24.0,
      "gs_sum": 15.425,
      "xg_avg": 3.0708837156423305,
      "hdc_avg": 6.0,
      "gs_avg": 3.85625
    },
    "TBL": {
      "games_played": 4,
      "xg_sum": 13.547456221794354,
      "hdc_sum": 32.0,
      "gs_sum": 21.5,
      "xg_avg": 3.3868640554485885,
      "hdc_avg": 8.0,
      "gs_avg": 5.375
    },
    "CBJ": {
      "games_played": 4,
      "xg_sum": 15.384420303545006,
      "hdc_sum": 53.0,
      "gs_sum": 19.975,
      "xg_avg": 3.8461050758862516,
      "hdc_avg": 13.25,
      "gs_avg": 4.99375
    },
    "FLA": {
      "games_played": 4,
      "xg_sum": 13.779341024842152,
      "hdc_sum": 19.0,
      "gs_sum": 14.350000000000005,
      "xg_avg": 3.444835256210538,
      "hdc_avg": 4.75,
      "gs_avg": 3.5875000000000012
    },
    "CGY": {
      "games_played": 4,
      "xg_sum": 10.305343632185,
      "hdc_sum": 28.0,
      "gs_sum": 17.675000000000004,
      "xg_avg": 2.57633590804625,
      "hdc_avg": 7.0,
      "gs_avg": 4.418750000000001
    },
    "NJD": {
      "games_played": 4,
      "xg_sum": 14.436543181425002,
      "hdc_sum": 41.0,
      "gs_sum": 24.975,
      "xg_avg": 3.6091357953562504,
      "hdc_avg": 10.25,
      "gs_avg": 6.24375
    },
    "STL": {
      "games_played": 4,
      "xg_sum": 10.981961865782202,
      "hdc_sum": 39.0,
      "gs_sum": 14.225000000000003,
      "xg_avg": 2.7454904664455504,
      "hdc_avg": 9.75,
      "gs_avg": 3.556250000000001
    },
    "CAR": {
      "games_played": 4,
      "xg_sum": 14.852334281902301,
      "hdc_sum": 18.0,
      "gs_sum": 19.475000000000005,
      "xg_avg": 3.7130835704755754,
      "hdc_avg": 4.5,
      "gs_avg": 4.868750000000001
    },
    "EDM": {
      "games_played": 5,
      "xg_sum": 15.6289598866125,
      "hdc_sum": 52.0,
      "gs_sum": 19.50000000000001,
      "xg_avg": 3.1257919773225002,
      "hdc_avg": 10.4,
      "gs_avg": 3.900000000000002
    },
    "DAL": {
      "games_played": 4,
      "xg_sum": 11.705211438978688,
      "hdc_sum": 27.0,
      "gs_sum": 16.175,
      "xg_avg": 2.926302859744672,
      "hdc_avg": 6.75,
      "gs_avg": 4.04375
    },
    "PHI": {
      "games_played": 3,
      "xg_sum": 10.501058898124551,
      "hdc_sum": 21.0,
      "gs_sum": 10.975000000000005,
      "xg_avg": 3.500352966041517,
      "hdc_avg": 7.0,
      "gs_avg": 3.658333333333335
    },
    "MIN": {
      "games_played": 5,
      "xg_sum": 19.91245231302181,
      "hdc_sum": 37.0,
      "gs_sum": 21.875000000000007,
      "xg_avg": 3.982490462604362,
      "hdc_avg": 7.4,
      "gs_avg": 4.375000000000002
    },
    "NYR": {
      "games_played": 5,
      "xg_sum": 10.881090199825476,
      "hdc_sum": 21.0,
      "gs_sum": 19.150000000000002,
      "xg_avg": 2.176218039965095,
      "hdc_avg": 4.2,
      "gs_avg": 3.8300000000000005
    },
    "WPG": {
      "games_played": 5,
      "xg_sum": 14.581350007894656,
      "hdc_sum": 27.0,
      "gs_sum": 20.225,
      "xg_avg": 2.916270001578931,
      "hdc_avg": 5.4,
      "gs_avg": 4.045
    },
    "CHI": {
      "games_played": 4,
      "xg_sum": 9.601765922271142,
      "hdc_sum": 25.0,
      "gs_sum": 12.050000000000004,
      "xg_avg": 2.4004414805677854,
      "hdc_avg": 6.25,
      "gs_avg": 3.012500000000001
    },
    "UTA": {
      "games_played": 4,
      "xg_sum": 12.280737488500801,
      "hdc_sum": 35.0,
      "gs_sum": 18.675000000000004,
      "xg_avg": 3.0701843721252002,
      "hdc_avg": 8.75,
      "gs_avg": 4.668750000000001
    },
    "NSH": {
      "games_played": 4,
      "xg_sum": 12.818212089967215,
      "hdc_sum": 24.0,
      "gs_sum": 15.325000000000003,
      "xg_avg": 3.2045530224918037,
      "hdc_avg": 6.0,
      "gs_avg": 3.8312500000000007
    },
    "VAN": {
      "games_played": 4,
      "xg_sum": 12.335192873917503,
      "hdc_sum": 12.0,
      "gs_sum": 17.700000000000003,
      "xg_avg": 3.0837982184793757,
      "hdc_avg": 3.0,
      "gs_avg": 4.425000000000001
    },
    "PIT": {
      "games_played": 4,
      "xg_sum": 11.8322031306435,
      "hdc_sum": 32.0,
      "gs_sum": 20.000000000000007,
      "xg_avg": 2.958050782660875,
      "hdc_avg": 8.0,
      "gs_avg": 5.000000000000002
    },
    "VGK": {
      "games_played": 4,
      "xg_sum": 12.392856796437501,
      "hdc_sum": 19.0,
      "gs_sum": 13.974999999999998,
      "xg_avg": 3.0982141991093752,
      "hdc_avg": 4.75,
      "gs_avg": 3.4937499999999995
    },
    "COL": {
      "games_played": 4,
      "xg_sum": 15.386944436266305,
      "hdc_sum": 23.0,
      "gs_sum": 17.3,
      "xg_avg": 3.846736109066576,
      "hdc_avg": 5.75,
      "gs_avg": 4.325
    },
    "SEA": {
      "games_played": 5,
      "xg_sum": 12.820982033833504,
      "hdc_sum": 31.0,
      "gs_sum": 20.650000000000006,
      "xg_avg": 2.5641964067667007,
      "hdc_avg": 6.2,
      "gs_avg": 4.130000000000001
    },
    "LAK": {
      "games_played": 3,
      "xg_sum": 10.921297880730494,
      "hdc_sum": 20.0,
      "gs_sum": 14.575000000000003,
      "xg_avg": 3.640432626910165,
      "hdc_avg": 6.666666666666667,
      "gs_avg": 4.858333333333334
    },
    "NYI": {
      "games_played": 4,
      "xg_sum": 11.849956259393942,
      "hdc_sum": 43.0,
      "gs_sum": 15.675000000000004,
      "xg_avg": 2.9624890648484854,
      "hdc_avg": 10.75,
      "gs_avg": 3.918750000000001
    },
    "OTT": {
      "games_played": 4,
      "xg_sum": 16.815738188101218,
      "hdc_sum": 36.0,
      "gs_sum": 18.55,
      "xg_avg": 4.2039345470253044,
      "hdc_avg": 9.0,
      "gs_avg": 4.6375
    },
    "MTL": {
      "games_played": 4,
      "xg_sum": 17.2750841264041,
      "hdc_sum": 27.0,
      "gs_sum": 16.8,
      "xg_avg": 4.318771031601025,
      "hdc_avg": 6.75,
      "gs_avg": 4.2
    }
  }
}