{
  "season": "2025-2026",
  "generated_at": "2026-03-15T23:47:41.058147",
  "total_games": 64,
  "teams": {
    "SJS": {
      "games_played": 3,
      "xg_sum": 8.75654303005475,
      "hdc_sum": 23.0,
      "gs_sum": 13.650000000000002,
      "xg_avg": 2.918847676684917,
      "hdc_avg": 7.666666666666667,
      "gs_avg": 4.550000000000001
    },
    "BOS": {
      "games_played": 2,
      "xg_sum": 7.777321126637503,
      "hdc_sum": 35.0,
      "gs_sum": 10.0,
      "xg_avg": 3.8886605633187514,
      "hdc_avg": 17.5,
      "gs_avg": 5.0
    },
    "WSH": {
      "games_played": 2,
      "xg_sum": 6.50579264908165,
      "hdc_sum": 8.0,
      "gs_sum": 7.075000000000003,
      "xg_avg": 3.252896324540825,
      "hdc_avg": 4.0,
      "gs_avg": 3.5375000000000014
    },
    "BUF": {
      "games_played": 2,
      "xg_sum": 7.848579865768501,
      "hdc_sum": 19.0,
      "gs_sum": 9.100000000000001,
      "xg_avg": 3.9242899328842507,
      "hdc_avg": 9.5,
      "gs_avg": 4.550000000000001
    },
    "ANA": {
      "games_played": 2,
      "xg_sum": 7.9269691190638145,
      "hdc_sum": 25.0,
      "gs_sum": 6.525000000000002,
      "xg_avg": 3.9634845595319073,
      "hdc_avg": 12.5,
      "gs_avg": 3.262500000000001
    },
    "TOR": {
      "games_played": 2,
      "xg_sum": 4.8070683158075,
      "hdc_sum": 12.0,
      "gs_sum": 6.875,
      "xg_avg": 2.40353415790375,
      "hdc_avg": 6.0,
      "gs_avg": 3.4375
    },
    "DET": {
      "games_played": 2,
      "xg_sum": 5.859571519871076,
      "hdc_sum": 18.0,
      "gs_sum": 5.95,
      "xg_avg": 2.929785759935538,
      "hdc_avg": 9.0,
      "gs_avg": 2.975
    },
    "TBL": {
      "games_played": 2,
      "xg_sum": 7.080569481813752,
      "hdc_sum": 19.0,
      "gs_sum": 8.524999999999999,
      "xg_avg": 3.540284740906876,
      "hdc_avg": 9.5,
      "gs_avg": 4.262499999999999
    },
    "CBJ": {
      "games_played": 2,
      "xg_sum": 8.417750300282503,
      "hdc_sum": 24.0,
      "gs_sum": 7.325000000000003,
      "xg_avg": 4.208875150141251,
      "hdc_avg": 12.0,
      "gs_avg": 3.6625000000000014
    },
    "FLA": {
      "games_played": 1,
      "xg_sum": 2.784451858875,
      "hdc_sum": 5.0,
      "gs_sum": 3.2250000000000005,
      "xg_avg": 2.784451858875,
      "hdc_avg": 5.0,
      "gs_avg": 3.2250000000000005
    },
    "CGY": {
      "games_played": 2,
      "xg_sum": 5.1592928539,
      "hdc_sum": 11.0,
      "gs_sum": 10.350000000000003,
      "xg_avg": 2.57964642695,
      "hdc_avg": 5.5,
      "gs_avg": 5.175000000000002
    },
    "NJD": {
      "games_played": 2,
      "xg_sum": 7.021921566100002,
      "hdc_sum": 25.0,
      "gs_sum": 12.7,
      "xg_avg": 3.510960783050001,
      "hdc_avg": 12.5,
      "gs_avg": 6.35
    },
    "STL": {
      "games_played": 3,
      "xg_sum": 8.342460838357201,
      "hdc_sum": 27.0,
      "gs_sum": 11.775000000000002,
      "xg_avg": 2.7808202794524006,
      "hdc_avg": 9.0,
      "gs_avg": 3.9250000000000007
    },
    "CAR": {
      "games_played": 2,
      "xg_sum": 7.7136613290997245,
      "hdc_sum": 8.0,
      "gs_sum": 8.800000000000002,
      "xg_avg": 3.8568306645498622,
      "hdc_avg": 4.0,
      "gs_avg": 4.400000000000001
    },
    "EDM": {
      "games_played": 2,
      "xg_sum": 6.366273842975,
      "hdc_sum": 20.0,
      "gs_sum": 6.950000000000006,
      "xg_avg": 3.1831369214875,
      "hdc_avg": 10.0,
      "gs_avg": 3.475000000000003
    },
    "DAL": {
      "games_played": 2,
      "xg_sum": 5.5815219962625,
      "hdc_sum": 14.0,
      "gs_sum": 9.474999999999998,
      "xg_avg": 2.79076099813125,
      "hdc_avg": 7.0,
      "gs_avg": 4.737499999999999
    },
    "PHI": {
      "games_played": 2,
      "xg_sum": 5.6544105032552,
      "hdc_sum": 12.0,
      "gs_sum": 7.225000000000003,
      "xg_avg": 2.8272052516276,
      "hdc_avg": 6.0,
      "gs_avg": 3.6125000000000016
    },
    "MIN": {
      "games_played": 2,
      "xg_sum": 7.791808507325001,
      "hdc_sum": 16.0,
      "gs_sum": 8.600000000000003,
      "xg_avg": 3.8959042536625006,
      "hdc_avg": 8.0,
      "gs_avg": 4.300000000000002
    },
    "NYR": {
      "games_played": 2,
      "xg_sum": 3.83440983639825,
      "hdc_sum": 11.0,
      "gs_sum": 9.325000000000001,
      "xg_avg": 1.917204918199125,
      "hdc_avg": 5.5,
      "gs_avg": 4.6625000000000005
    },
    "WPG": {
      "games_played": 3,
      "xg_sum": 5.648719177362501,
      "hdc_sum": 11.0,
      "gs_sum": 11.425,
      "xg_avg": 1.8829063924541671,
      "hdc_avg": 3.6666666666666665,
      "gs_avg": 3.8083333333333336
    },
    "CHI": {
      "games_played": 2,
      "xg_sum": 3.9302143799025426,
      "hdc_sum": 11.0,
      "gs_sum": 4.725000000000001,
      "xg_avg": 1.9651071899512713,
      "hdc_avg": 5.5,
      "gs_avg": 2.3625000000000007
    },
    "UTA": {
      "games_played": 2,
      "xg_sum": 7.958531606617452,
      "hdc_sum": 23.0,
      "gs_sum": 8.575000000000003,
      "xg_avg": 3.979265803308726,
      "hdc_avg": 11.5,
      "gs_avg": 4.287500000000001
    },
    "NSH": {
      "games_played": 1,
      "xg_sum": 3.0898688249100004,
      "hdc_sum": 7.0,
      "gs_sum": 3.825000000000001,
      "xg_avg": 3.0898688249100004,
      "hdc_avg": 7.0,
      "gs_avg": 3.825000000000001
    },
    "VAN": {
      "games_played": 2,
      "xg_sum": 7.6102470311875035,
      "hdc_sum": 7.0,
      "gs_sum": 9.250000000000002,
      "xg_avg": 3.8051235155937517,
      "hdc_avg": 3.5,
      "gs_avg": 4.625000000000001
    },
    "PIT": {
      "games_played": 2,
      "xg_sum": 5.028092474825,
      "hdc_sum": 8.0,
      "gs_sum": 8.025000000000002,
      "xg_avg": 2.5140462374125,
      "hdc_avg": 4.0,
      "gs_avg": 4.012500000000001
    },
    "VGK": {
      "games_played": 2,
      "xg_sum": 5.734875121325,
      "hdc_sum": 11.0,
      "gs_sum": 9.474999999999998,
      "xg_avg": 2.8674375606625,
      "hdc_avg": 5.5,
      "gs_avg": 4.737499999999999
    },
    "COL": {
      "games_played": 2,
      "xg_sum": 7.46296030145,
      "hdc_sum": 11.0,
      "gs_sum": 9.725,
      "xg_avg": 3.731480150725,
      "hdc_avg": 5.5,
      "gs_avg": 4.8625
    },
    "SEA": {
      "games_played": 2,
      "xg_sum": 5.383883231781227,
      "hdc_sum": 11.0,
      "gs_sum": 9.950000000000003,
      "xg_avg": 2.6919416158906135,
      "hdc_avg": 5.5,
      "gs_avg": 4.975000000000001
    },
    "LAK": {
      "games_played": 2,
      "xg_sum": 8.280863748038449,
      "hdc_sum": 17.0,
      "gs_sum": 9.525000000000002,
      "xg_avg": 4.1404318740192245,
      "hdc_avg": 8.5,
      "gs_avg": 4.762500000000001
    },
    "NYI": {
      "games_played": 2,
      "xg_sum": 5.977429633791139,
      "hdc_sum": 21.0,
      "gs_sum": 8.025000000000002,
      "xg_avg": 2.9887148168955693,
      "hdc_avg": 10.5,
      "gs_avg": 4.012500000000001
    },
    "OTT": {
      "games_played": 2,
      "xg_sum": 8.54141518622012,
      "hdc_sum": 18.0,
      "gs_sum": 10.875,
      "xg_avg": 4.27070759311006,
      "hdc_avg": 9.0,
      "gs_avg": 5.4375
    },
    "MTL": {
      "games_played": 1,
      "xg_sum": 4.202070352606101,
      "hdc_sum": 2.0,
      "gs_sum": 3.9750000000000005,
      "xg_avg": 4.202070352606101,
      "hdc_avg": 2.0,
      "gs_avg": 3.9750000000000005
    }
  }
}