{
  "season": "2025-2026",
  "generated_at": "2025-12-06T21:53:02.301939",
  "total_games": 180,
  "teams": {
    "VGK": {
      "games_played": 19,
      "xg_sum": 59.96863361340052,
      "hdc_sum": 57.0,
      "gs_sum": 80.75000000000001,
      "xg_avg": 3.156243874389501,
      "hdc_avg": 3.0,
      "gs_avg": 4.250000000000001
    },
    "NJD": {
      "games_played": 19,
      "xg_sum": 48.6856391720625,
      "hdc_sum": 38.0,
      "gs_sum": 51.30000000000002,
      "xg_avg": 2.5624020616875,
      "hdc_avg": 2.0,
      "gs_avg": 2.700000000000001
    },
    "BUF": {
      "games_played": 19,
      "xg_sum": 82.57654649257502,
      "hdc_sum": 228.0,
      "gs_sum": 64.60000000000001,
      "xg_avg": 4.346134025925001,
      "hdc_avg": 12.0,
      "gs_avg": 3.4000000000000004
    },
    "WPG": {
      "games_played": 19,
      "xg_sum": 38.650634014262494,
      "hdc_sum": 95.0,
      "gs_sum": 82.17500000000004,
      "xg_avg": 2.0342438954874997,
      "hdc_avg": 5.0,
      "gs_avg": 4.325000000000002
    },
    "SJS": {
      "games_played": 18,
      "xg_sum": 34.54515819945,
      "hdc_sum": 126.0,
      "gs_sum": 42.29999999999998,
      "xg_avg": 1.919175455525,
      "hdc_avg": 7.0,
      "gs_avg": 2.349999999999999
    },
    "DAL": {
      "games_played": 18,
      "xg_sum": 49.76688800497504,
      "hdc_sum": 18.0,
      "gs_sum": 76.50000000000001,
      "xg_avg": 2.7648271113875023,
      "hdc_avg": 1.0,
      "gs_avg": 4.250000000000001
    },
    "UTA": {
      "games_played": 16,
      "xg_sum": 43.47669155077499,
      "hdc_sum": 80.0,
      "gs_sum": 64.79999999999998,
      "xg_avg": 2.7172932219234367,
      "hdc_avg": 5.0,
      "gs_avg": 4.049999999999999
    },
    "VAN": {
      "games_played": 16,
      "xg_sum": 75.1921464435891,
      "hdc_sum": 128.0,
      "gs_sum": 62.024999999999984,
      "xg_avg": 4.6995091527243185,
      "hdc_avg": 8.0,
      "gs_avg": 3.876562499999999
    },
    "WSH": {
      "games_played": 12,
      "xg_sum": 46.30264009497424,
      "hdc_sum": 72.0,
      "gs_sum": 56.99999999999999,
      "xg_avg": 3.858553341247853,
      "hdc_avg": 6.0,
      "gs_avg": 4.749999999999999
    },
    "ANA": {
      "games_played": 12,
      "xg_sum": 52.68016265718002,
      "hdc_sum": 120.0,
      "gs_sum": 84.59999999999998,
      "xg_avg": 4.390013554765002,
      "hdc_avg": 10.0,
      "gs_avg": 7.049999999999998
    },
    "COL": {
      "games_played": 6,
      "xg_sum": 22.516773687474014,
      "hdc_sum": 96.0,
      "gs_sum": 35.47500000000001,
      "xg_avg": 3.7527956145790022,
      "hdc_avg": 16.0,
      "gs_avg": 5.912500000000001
    },
    "NYR": {
      "games_played": 6,
      "xg_sum": 14.231131743156608,
      "hdc_sum": 6.0,
      "gs_sum": 23.1,
      "xg_avg": 2.3718552905261014,
      "hdc_avg": 1.0,
      "gs_avg": 3.85
    }
  }
}