{
  "season": "2025-2026",
  "generated_at": "2026-01-16T04:50:10.397521",
  "total_games": 762,
  "teams": {
    "VGK": {
      "games_played": 35,
      "xg_sum": 113.92752152575603,
      "hdc_sum": 150.0,
      "gs_sum": 160.10000000000005,
      "xg_avg": 3.2550720435930294,
      "hdc_avg": 4.285714285714286,
      "gs_avg": 4.574285714285716
    },
    "NJD": {
      "games_played": 37,
      "xg_sum": 111.78443137152134,
      "hdc_sum": 186.0,
      "gs_sum": 127.65000000000003,
      "xg_avg": 3.021200847878955,
      "hdc_avg": 5.027027027027027,
      "gs_avg": 3.450000000000001
    },
    "BUF": {
      "games_played": 34,
      "xg_sum": 121.20564181118075,
      "hdc_sum": 320.0,
      "gs_sum": 137.15000000000003,
      "xg_avg": 3.5648718179759045,
      "hdc_avg": 9.411764705882353,
      "gs_avg": 4.033823529411766
    },
    "WPG": {
      "games_played": 36,
      "xg_sum": 94.4212272516649,
      "hdc_sum": 180.0,
      "gs_sum": 158.62500000000006,
      "xg_avg": 2.622811868101803,
      "hdc_avg": 5.0,
      "gs_avg": 4.406250000000002
    },
    "SJS": {
      "games_played": 32,
      "xg_sum": 85.3777436914292,
      "hdc_sum": 271.0,
      "gs_sum": 114.04999999999995,
      "xg_avg": 2.6680544903571626,
      "hdc_avg": 8.46875,
      "gs_avg": 3.5640624999999986
    },
    "DAL": {
      "games_played": 35,
      "xg_sum": 101.60175956135411,
      "hdc_sum": 146.0,
      "gs_sum": 149.45000000000005,
      "xg_avg": 2.902907416038689,
      "hdc_avg": 4.171428571428572,
      "gs_avg": 4.270000000000001
    },
    "UTA": {
      "games_played": 33,
      "xg_sum": 107.44234194089408,
      "hdc_sum": 226.0,
      "gs_sum": 143.07499999999996,
      "xg_avg": 3.255828543663457,
      "hdc_avg": 6.848484848484849,
      "gs_avg": 4.335606060606059
    },
    "VAN": {
      "games_played": 33,
      "xg_sum": 127.77432850472977,
      "hdc_sum": 219.0,
      "gs_sum": 131.025,
      "xg_avg": 3.8719493486281746,
      "hdc_avg": 6.636363636363637,
      "gs_avg": 3.9704545454545457
    },
    "WSH": {
      "games_played": 28,
      "xg_sum": 96.02354206526022,
      "hdc_sum": 177.0,
      "gs_sum": 122.37499999999999,
      "xg_avg": 3.4294122166164365,
      "hdc_avg": 6.321428571428571,
      "gs_avg": 4.3705357142857135
    },
    "ANA": {
      "games_played": 29,
      "xg_sum": 110.48162157293692,
      "hdc_sum": 268.0,
      "gs_sum": 155.425,
      "xg_avg": 3.8097110887219627,
      "hdc_avg": 9.241379310344827,
      "gs_avg": 5.35948275862069
    },
    "COL": {
      "games_played": 20,
      "xg_sum": 74.6263945410721,
      "hdc_sum": 195.0,
      "gs_sum": 117.175,
      "xg_avg": 3.731319727053605,
      "hdc_avg": 9.75,
      "gs_avg": 5.85875
    },
    "NYR": {
      "games_played": 21,
      "xg_sum": 58.115684729633095,
      "hdc_sum": 106.0,
      "gs_sum": 80.05000000000001,
      "xg_avg": 2.7674135585539568,
      "hdc_avg": 5.0476190476190474,
      "gs_avg": 3.8119047619047626
    },
    "CBJ": {
      "games_played": 19,
      "xg_sum": 66.45116050303531,
      "hdc_sum": 164.0,
      "gs_sum": 89.80000000000001,
      "xg_avg": 3.497429500159753,
      "hdc_avg": 8.631578947368421,
      "gs_avg": 4.726315789473685
    },
    "FLA": {
      "games_played": 19,
      "xg_sum": 62.13308097117435,
      "hdc_sum": 127.0,
      "gs_sum": 87.07500000000003,
      "xg_avg": 3.2701621563775976,
      "hdc_avg": 6.684210526315789,
      "gs_avg": 4.582894736842107
    },
    "BOS": {
      "games_played": 18,
      "xg_sum": 55.10736781668156,
      "hdc_sum": 147.0,
      "gs_sum": 81.10000000000002,
      "xg_avg": 3.061520434260087,
      "hdc_avg": 8.166666666666666,
      "gs_avg": 4.505555555555556
    },
    "MTL": {
      "games_played": 22,
      "xg_sum": 73.87236329152006,
      "hdc_sum": 122.0,
      "gs_sum": 100.075,
      "xg_avg": 3.357834695069094,
      "hdc_avg": 5.545454545454546,
      "gs_avg": 4.548863636363636
    },
    "TOR": {
      "games_played": 21,
      "xg_sum": 55.79578710517402,
      "hdc_sum": 137.0,
      "gs_sum": 92.77500000000003,
      "xg_avg": 2.656942243103525,
      "hdc_avg": 6.523809523809524,
      "gs_avg": 4.4178571428571445
    },
    "STL": {
      "games_played": 18,
      "xg_sum": 48.25068352629425,
      "hdc_sum": 128.0,
      "gs_sum": 62.92500000000002,
      "xg_avg": 2.6805935292385694,
      "hdc_avg": 7.111111111111111,
      "gs_avg": 3.4958333333333345
    },
    "OTT": {
      "games_played": 19,
      "xg_sum": 67.60621948287164,
      "hdc_sum": 190.0,
      "gs_sum": 92.37500000000001,
      "xg_avg": 3.5582220780458758,
      "hdc_avg": 10.0,
      "gs_avg": 4.861842105263158
    },
    "NYI": {
      "games_played": 20,
      "xg_sum": 57.39899058686431,
      "hdc_sum": 154.0,
      "gs_sum": 84.20000000000003,
      "xg_avg": 2.8699495293432156,
      "hdc_avg": 7.7,
      "gs_avg": 4.210000000000002
    },
    "TBL": {
      "games_played": 17,
      "xg_sum": 60.26506703046271,
      "hdc_sum": 151.0,
      "gs_sum": 83.125,
      "xg_avg": 3.545003942968395,
      "hdc_avg": 8.882352941176471,
      "gs_avg": 4.889705882352941
    },
    "NSH": {
      "games_played": 18,
      "xg_sum": 56.8951092551916,
      "hdc_sum": 140.0,
      "gs_sum": 78.2,
      "xg_avg": 3.1608394030662,
      "hdc_avg": 7.777777777777778,
      "gs_avg": 4.344444444444445
    },
    "CAR": {
      "games_played": 21,
      "xg_sum": 76.56530535781931,
      "hdc_sum": 153.0,
      "gs_sum": 106.65000000000003,
      "xg_avg": 3.6459669218009196,
      "hdc_avg": 7.285714285714286,
      "gs_avg": 5.07857142857143
    },
    "CGY": {
      "games_played": 17,
      "xg_sum": 53.31733937968499,
      "hdc_sum": 98.0,
      "gs_sum": 73.67500000000001,
      "xg_avg": 3.1363140811579404,
      "hdc_avg": 5.764705882352941,
      "gs_avg": 4.333823529411766
    },
    "CHI": {
      "games_played": 22,
      "xg_sum": 59.15180148253346,
      "hdc_sum": 128.0,
      "gs_sum": 82.275,
      "xg_avg": 2.688718249206066,
      "hdc_avg": 5.818181818181818,
      "gs_avg": 3.7397727272727277
    },
    "LAK": {
      "games_played": 19,
      "xg_sum": 61.04167638898777,
      "hdc_sum": 101.0,
      "gs_sum": 80.22499999999998,
      "xg_avg": 3.2127198099467247,
      "hdc_avg": 5.315789473684211,
      "gs_avg": 4.22236842105263
    },
    "EDM": {
      "games_played": 19,
      "xg_sum": 68.11217183219404,
      "hdc_sum": 198.0,
      "gs_sum": 91.20000000000002,
      "xg_avg": 3.584851149062844,
      "hdc_avg": 10.421052631578947,
      "gs_avg": 4.800000000000001
    },
    "DET": {
      "games_played": 19,
      "xg_sum": 58.43469826221042,
      "hdc_sum": 122.0,
      "gs_sum": 81.42500000000001,
      "xg_avg": 3.07551043485318,
      "hdc_avg": 6.421052631578948,
      "gs_avg": 4.2855263157894745
    },
    "SEA": {
      "games_played": 23,
      "xg_sum": 67.59369453751877,
      "hdc_sum": 166.0,
      "gs_sum": 98.45000000000002,
      "xg_avg": 2.9388562842399466,
      "hdc_avg": 7.217391304347826,
      "gs_avg": 4.280434782608697
    },
    "MIN": {
      "games_played": 19,
      "xg_sum": 64.26191941132997,
      "hdc_sum": 149.0,
      "gs_sum": 95.20000000000003,
      "xg_avg": 3.3822062848068404,
      "hdc_avg": 7.842105263157895,
      "gs_avg": 5.010526315789475
    },
    "PHI": {
      "games_played": 19,
      "xg_sum": 60.509997744526586,
      "hdc_sum": 115.0,
      "gs_sum": 80.05000000000001,
      "xg_avg": 3.1847367233961363,
      "hdc_avg": 6.052631578947368,
      "gs_avg": 4.213157894736843
    },
    "PIT": {
      "games_played": 20,
      "xg_sum": 70.28177896188554,
      "hdc_sum": 219.0,
      "gs_sum": 98.8,
      "xg_avg": 3.514088948094277,
      "hdc_avg": 10.95,
      "gs_avg": 4.9399999999999995
    }
  }
}