{
  "season": "2025-2026",
  "generated_at": "2025-12-06T04:57:40.755279",
  "total_games": 32,
  "teams": {
    "VGK": {
      "games_played": 5,
      "xg_sum": 15.781219371947499,
      "hdc_sum": 15.0,
      "gs_sum": 21.250000000000004,
      "xg_avg": 3.1562438743895,
      "hdc_avg": 3.0,
      "gs_avg": 4.250000000000001
    },
    "NJD": {
      "games_played": 5,
      "xg_sum": 12.8120103084375,
      "hdc_sum": 10.0,
      "gs_sum": 13.5,
      "xg_avg": 2.5624020616875,
      "hdc_avg": 2.0,
      "gs_avg": 2.7
    },
    "BUF": {
      "games_played": 5,
      "xg_sum": 21.730670129625004,
      "hdc_sum": 60.0,
      "gs_sum": 17.000000000000004,
      "xg_avg": 4.346134025925001,
      "hdc_avg": 12.0,
      "gs_avg": 3.400000000000001
    },
    "WPG": {
      "games_played": 5,
      "xg_sum": 10.171219477437498,
      "hdc_sum": 25.0,
      "gs_sum": 21.62500000000001,
      "xg_avg": 2.0342438954874997,
      "hdc_avg": 5.0,
      "gs_avg": 4.325000000000002
    },
    "SJS": {
      "games_played": 4,
      "xg_sum": 7.6767018221,
      "hdc_sum": 28.0,
      "gs_sum": 9.399999999999995,
      "xg_avg": 1.919175455525,
      "hdc_avg": 7.0,
      "gs_avg": 2.3499999999999988
    },
    "DAL": {
      "games_played": 4,
      "xg_sum": 11.059308445550004,
      "hdc_sum": 4.0,
      "gs_sum": 17.000000000000004,
      "xg_avg": 2.764827111387501,
      "hdc_avg": 1.0,
      "gs_avg": 4.250000000000001
    },
    "UTA": {
      "games_played": 2,
      "xg_sum": 5.442027565799999,
      "hdc_sum": 10.0,
      "gs_sum": 8.100000000000001,
      "xg_avg": 2.7210137828999996,
      "hdc_avg": 5.0,
      "gs_avg": 4.050000000000001
    },
    "VAN": {
      "games_played": 2,
      "xg_sum": 9.314980739668691,
      "hdc_sum": 16.0,
      "gs_sum": 7.65,
      "xg_avg": 4.6574903698343455,
      "hdc_avg": 8.0,
      "gs_avg": 3.825
    }
  }
}