{
  "season": "2025-2026",
  "generated_at": "2025-12-06T04:45:55.043036",
  "total_games": 24,
  "teams": {
    "VGK": {
      "games_played": 4,
      "xg_sum": 12.624975497558,
      "hdc_sum": 12.0,
      "gs_sum": 17.000000000000004,
      "xg_avg": 3.1562438743895,
      "hdc_avg": 3.0,
      "gs_avg": 4.250000000000001
    },
    "NJD": {
      "games_played": 4,
      "xg_sum": 10.24960824675,
      "hdc_sum": 8.0,
      "gs_sum": 10.8,
      "xg_avg": 2.5624020616875,
      "hdc_avg": 2.0,
      "gs_avg": 2.7
    },
    "BUF": {
      "games_played": 4,
      "xg_sum": 17.384536103700004,
      "hdc_sum": 48.0,
      "gs_sum": 13.600000000000003,
      "xg_avg": 4.346134025925001,
      "hdc_avg": 12.0,
      "gs_avg": 3.400000000000001
    },
    "WPG": {
      "games_played": 4,
      "xg_sum": 8.136975581949999,
      "hdc_sum": 20.0,
      "gs_sum": 17.300000000000008,
      "xg_avg": 2.0342438954874997,
      "hdc_avg": 5.0,
      "gs_avg": 4.325000000000002
    },
    "SJS": {
      "games_played": 3,
      "xg_sum": 5.757526366575,
      "hdc_sum": 21.0,
      "gs_sum": 7.049999999999996,
      "xg_avg": 1.919175455525,
      "hdc_avg": 7.0,
      "gs_avg": 2.3499999999999988
    },
    "DAL": {
      "games_played": 3,
      "xg_sum": 8.294481334162503,
      "hdc_sum": 3.0,
      "gs_sum": 12.750000000000004,
      "xg_avg": 2.764827111387501,
      "hdc_avg": 1.0,
      "gs_avg": 4.250000000000001
    },
    "UTA": {
      "games_played": 1,
      "xg_sum": 2.7252658525874995,
      "hdc_sum": 5.0,
      "gs_sum": 4.050000000000001,
      "xg_avg": 2.7252658525874995,
      "hdc_avg": 5.0,
      "gs_avg": 4.050000000000001
    },
    "VAN": {
      "games_played": 1,
      "xg_sum": 4.750094919937501,
      "hdc_sum": 8.0,
      "gs_sum": 3.825,
      "xg_avg": 4.750094919937501,
      "hdc_avg": 8.0,
      "gs_avg": 3.825
    }
  }
}