{
  "season": "2025-2026",
  "generated_at": "2025-12-09T04:57:17.455594",
  "total_games": 202,
  "teams": {
    "VGK": {
      "games_played": 19,
      "xg_sum": 60.28882724821102,
      "hdc_sum": 62.0,
      "gs_sum": 81.45000000000002,
      "xg_avg": 3.1730961709584746,
      "hdc_avg": 3.263157894736842,
      "gs_avg": 4.286842105263159
    },
    "NJD": {
      "games_played": 19,
      "xg_sum": 50.02247806100415,
      "hdc_sum": 38.0,
      "gs_sum": 52.52500000000002,
      "xg_avg": 2.6327620032107446,
      "hdc_avg": 2.0,
      "gs_avg": 2.7644736842105275
    },
    "BUF": {
      "games_played": 18,
      "xg_sum": 77.47094484092503,
      "hdc_sum": 212.0,
      "gs_sum": 62.37500000000001,
      "xg_avg": 4.30394138005139,
      "hdc_avg": 11.777777777777779,
      "gs_avg": 3.465277777777778
    },
    "WPG": {
      "games_played": 18,
      "xg_sum": 36.947490051134935,
      "hdc_sum": 86.0,
      "gs_sum": 76.80000000000004,
      "xg_avg": 2.052638336174163,
      "hdc_avg": 4.777777777777778,
      "gs_avg": 4.266666666666669
    },
    "SJS": {
      "games_played": 17,
      "xg_sum": 32.7666892251375,
      "hdc_sum": 119.0,
      "gs_sum": 41.79999999999998,
      "xg_avg": 1.9274523073610292,
      "hdc_avg": 7.0,
      "gs_avg": 2.4588235294117635
    },
    "DAL": {
      "games_played": 17,
      "xg_sum": 47.99674016615303,
      "hdc_sum": 23.0,
      "gs_sum": 72.60000000000002,
      "xg_avg": 2.8233376568325315,
      "hdc_avg": 1.3529411764705883,
      "gs_avg": 4.270588235294119
    },
    "UTA": {
      "games_played": 16,
      "xg_sum": 45.39332389191236,
      "hdc_sum": 87.0,
      "gs_sum": 63.04999999999999,
      "xg_avg": 2.8370827432445225,
      "hdc_avg": 5.4375,
      "gs_avg": 3.9406249999999994
    },
    "VAN": {
      "games_played": 15,
      "xg_sum": 67.9967652417112,
      "hdc_sum": 116.0,
      "gs_sum": 58.374999999999986,
      "xg_avg": 4.5331176827807464,
      "hdc_avg": 7.733333333333333,
      "gs_avg": 3.8916666666666657
    },
    "WSH": {
      "games_played": 11,
      "xg_sum": 42.24658465135353,
      "hdc_sum": 71.0,
      "gs_sum": 51.849999999999994,
      "xg_avg": 3.840598604668503,
      "hdc_avg": 6.454545454545454,
      "gs_avg": 4.713636363636363
    },
    "ANA": {
      "games_played": 11,
      "xg_sum": 49.73000041166752,
      "hdc_sum": 114.0,
      "gs_sum": 79.64999999999999,
      "xg_avg": 4.520909128333411,
      "hdc_avg": 10.363636363636363,
      "gs_avg": 7.24090909090909
    },
    "COL": {
      "games_played": 5,
      "xg_sum": 17.82646451391601,
      "hdc_sum": 70.0,
      "gs_sum": 28.625000000000007,
      "xg_avg": 3.5652929027832023,
      "hdc_avg": 14.0,
      "gs_avg": 5.725000000000001
    },
    "NYR": {
      "games_played": 5,
      "xg_sum": 12.001393591379406,
      "hdc_sum": 17.0,
      "gs_sum": 18.425,
      "xg_avg": 2.400278718275881,
      "hdc_avg": 3.4,
      "gs_avg": 3.685
    },
    "CBJ": {
      "games_played": 2,
      "xg_sum": 5.387991954705003,
      "hdc_sum": 15.0,
      "gs_sum": 9.100000000000001,
      "xg_avg": 2.6939959773525013,
      "hdc_avg": 7.5,
      "gs_avg": 4.550000000000001
    },
    "FLA": {
      "games_played": 2,
      "xg_sum": 7.116703081677951,
      "hdc_sum": 16.0,
      "gs_sum": 13.575000000000003,
      "xg_avg": 3.5583515408389754,
      "hdc_avg": 8.0,
      "gs_avg": 6.787500000000001
    },
    "BOS": {
      "games_played": 1,
      "xg_sum": 2.6843443198874994,
      "hdc_sum": 8.0,
      "gs_sum": 5.074999999999999,
      "xg_avg": 2.6843443198874994,
      "hdc_avg": 8.0,
      "gs_avg": 5.074999999999999
    },
    "MTL": {
      "games_played": 2,
      "xg_sum": 6.983838104240573,
      "hdc_sum": 14.0,
      "gs_sum": 9.200000000000003,
      "xg_avg": 3.4919190521202865,
      "hdc_avg": 7.0,
      "gs_avg": 4.600000000000001
    },
    "TOR": {
      "games_played": 2,
      "xg_sum": 4.115586670120798,
      "hdc_sum": 8.0,
      "gs_sum": 6.450000000000002,
      "xg_avg": 2.057793335060399,
      "hdc_avg": 4.0,
      "gs_avg": 3.225000000000001
    },
    "STL": {
      "games_played": 2,
      "xg_sum": 4.180318913126325,
      "hdc_sum": 11.0,
      "gs_sum": 6.0500000000000025,
      "xg_avg": 2.0901594565631627,
      "hdc_avg": 5.5,
      "gs_avg": 3.0250000000000012
    },
    "OTT": {
      "games_played": 1,
      "xg_sum": 3.7003505704249995,
      "hdc_sum": 13.0,
      "gs_sum": 4.224999999999998,
      "xg_avg": 3.7003505704249995,
      "hdc_avg": 13.0,
      "gs_avg": 4.224999999999998
    },
    "NYI": {
      "games_played": 2,
      "xg_sum": 4.055896901551746,
      "hdc_sum": 7.0,
      "gs_sum": 5.725,
      "xg_avg": 2.027948450775873,
      "hdc_avg": 3.5,
      "gs_avg": 2.8625
    },
    "TBL": {
      "games_played": 2,
      "xg_sum": 6.768493073052076,
      "hdc_sum": 24.0,
      "gs_sum": 5.625000000000001,
      "xg_avg": 3.384246536526038,
      "hdc_avg": 12.0,
      "gs_avg": 2.8125000000000004
    },
    "NSH": {
      "games_played": 1,
      "xg_sum": 1.9568826019624999,
      "hdc_sum": 6.0,
      "gs_sum": 3.075,
      "xg_avg": 1.9568826019624999,
      "hdc_avg": 6.0,
      "gs_avg": 3.075
    },
    "CAR": {
      "games_played": 2,
      "xg_sum": 8.111600198020625,
      "hdc_sum": 9.0,
      "gs_sum": 11.000000000000002,
      "xg_avg": 4.0558000990103125,
      "hdc_avg": 4.5,
      "gs_avg": 5.500000000000001
    },
    "CGY": {
      "games_played": 2,
      "xg_sum": 5.715852338005002,
      "hdc_sum": 12.0,
      "gs_sum": 9.2,
      "xg_avg": 2.857926169002501,
      "hdc_avg": 6.0,
      "gs_avg": 4.6
    },
    "CHI": {
      "games_played": 2,
      "xg_sum": 2.25299488645875,
      "hdc_sum": 7.0,
      "gs_sum": 3.749999999999999,
      "xg_avg": 1.126497443229375,
      "hdc_avg": 3.5,
      "gs_avg": 1.8749999999999996
    },
    "LAK": {
      "games_played": 2,
      "xg_sum": 6.230940311869302,
      "hdc_sum": 13.0,
      "gs_sum": 11.575000000000001,
      "xg_avg": 3.115470155934651,
      "hdc_avg": 6.5,
      "gs_avg": 5.7875000000000005
    },
    "EDM": {
      "games_played": 1,
      "xg_sum": 3.5800902541500004,
      "hdc_sum": 13.0,
      "gs_sum": 6.150000000000001,
      "xg_avg": 3.5800902541500004,
      "hdc_avg": 13.0,
      "gs_avg": 6.150000000000001
    },
    "DET": {
      "games_played": 1,
      "xg_sum": 2.879043462437501,
      "hdc_sum": 9.0,
      "gs_sum": 5.074999999999999,
      "xg_avg": 2.879043462437501,
      "hdc_avg": 9.0,
      "gs_avg": 5.074999999999999
    },
    "SEA": {
      "games_played": 1,
      "xg_sum": 3.6476904278652427,
      "hdc_sum": 6.0,
      "gs_sum": 5.15,
      "xg_avg": 3.6476904278652427,
      "hdc_avg": 6.0,
      "gs_avg": 5.15
    },
    "MIN": {
      "games_played": 1,
      "xg_sum": 2.9693581994000002,
      "hdc_sum": 15.0,
      "gs_sum": 3.4000000000000017,
      "xg_avg": 2.9693581994000002,
      "hdc_avg": 15.0,
      "gs_avg": 3.4000000000000017
    },
    "PHI": {
      "games_played": 1,
      "xg_sum": 2.464531500362501,
      "hdc_sum": 3.0,
      "gs_sum": 3.875000000000001,
      "xg_avg": 2.464531500362501,
      "hdc_avg": 3.0,
      "gs_avg": 3.875000000000001
    },
    "PIT": {
      "games_played": 1,
      "xg_sum": 3.414846916085,
      "hdc_sum": 11.0,
      "gs_sum": 4.650000000000002,
      "xg_avg": 3.414846916085,
      "hdc_avg": 11.0,
      "gs_avg": 4.650000000000002
    }
  }
}