{
  "season": "2025-2026",
  "generated_at": "2026-04-05T04:34:47.062556",
  "total_games": 382,
  "teams": {
    "SJS": {
      "games_played": 12,
      "xg_sum": 35.078836820448856,
      "hdc_sum": 84.0,
      "gs_sum": 50.750000000000014,
      "xg_avg": 2.9232364017040715,
      "hdc_avg": 7.0,
      "gs_avg": 4.229166666666668
    },
    "BOS": {
      "games_played": 13,
      "xg_sum": 42.9748946758013,
      "hdc_sum": 128.0,
      "gs_sum": 61.45,
      "xg_avg": 3.3057611289077924,
      "hdc_avg": 9.846153846153847,
      "gs_avg": 4.726923076923077
    },
    "WSH": {
      "games_played": 11,
      "xg_sum": 30.073958579149902,
      "hdc_sum": 45.0,
      "gs_sum": 41.10000000000001,
      "xg_avg": 2.7339962344681727,
      "hdc_avg": 4.090909090909091,
      "gs_avg": 3.736363636363637
    },
    "BUF": {
      "games_played": 12,
      "xg_sum": 34.3775080097,
      "hdc_sum": 87.0,
      "gs_sum": 49.225,
      "xg_avg": 2.864792334141667,
      "hdc_avg": 7.25,
      "gs_avg": 4.102083333333334
    },
    "ANA": {
      "games_played": 12,
      "xg_sum": 41.272465050352146,
      "hdc_sum": 114.0,
      "gs_sum": 54.375000000000014,
      "xg_avg": 3.4393720875293456,
      "hdc_avg": 9.5,
      "gs_avg": 4.531250000000001
    },
    "TOR": {
      "games_played": 12,
      "xg_sum": 29.289547900667,
      "hdc_sum": 60.0,
      "gs_sum": 42.32500000000001,
      "xg_avg": 2.4407956583889168,
      "hdc_avg": 5.0,
      "gs_avg": 3.527083333333334
    },
    "DET": {
      "games_played": 11,
      "xg_sum": 33.21573537452719,
      "hdc_sum": 65.0,
      "gs_sum": 43.80000000000001,
      "xg_avg": 3.0196123067751994,
      "hdc_avg": 5.909090909090909,
      "gs_avg": 3.981818181818183
    },
    "TBL": {
      "games_played": 13,
      "xg_sum": 43.83575093793288,
      "hdc_sum": 117.0,
      "gs_sum": 66.17500000000001,
      "xg_avg": 3.371980841379452,
      "hdc_avg": 9.0,
      "gs_avg": 5.090384615384616
    },
    "CBJ": {
      "games_played": 13,
      "xg_sum": 40.34644822207,
      "hdc_sum": 115.0,
      "gs_sum": 50.125000000000014,
      "xg_avg": 3.103572940159231,
      "hdc_avg": 8.846153846153847,
      "gs_avg": 3.8557692307692317
    },
    "FLA": {
      "games_played": 12,
      "xg_sum": 39.848778470271505,
      "hdc_sum": 58.0,
      "gs_sum": 47.400000000000006,
      "xg_avg": 3.320731539189292,
      "hdc_avg": 4.833333333333333,
      "gs_avg": 3.9500000000000006
    },
    "CGY": {
      "games_played": 11,
      "xg_sum": 28.081527372328686,
      "hdc_sum": 71.0,
      "gs_sum": 49.45000000000001,
      "xg_avg": 2.5528661247571534,
      "hdc_avg": 6.454545454545454,
      "gs_avg": 4.495454545454546
    },
    "NJD": {
      "games_played": 12,
      "xg_sum": 42.53919183837737,
      "hdc_sum": 126.0,
      "gs_sum": 66.45000000000002,
      "xg_avg": 3.544932653198114,
      "hdc_avg": 10.5,
      "gs_avg": 5.537500000000001
    },
    "STL": {
      "games_played": 11,
      "xg_sum": 33.30425180222288,
      "hdc_sum": 96.0,
      "gs_sum": 46.475000000000016,
      "xg_avg": 3.0276592547475345,
      "hdc_avg": 8.727272727272727,
      "gs_avg": 4.225000000000001
    },
    "CAR": {
      "games_played": 12,
      "xg_sum": 46.01521900040909,
      "hdc_sum": 80.0,
      "gs_sum": 64.55000000000001,
      "xg_avg": 3.8346015833674243,
      "hdc_avg": 6.666666666666667,
      "gs_avg": 5.379166666666667
    },
    "EDM": {
      "games_played": 11,
      "xg_sum": 34.29005483023046,
      "hdc_sum": 111.0,
      "gs_sum": 48.60000000000001,
      "xg_avg": 3.1172777118391326,
      "hdc_avg": 10.090909090909092,
      "gs_avg": 4.418181818181819
    },
    "DAL": {
      "games_played": 13,
      "xg_sum": 37.47729564186065,
      "hdc_sum": 72.0,
      "gs_sum": 47.025000000000006,
      "xg_avg": 2.8828688955277424,
      "hdc_avg": 5.538461538461538,
      "gs_avg": 3.617307692307693
    },
    "PHI": {
      "games_played": 12,
      "xg_sum": 43.02613843014773,
      "hdc_sum": 92.0,
      "gs_sum": 53.42500000000001,
      "xg_avg": 3.585511535845644,
      "hdc_avg": 7.666666666666667,
      "gs_avg": 4.452083333333334
    },
    "MIN": {
      "games_played": 11,
      "xg_sum": 41.26553759212281,
      "hdc_sum": 78.0,
      "gs_sum": 50.95000000000001,
      "xg_avg": 3.751412508374801,
      "hdc_avg": 7.090909090909091,
      "gs_avg": 4.631818181818183
    },
    "NYR": {
      "games_played": 13,
      "xg_sum": 35.58324944167683,
      "hdc_sum": 67.0,
      "gs_sum": 51.85000000000001,
      "xg_avg": 2.7371730339751403,
      "hdc_avg": 5.153846153846154,
      "gs_avg": 3.988461538461539
    },
    "WPG": {
      "games_played": 13,
      "xg_sum": 36.53863795556006,
      "hdc_sum": 73.0,
      "gs_sum": 53.30000000000001,
      "xg_avg": 2.8106644581200046,
      "hdc_avg": 5.615384615384615,
      "gs_avg": 4.1000000000000005
    },
    "CHI": {
      "games_played": 12,
      "xg_sum": 31.665889944709317,
      "hdc_sum": 75.0,
      "gs_sum": 39.00000000000001,
      "xg_avg": 2.6388241620591097,
      "hdc_avg": 6.25,
      "gs_avg": 3.2500000000000004
    },
    "UTA": {
      "games_played": 11,
      "xg_sum": 35.85597206642723,
      "hdc_sum": 100.0,
      "gs_sum": 56.650000000000006,
      "xg_avg": 3.259633824220657,
      "hdc_avg": 9.090909090909092,
      "gs_avg": 5.15
    },
    "NSH": {
      "games_played": 11,
      "xg_sum": 35.30302839615758,
      "hdc_sum": 88.0,
      "gs_sum": 45.075,
      "xg_avg": 3.2093662178325073,
      "hdc_avg": 8.0,
      "gs_avg": 4.097727272727273
    },
    "VAN": {
      "games_played": 12,
      "xg_sum": 32.45119980805796,
      "hdc_sum": 80.0,
      "gs_sum": 48.90000000000001,
      "xg_avg": 2.7042666506714963,
      "hdc_avg": 6.666666666666667,
      "gs_avg": 4.075000000000001
    },
    "PIT": {
      "games_played": 13,
      "xg_sum": 43.68602095849769,
      "hdc_sum": 123.0,
      "gs_sum": 69.75000000000001,
      "xg_avg": 3.360463150653669,
      "hdc_avg": 9.461538461538462,
      "gs_avg": 5.365384615384617
    },
    "VGK": {
      "games_played": 11,
      "xg_sum": 39.09461974668156,
      "hdc_sum": 68.0,
      "gs_sum": 48.150000000000006,
      "xg_avg": 3.5540563406074144,
      "hdc_avg": 6.181818181818182,
      "gs_avg": 4.377272727272728
    },
    "COL": {
      "games_played": 12,
      "xg_sum": 44.206907572999434,
      "hdc_sum": 82.0,
      "gs_sum": 63.375,
      "xg_avg": 3.6839089644166196,
      "hdc_avg": 6.833333333333333,
      "gs_avg": 5.28125
    },
    "SEA": {
      "games_played": 11,
      "xg_sum": 28.684456409459035,
      "hdc_sum": 75.0,
      "gs_sum": 42.70000000000001,
      "xg_avg": 2.607677855405367,
      "hdc_avg": 6.818181818181818,
      "gs_avg": 3.8818181818181827
    },
    "LAK": {
      "games_played": 12,
      "xg_sum": 41.25545258150375,
      "hdc_sum": 90.0,
      "gs_sum": 59.750000000000014,
      "xg_avg": 3.437954381791979,
      "hdc_avg": 7.5,
      "gs_avg": 4.979166666666668
    },
    "NYI": {
      "games_played": 13,
      "xg_sum": 40.24405602436159,
      "hdc_sum": 120.0,
      "gs_sum": 53.275000000000006,
      "xg_avg": 3.095696617258584,
      "hdc_avg": 9.23076923076923,
      "gs_avg": 4.098076923076923
    },
    "OTT": {
      "games_played": 12,
      "xg_sum": 40.68684721676887,
      "hdc_sum": 109.0,
      "gs_sum": 53.42500000000001,
      "xg_avg": 3.3905706013974055,
      "hdc_avg": 9.083333333333334,
      "gs_avg": 4.452083333333334
    },
    "MTL": {
      "games_played": 12,
      "xg_sum": 41.15566208225662,
      "hdc_sum": 79.0,
      "gs_sum": 54.62500000000002,
      "xg_avg": 3.4296385068547184,
      "hdc_avg": 6.583333333333333,
      "gs_avg": 4.552083333333335
    }
  }
}