{
  "season": "2025-2026",
  "generated_at": "2025-12-06T19:54:55.126343",
  "total_games": 98,
  "teams": {
    "VGK": {
      "games_played": 12,
      "xg_sum": 37.874926492674,
      "hdc_sum": 36.0,
      "gs_sum": 51.00000000000001,
      "xg_avg": 3.1562438743895,
      "hdc_avg": 3.0,
      "gs_avg": 4.250000000000001
    },
    "NJD": {
      "games_played": 12,
      "xg_sum": 30.74882474025,
      "hdc_sum": 24.0,
      "gs_sum": 32.4,
      "xg_avg": 2.5624020616875,
      "hdc_avg": 2.0,
      "gs_avg": 2.6999999999999997
    },
    "BUF": {
      "games_played": 12,
      "xg_sum": 52.15360831110002,
      "hdc_sum": 144.0,
      "gs_sum": 40.80000000000001,
      "xg_avg": 4.346134025925002,
      "hdc_avg": 12.0,
      "gs_avg": 3.400000000000001
    },
    "WPG": {
      "games_played": 12,
      "xg_sum": 24.410926745849995,
      "hdc_sum": 60.0,
      "gs_sum": 51.90000000000003,
      "xg_avg": 2.0342438954874997,
      "hdc_avg": 5.0,
      "gs_avg": 4.325000000000002
    },
    "SJS": {
      "games_played": 11,
      "xg_sum": 21.110930010775,
      "hdc_sum": 77.0,
      "gs_sum": 25.84999999999998,
      "xg_avg": 1.919175455525,
      "hdc_avg": 7.0,
      "gs_avg": 2.3499999999999983
    },
    "DAL": {
      "games_played": 11,
      "xg_sum": 30.41309822526251,
      "hdc_sum": 11.0,
      "gs_sum": 46.75000000000001,
      "xg_avg": 2.764827111387501,
      "hdc_avg": 1.0,
      "gs_avg": 4.250000000000001
    },
    "UTA": {
      "games_played": 9,
      "xg_sum": 24.459359558287492,
      "hdc_sum": 45.0,
      "gs_sum": 36.45,
      "xg_avg": 2.717706617587499,
      "hdc_avg": 5.0,
      "gs_avg": 4.050000000000001
    },
    "VAN": {
      "games_played": 9,
      "xg_sum": 42.20156474467201,
      "hdc_sum": 72.0,
      "gs_sum": 34.724999999999994,
      "xg_avg": 4.689062749408001,
      "hdc_avg": 8.0,
      "gs_avg": 3.8583333333333325
    },
    "WSH": {
      "games_played": 5,
      "xg_sum": 19.292766706239263,
      "hdc_sum": 30.0,
      "gs_sum": 23.749999999999996,
      "xg_avg": 3.8585533412478528,
      "hdc_avg": 6.0,
      "gs_avg": 4.749999999999999
    },
    "ANA": {
      "games_played": 5,
      "xg_sum": 21.922336013825007,
      "hdc_sum": 50.0,
      "gs_sum": 35.25,
      "xg_avg": 4.384467202765001,
      "hdc_avg": 10.0,
      "gs_avg": 7.05
    }
  }
}