{
  "season": "2025-2026",
  "generated_at": "2026-04-06T00:02:30.977273",
  "total_games": 398,
  "teams": {
    "SJS": {
      "games_played": 13,
      "xg_sum": 37.80232720439136,
      "hdc_sum": 91.0,
      "gs_sum": 54.65000000000001,
      "xg_avg": 2.90787132341472,
      "hdc_avg": 7.0,
      "gs_avg": 4.203846153846155
    },
    "BOS": {
      "games_played": 14,
      "xg_sum": 45.0167223483138,
      "hdc_sum": 130.0,
      "gs_sum": 63.45,
      "xg_avg": 3.2154801677367,
      "hdc_avg": 9.285714285714286,
      "gs_avg": 4.5321428571428575
    },
    "WSH": {
      "games_played": 11,
      "xg_sum": 30.073958579149902,
      "hdc_sum": 45.0,
      "gs_sum": 41.10000000000001,
      "xg_avg": 2.7339962344681727,
      "hdc_avg": 4.090909090909091,
      "gs_avg": 3.736363636363637
    },
    "BUF": {
      "games_played": 12,
      "xg_sum": 34.3775080097,
      "hdc_sum": 87.0,
      "gs_sum": 49.225,
      "xg_avg": 2.864792334141667,
      "hdc_avg": 7.25,
      "gs_avg": 4.102083333333334
    },
    "ANA": {
      "games_played": 13,
      "xg_sum": 45.67718838665475,
      "hdc_sum": 125.0,
      "gs_sum": 60.02500000000001,
      "xg_avg": 3.513629875896519,
      "hdc_avg": 9.615384615384615,
      "gs_avg": 4.617307692307693
    },
    "TOR": {
      "games_played": 12,
      "xg_sum": 29.289547900667,
      "hdc_sum": 60.0,
      "gs_sum": 42.32500000000001,
      "xg_avg": 2.4407956583889168,
      "hdc_avg": 5.0,
      "gs_avg": 3.527083333333334
    },
    "DET": {
      "games_played": 12,
      "xg_sum": 36.603595345362415,
      "hdc_sum": 66.0,
      "gs_sum": 49.250000000000014,
      "xg_avg": 3.0502996121135344,
      "hdc_avg": 5.5,
      "gs_avg": 4.104166666666668
    },
    "TBL": {
      "games_played": 13,
      "xg_sum": 43.83575093793288,
      "hdc_sum": 117.0,
      "gs_sum": 66.17500000000001,
      "xg_avg": 3.371980841379452,
      "hdc_avg": 9.0,
      "gs_avg": 5.090384615384616
    },
    "CBJ": {
      "games_played": 13,
      "xg_sum": 40.34644822207,
      "hdc_sum": 115.0,
      "gs_sum": 50.125000000000014,
      "xg_avg": 3.103572940159231,
      "hdc_avg": 8.846153846153847,
      "gs_avg": 3.8557692307692317
    },
    "FLA": {
      "games_played": 13,
      "xg_sum": 39.848778470271505,
      "hdc_sum": 58.0,
      "gs_sum": 47.400000000000006,
      "xg_avg": 3.0652906515593465,
      "hdc_avg": 4.461538461538462,
      "gs_avg": 3.6461538461538465
    },
    "CGY": {
      "games_played": 12,
      "xg_sum": 31.44919926325369,
      "hdc_sum": 77.0,
      "gs_sum": 54.57500000000001,
      "xg_avg": 2.620766605271141,
      "hdc_avg": 6.416666666666667,
      "gs_avg": 4.5479166666666675
    },
    "NJD": {
      "games_played": 12,
      "xg_sum": 42.53919183837737,
      "hdc_sum": 126.0,
      "gs_sum": 66.45000000000002,
      "xg_avg": 3.544932653198114,
      "hdc_avg": 10.5,
      "gs_avg": 5.537500000000001
    },
    "STL": {
      "games_played": 11,
      "xg_sum": 33.30425180222288,
      "hdc_sum": 96.0,
      "gs_sum": 46.475000000000016,
      "xg_avg": 3.0276592547475345,
      "hdc_avg": 8.727272727272727,
      "gs_avg": 4.225000000000001
    },
    "CAR": {
      "games_played": 13,
      "xg_sum": 49.16334915073409,
      "hdc_sum": 85.0,
      "gs_sum": 69.62500000000001,
      "xg_avg": 3.781796088518007,
      "hdc_avg": 6.538461538461538,
      "gs_avg": 5.355769230769232
    },
    "EDM": {
      "games_played": 12,
      "xg_sum": 37.89242582567024,
      "hdc_sum": 123.0,
      "gs_sum": 52.27500000000001,
      "xg_avg": 3.1577021521391866,
      "hdc_avg": 10.25,
      "gs_avg": 4.356250000000001
    },
    "DAL": {
      "games_played": 13,
      "xg_sum": 37.47729564186065,
      "hdc_sum": 72.0,
      "gs_sum": 47.025000000000006,
      "xg_avg": 2.8828688955277424,
      "hdc_avg": 5.538461538461538,
      "gs_avg": 3.617307692307693
    },
    "PHI": {
      "games_played": 13,
      "xg_sum": 45.818644956808974,
      "hdc_sum": 99.0,
      "gs_sum": 57.500000000000014,
      "xg_avg": 3.524511150523767,
      "hdc_avg": 7.615384615384615,
      "gs_avg": 4.423076923076924
    },
    "MIN": {
      "games_played": 12,
      "xg_sum": 43.310485500310314,
      "hdc_sum": 81.0,
      "gs_sum": 56.07500000000001,
      "xg_avg": 3.6092071250258595,
      "hdc_avg": 6.75,
      "gs_avg": 4.6729166666666675
    },
    "NYR": {
      "games_played": 13,
      "xg_sum": 35.58324944167683,
      "hdc_sum": 67.0,
      "gs_sum": 51.85000000000001,
      "xg_avg": 2.7371730339751403,
      "hdc_avg": 5.153846153846154,
      "gs_avg": 3.988461538461539
    },
    "WPG": {
      "games_played": 13,
      "xg_sum": 36.53863795556006,
      "hdc_sum": 73.0,
      "gs_sum": 53.30000000000001,
      "xg_avg": 2.8106644581200046,
      "hdc_avg": 5.615384615384615,
      "gs_avg": 4.1000000000000005
    },
    "CHI": {
      "games_played": 13,
      "xg_sum": 34.50618442625932,
      "hdc_sum": 83.0,
      "gs_sum": 44.37500000000001,
      "xg_avg": 2.6543218789430245,
      "hdc_avg": 6.384615384615385,
      "gs_avg": 3.413461538461539
    },
    "UTA": {
      "games_played": 11,
      "xg_sum": 35.85597206642723,
      "hdc_sum": 100.0,
      "gs_sum": 56.650000000000006,
      "xg_avg": 3.259633824220657,
      "hdc_avg": 9.090909090909092,
      "gs_avg": 5.15
    },
    "NSH": {
      "games_played": 12,
      "xg_sum": 38.30085692243258,
      "hdc_sum": 91.0,
      "gs_sum": 51.525000000000006,
      "xg_avg": 3.1917380768693815,
      "hdc_avg": 7.583333333333333,
      "gs_avg": 4.29375
    },
    "VAN": {
      "games_played": 12,
      "xg_sum": 32.45119980805796,
      "hdc_sum": 80.0,
      "gs_sum": 48.90000000000001,
      "xg_avg": 2.7042666506714963,
      "hdc_avg": 6.666666666666667,
      "gs_avg": 4.075000000000001
    },
    "PIT": {
      "games_played": 14,
      "xg_sum": 43.68602095849769,
      "hdc_sum": 123.0,
      "gs_sum": 69.75000000000001,
      "xg_avg": 3.120430068464121,
      "hdc_avg": 8.785714285714286,
      "gs_avg": 4.9821428571428585
    },
    "VGK": {
      "games_played": 12,
      "xg_sum": 42.17878535696906,
      "hdc_sum": 72.0,
      "gs_sum": 54.20000000000001,
      "xg_avg": 3.5148987797474214,
      "hdc_avg": 6.0,
      "gs_avg": 4.5166666666666675
    },
    "COL": {
      "games_played": 12,
      "xg_sum": 44.206907572999434,
      "hdc_sum": 82.0,
      "gs_sum": 63.375,
      "xg_avg": 3.6839089644166196,
      "hdc_avg": 6.833333333333333,
      "gs_avg": 5.28125
    },
    "SEA": {
      "games_played": 12,
      "xg_sum": 31.819538812680882,
      "hdc_sum": 82.0,
      "gs_sum": 46.72500000000001,
      "xg_avg": 2.6516282343900737,
      "hdc_avg": 6.833333333333333,
      "gs_avg": 3.8937500000000007
    },
    "LAK": {
      "games_played": 12,
      "xg_sum": 41.25545258150375,
      "hdc_sum": 90.0,
      "gs_sum": 59.750000000000014,
      "xg_avg": 3.437954381791979,
      "hdc_avg": 7.5,
      "gs_avg": 4.979166666666668
    },
    "NYI": {
      "games_played": 13,
      "xg_sum": 40.24405602436159,
      "hdc_sum": 120.0,
      "gs_sum": 53.275000000000006,
      "xg_avg": 3.095696617258584,
      "hdc_avg": 9.23076923076923,
      "gs_avg": 4.098076923076923
    },
    "OTT": {
      "games_played": 13,
      "xg_sum": 45.284393436593874,
      "hdc_sum": 124.0,
      "gs_sum": 60.10000000000001,
      "xg_avg": 3.4834148797379902,
      "hdc_avg": 9.538461538461538,
      "gs_avg": 4.6230769230769235
    },
    "MTL": {
      "games_played": 12,
      "xg_sum": 41.15566208225662,
      "hdc_sum": 79.0,
      "gs_sum": 54.62500000000002,
      "xg_avg": 3.4296385068547184,
      "hdc_avg": 6.583333333333333,
      "gs_avg": 4.552083333333335
    }
  }
}