{
  "season": "2025-2026",
  "generated_at": "2026-01-18T03:58:04.050618",
  "total_games": 794,
  "teams": {
    "VGK": {
      "games_played": 36,
      "xg_sum": 116.30834622817353,
      "hdc_sum": 152.0,
      "gs_sum": 167.22500000000005,
      "xg_avg": 3.2307873952270425,
      "hdc_avg": 4.222222222222222,
      "gs_avg": 4.645138888888891
    },
    "NJD": {
      "games_played": 38,
      "xg_sum": 114.63421465927134,
      "hdc_sum": 197.0,
      "gs_sum": 131.02500000000003,
      "xg_avg": 3.016689859454509,
      "hdc_avg": 5.184210526315789,
      "gs_avg": 3.4480263157894746
    },
    "BUF": {
      "games_played": 35,
      "xg_sum": 123.81951103603076,
      "hdc_sum": 329.0,
      "gs_sum": 141.25000000000003,
      "xg_avg": 3.5377003153151647,
      "hdc_avg": 9.4,
      "gs_avg": 4.0357142857142865
    },
    "WPG": {
      "games_played": 37,
      "xg_sum": 99.60392875508991,
      "hdc_sum": 186.0,
      "gs_sum": 163.35000000000005,
      "xg_avg": 2.6919980744618894,
      "hdc_avg": 5.027027027027027,
      "gs_avg": 4.4148648648648665
    },
    "SJS": {
      "games_played": 33,
      "xg_sum": 88.5565332759917,
      "hdc_sum": 283.0,
      "gs_sum": 117.69999999999996,
      "xg_avg": 2.6835313113936876,
      "hdc_avg": 8.575757575757576,
      "gs_avg": 3.5666666666666655
    },
    "DAL": {
      "games_played": 35,
      "xg_sum": 101.60175956135411,
      "hdc_sum": 146.0,
      "gs_sum": 149.45000000000005,
      "xg_avg": 2.902907416038689,
      "hdc_avg": 4.171428571428572,
      "gs_avg": 4.270000000000001
    },
    "UTA": {
      "games_played": 34,
      "xg_sum": 111.35710184339852,
      "hdc_sum": 239.0,
      "gs_sum": 149.87499999999997,
      "xg_avg": 3.2752088777470156,
      "hdc_avg": 7.029411764705882,
      "gs_avg": 4.408088235294117
    },
    "VAN": {
      "games_played": 33,
      "xg_sum": 127.77432850472977,
      "hdc_sum": 219.0,
      "gs_sum": 131.025,
      "xg_avg": 3.8719493486281746,
      "hdc_avg": 6.636363636363637,
      "gs_avg": 3.9704545454545457
    },
    "WSH": {
      "games_played": 29,
      "xg_sum": 99.07093560211021,
      "hdc_sum": 183.0,
      "gs_sum": 125.57499999999999,
      "xg_avg": 3.4162391586934557,
      "hdc_avg": 6.310344827586207,
      "gs_avg": 4.330172413793103
    },
    "ANA": {
      "games_played": 30,
      "xg_sum": 113.87493458386162,
      "hdc_sum": 275.0,
      "gs_sum": 160.425,
      "xg_avg": 3.795831152795387,
      "hdc_avg": 9.166666666666666,
      "gs_avg": 5.3475
    },
    "COL": {
      "games_played": 21,
      "xg_sum": 77.4490167255221,
      "hdc_sum": 202.0,
      "gs_sum": 122.85,
      "xg_avg": 3.6880484155010524,
      "hdc_avg": 9.619047619047619,
      "gs_avg": 5.85
    },
    "NYR": {
      "games_played": 22,
      "xg_sum": 61.513290694248845,
      "hdc_sum": 112.0,
      "gs_sum": 86.55000000000001,
      "xg_avg": 2.796058667920402,
      "hdc_avg": 5.090909090909091,
      "gs_avg": 3.9340909090909095
    },
    "CBJ": {
      "games_played": 20,
      "xg_sum": 69.74921821908032,
      "hdc_sum": 174.0,
      "gs_sum": 95.55000000000001,
      "xg_avg": 3.487460910954016,
      "hdc_avg": 8.7,
      "gs_avg": 4.777500000000001
    },
    "FLA": {
      "games_played": 21,
      "xg_sum": 68.1847819062976,
      "hdc_sum": 144.0,
      "gs_sum": 94.42500000000003,
      "xg_avg": 3.246894376490362,
      "hdc_avg": 6.857142857142857,
      "gs_avg": 4.496428571428573
    },
    "BOS": {
      "games_played": 19,
      "xg_sum": 58.257749995169064,
      "hdc_sum": 156.0,
      "gs_sum": 86.60000000000002,
      "xg_avg": 3.066197368166793,
      "hdc_avg": 8.210526315789474,
      "gs_avg": 4.5578947368421066
    },
    "MTL": {
      "games_played": 23,
      "xg_sum": 76.61646827977006,
      "hdc_sum": 127.0,
      "gs_sum": 105.75,
      "xg_avg": 3.3311507947726113,
      "hdc_avg": 5.521739130434782,
      "gs_avg": 4.5978260869565215
    },
    "TOR": {
      "games_played": 23,
      "xg_sum": 61.96262096849652,
      "hdc_sum": 157.0,
      "gs_sum": 104.22500000000004,
      "xg_avg": 2.694026998630284,
      "hdc_avg": 6.826086956521739,
      "gs_avg": 4.5315217391304365
    },
    "STL": {
      "games_played": 19,
      "xg_sum": 50.2708766674114,
      "hdc_sum": 136.0,
      "gs_sum": 66.72500000000002,
      "xg_avg": 2.6458356140742842,
      "hdc_avg": 7.157894736842105,
      "gs_avg": 3.511842105263159
    },
    "OTT": {
      "games_played": 20,
      "xg_sum": 72.66623610867546,
      "hdc_sum": 202.0,
      "gs_sum": 98.70000000000002,
      "xg_avg": 3.633311805433773,
      "hdc_avg": 10.1,
      "gs_avg": 4.9350000000000005
    },
    "NYI": {
      "games_played": 21,
      "xg_sum": 61.02910146906431,
      "hdc_sum": 162.0,
      "gs_sum": 88.15000000000003,
      "xg_avg": 2.9061476890030624,
      "hdc_avg": 7.714285714285714,
      "gs_avg": 4.19761904761905
    },
    "TBL": {
      "games_played": 18,
      "xg_sum": 63.95813876641271,
      "hdc_sum": 159.0,
      "gs_sum": 87.65,
      "xg_avg": 3.5532299314673725,
      "hdc_avg": 8.833333333333334,
      "gs_avg": 4.8694444444444445
    },
    "NSH": {
      "games_played": 19,
      "xg_sum": 60.1008052861666,
      "hdc_sum": 150.0,
      "gs_sum": 85.825,
      "xg_avg": 3.1632002782192945,
      "hdc_avg": 7.894736842105263,
      "gs_avg": 4.5171052631578945
    },
    "CAR": {
      "games_played": 23,
      "xg_sum": 85.31043370741091,
      "hdc_sum": 166.0,
      "gs_sum": 120.47500000000004,
      "xg_avg": 3.709149291626561,
      "hdc_avg": 7.217391304347826,
      "gs_avg": 5.238043478260871
    },
    "CGY": {
      "games_played": 18,
      "xg_sum": 55.38493792624749,
      "hdc_sum": 102.0,
      "gs_sum": 78.30000000000001,
      "xg_avg": 3.076940995902638,
      "hdc_avg": 5.666666666666667,
      "gs_avg": 4.3500000000000005
    },
    "CHI": {
      "games_played": 23,
      "xg_sum": 61.75637754554596,
      "hdc_sum": 129.0,
      "gs_sum": 85.97500000000001,
      "xg_avg": 2.685059893284607,
      "hdc_avg": 5.608695652173913,
      "gs_avg": 3.73804347826087
    },
    "LAK": {
      "games_played": 20,
      "xg_sum": 65.15339653487527,
      "hdc_sum": 108.0,
      "gs_sum": 85.07499999999997,
      "xg_avg": 3.2576698267437636,
      "hdc_avg": 5.4,
      "gs_avg": 4.253749999999998
    },
    "EDM": {
      "games_played": 19,
      "xg_sum": 68.11217183219404,
      "hdc_sum": 198.0,
      "gs_sum": 91.20000000000002,
      "xg_avg": 3.584851149062844,
      "hdc_avg": 10.421052631578947,
      "gs_avg": 4.800000000000001
    },
    "DET": {
      "games_played": 20,
      "xg_sum": 62.71203076102182,
      "hdc_sum": 126.0,
      "gs_sum": 86.70000000000002,
      "xg_avg": 3.135601538051091,
      "hdc_avg": 6.3,
      "gs_avg": 4.335000000000001
    },
    "SEA": {
      "games_played": 24,
      "xg_sum": 70.98362812534062,
      "hdc_sum": 170.0,
      "gs_sum": 102.55000000000001,
      "xg_avg": 2.9576511718891925,
      "hdc_avg": 7.083333333333333,
      "gs_avg": 4.272916666666667
    },
    "MIN": {
      "games_played": 20,
      "xg_sum": 69.74772341834702,
      "hdc_sum": 159.0,
      "gs_sum": 101.30000000000004,
      "xg_avg": 3.4873861709173513,
      "hdc_avg": 7.95,
      "gs_avg": 5.065000000000002
    },
    "PHI": {
      "games_played": 20,
      "xg_sum": 63.489427624434086,
      "hdc_sum": 117.0,
      "gs_sum": 84.67500000000001,
      "xg_avg": 3.1744713812217045,
      "hdc_avg": 5.85,
      "gs_avg": 4.233750000000001
    },
    "PIT": {
      "games_played": 21,
      "xg_sum": 75.90078723946904,
      "hdc_sum": 234.0,
      "gs_sum": 104.875,
      "xg_avg": 3.614323201879478,
      "hdc_avg": 11.142857142857142,
      "gs_avg": 4.994047619047619
    }
  }
}