{
  "season": "2025-2026",
  "generated_at": "2025-12-06T03:50:20.908061",
  "total_games": 10,
  "teams": {
    "VGK": {
      "games_played": 2,
      "xg_sum": 6.312487748779,
      "hdc_sum": 6.0,
      "gs_sum": 8.500000000000002,
      "xg_avg": 3.1562438743895,
      "hdc_avg": 3.0,
      "gs_avg": 4.250000000000001
    },
    "NJD": {
      "games_played": 2,
      "xg_sum": 5.124804123375,
      "hdc_sum": 4.0,
      "gs_sum": 5.4,
      "xg_avg": 2.5624020616875,
      "hdc_avg": 2.0,
      "gs_avg": 2.7
    },
    "BUF": {
      "games_played": 2,
      "xg_sum": 8.692268051850002,
      "hdc_sum": 24.0,
      "gs_sum": 6.800000000000002,
      "xg_avg": 4.346134025925001,
      "hdc_avg": 12.0,
      "gs_avg": 3.400000000000001
    },
    "WPG": {
      "games_played": 2,
      "xg_sum": 4.0684877909749995,
      "hdc_sum": 10.0,
      "gs_sum": 8.650000000000004,
      "xg_avg": 2.0342438954874997,
      "hdc_avg": 5.0,
      "gs_avg": 4.325000000000002
    },
    "SJS": {
      "games_played": 1,
      "xg_sum": 1.919175455525,
      "hdc_sum": 7.0,
      "gs_sum": 2.3499999999999988,
      "xg_avg": 1.919175455525,
      "hdc_avg": 7.0,
      "gs_avg": 2.3499999999999988
    },
    "DAL": {
      "games_played": 1,
      "xg_sum": 2.764827111387501,
      "hdc_sum": 1.0,
      "gs_sum": 4.250000000000001,
      "xg_avg": 2.764827111387501,
      "hdc_avg": 1.0,
      "gs_avg": 4.250000000000001
    }
  }
}