{
  "season": "2025-2026",
  "generated_at": "2026-04-30T07:14:17.800777",
  "total_games": 984,
  "teams": {
    "SJS": {
      "games_played": 17,
      "xg_sum": 47.74499897480443,
      "hdc_sum": 119.0,
      "gs_sum": 68.95000000000002,
      "xg_avg": 2.808529351459084,
      "hdc_avg": 7.0,
      "gs_avg": 4.055882352941177
    },
    "BOS": {
      "games_played": 46,
      "xg_sum": 138.24169991372855,
      "hdc_sum": 415.0,
      "gs_sum": 150.2499999999999,
      "xg_avg": 3.005254345950621,
      "hdc_avg": 9.021739130434783,
      "gs_avg": 3.2663043478260847
    },
    "WSH": {
      "games_played": 15,
      "xg_sum": 43.70830892071101,
      "hdc_sum": 74.0,
      "gs_sum": 59.7,
      "xg_avg": 2.9138872613807343,
      "hdc_avg": 4.933333333333334,
      "gs_avg": 3.98
    },
    "BUF": {
      "games_played": 46,
      "xg_sum": 164.40347514805626,
      "hdc_sum": 262.0,
      "gs_sum": 225.12499999999991,
      "xg_avg": 3.5739885901751363,
      "hdc_avg": 5.695652173913044,
      "gs_avg": 4.894021739130433
    },
    "ANA": {
      "games_played": 51,
      "xg_sum": 188.60526177543238,
      "hdc_sum": 514.0,
      "gs_sum": 308.47499999999985,
      "xg_avg": 3.698142387753576,
      "hdc_avg": 10.07843137254902,
      "gs_avg": 6.048529411764703
    },
    "TOR": {
      "games_played": 15,
      "xg_sum": 37.31639427613013,
      "hdc_sum": 70.0,
      "gs_sum": 50.92500000000001,
      "xg_avg": 2.4877596184086754,
      "hdc_avg": 4.666666666666667,
      "gs_avg": 3.395000000000001
    },
    "DET": {
      "games_played": 14,
      "xg_sum": 42.45687992070684,
      "hdc_sum": 82.0,
      "gs_sum": 60.95000000000001,
      "xg_avg": 3.0326342800504884,
      "hdc_avg": 5.857142857142857,
      "gs_avg": 4.3535714285714295
    },
    "TBL": {
      "games_played": 44,
      "xg_sum": 132.46877692163835,
      "hdc_sum": 352.0,
      "gs_sum": 153.37500000000003,
      "xg_avg": 3.010654020946326,
      "hdc_avg": 8.0,
      "gs_avg": 3.485795454545455
    },
    "CBJ": {
      "games_played": 16,
      "xg_sum": 54.63523806232921,
      "hdc_sum": 150.0,
      "gs_sum": 70.92500000000003,
      "xg_avg": 3.4147023788955755,
      "hdc_avg": 9.375,
      "gs_avg": 4.432812500000002
    },
    "FLA": {
      "games_played": 17,
      "xg_sum": 53.04131810652355,
      "hdc_sum": 105.0,
      "gs_sum": 74.725,
      "xg_avg": 3.1200775356778556,
      "hdc_avg": 6.176470588235294,
      "gs_avg": 4.395588235294118
    },
    "CGY": {
      "games_played": 16,
      "xg_sum": 41.33669659863371,
      "hdc_sum": 99.0,
      "gs_sum": 67.42500000000001,
      "xg_avg": 2.5835435374146067,
      "hdc_avg": 6.1875,
      "gs_avg": 4.214062500000001
    },
    "NJD": {
      "games_played": 15,
      "xg_sum": 48.05434292526162,
      "hdc_sum": 126.0,
      "gs_sum": 68.475,
      "xg_avg": 3.2036228616841083,
      "hdc_avg": 8.4,
      "gs_avg": 4.5649999999999995
    },
    "STL": {
      "games_played": 15,
      "xg_sum": 44.01898429903766,
      "hdc_sum": 130.0,
      "gs_sum": 68.10000000000001,
      "xg_avg": 2.9345989532691776,
      "hdc_avg": 8.666666666666666,
      "gs_avg": 4.540000000000001
    },
    "CAR": {
      "games_played": 50,
      "xg_sum": 191.69099621470076,
      "hdc_sum": 227.0,
      "gs_sum": 224.4500000000001,
      "xg_avg": 3.833819924294015,
      "hdc_avg": 4.54,
      "gs_avg": 4.489000000000002
    },
    "EDM": {
      "games_played": 51,
      "xg_sum": 142.10160325737635,
      "hdc_sum": 453.0,
      "gs_sum": 239.27499999999986,
      "xg_avg": 2.7863059462230657,
      "hdc_avg": 8.882352941176471,
      "gs_avg": 4.691666666666664
    },
    "DAL": {
      "games_played": 50,
      "xg_sum": 168.31157946304262,
      "hdc_sum": 402.0,
      "gs_sum": 232.05000000000018,
      "xg_avg": 3.3662315892608525,
      "hdc_avg": 8.04,
      "gs_avg": 4.641000000000004
    },
    "PHI": {
      "games_played": 50,
      "xg_sum": 160.1093669493791,
      "hdc_sum": 330.0,
      "gs_sum": 196.32500000000002,
      "xg_avg": 3.2021873389875823,
      "hdc_avg": 6.6,
      "gs_avg": 3.9265000000000003
    },
    "MIN": {
      "games_played": 48,
      "xg_sum": 169.78771816193694,
      "hdc_sum": 286.0,
      "gs_sum": 241.12500000000014,
      "xg_avg": 3.537244128373686,
      "hdc_avg": 5.958333333333333,
      "gs_avg": 5.023437500000003
    },
    "NYR": {
      "games_played": 19,
      "xg_sum": 55.11042114915968,
      "hdc_sum": 114.0,
      "gs_sum": 81.49999999999999,
      "xg_avg": 2.90054848153472,
      "hdc_avg": 6.0,
      "gs_avg": 4.289473684210526
    },
    "WPG": {
      "games_played": 17,
      "xg_sum": 48.656952694130354,
      "hdc_sum": 95.0,
      "gs_sum": 70.72500000000001,
      "xg_avg": 2.862173687890021,
      "hdc_avg": 5.588235294117647,
      "gs_avg": 4.16029411764706
    },
    "CHI": {
      "games_played": 16,
      "xg_sum": 40.95959503049232,
      "hdc_sum": 96.0,
      "gs_sum": 55.85000000000001,
      "xg_avg": 2.55997468940577,
      "hdc_avg": 6.0,
      "gs_avg": 3.4906250000000005
    },
    "UTA": {
      "games_played": 37,
      "xg_sum": 92.71273732078834,
      "hdc_sum": 199.0,
      "gs_sum": 158.29999999999998,
      "xg_avg": 2.5057496573186038,
      "hdc_avg": 5.378378378378378,
      "gs_avg": 4.2783783783783775
    },
    "NSH": {
      "games_played": 16,
      "xg_sum": 47.53674217654653,
      "hdc_sum": 115.0,
      "gs_sum": 62.5,
      "xg_avg": 2.9710463860341583,
      "hdc_avg": 7.1875,
      "gs_avg": 3.90625
    },
    "VAN": {
      "games_played": 15,
      "xg_sum": 40.8151848045925,
      "hdc_sum": 84.0,
      "gs_sum": 56.100000000000016,
      "xg_avg": 2.7210123203061665,
      "hdc_avg": 5.6,
      "gs_avg": 3.740000000000001
    },
    "PIT": {
      "games_played": 50,
      "xg_sum": 135.2956750115906,
      "hdc_sum": 421.0,
      "gs_sum": 203.75,
      "xg_avg": 2.7059135002318118,
      "hdc_avg": 8.42,
      "gs_avg": 4.075
    },
    "VGK": {
      "games_played": 37,
      "xg_sum": 137.71266300150748,
      "hdc_sum": 248.0,
      "gs_sum": 175.17500000000004,
      "xg_avg": 3.7219638649056077,
      "hdc_avg": 6.702702702702703,
      "gs_avg": 4.734459459459461
    },
    "COL": {
      "games_played": 39,
      "xg_sum": 122.77483493334736,
      "hdc_sum": 309.0,
      "gs_sum": 199.17499999999984,
      "xg_avg": 3.1480726905986502,
      "hdc_avg": 7.923076923076923,
      "gs_avg": 5.107051282051278
    },
    "SEA": {
      "games_played": 17,
      "xg_sum": 43.72124245097605,
      "hdc_sum": 123.0,
      "gs_sum": 67.20000000000002,
      "xg_avg": 2.5718377912338855,
      "hdc_avg": 7.235294117647059,
      "gs_avg": 3.9529411764705893
    },
    "LAK": {
      "games_played": 38,
      "xg_sum": 123.86003625347473,
      "hdc_sum": 232.0,
      "gs_sum": 145.90000000000006,
      "xg_avg": 3.259474638249335,
      "hdc_avg": 6.105263157894737,
      "gs_avg": 3.839473684210528
    },
    "NYI": {
      "games_played": 15,
      "xg_sum": 52.970843760935885,
      "hdc_sum": 156.0,
      "gs_sum": 62.90000000000001,
      "xg_avg": 3.5313895840623926,
      "hdc_avg": 10.4,
      "gs_avg": 4.193333333333334
    },
    "OTT": {
      "games_played": 50,
      "xg_sum": 175.17118687031513,
      "hdc_sum": 351.0,
      "gs_sum": 166.22500000000016,
      "xg_avg": 3.5034237374063024,
      "hdc_avg": 7.02,
      "gs_avg": 3.324500000000003
    },
    "MTL": {
      "games_played": 42,
      "xg_sum": 124.12883319090739,
      "hdc_sum": 223.0,
      "gs_sum": 152.00000000000009,
      "xg_avg": 2.955448409307319,
      "hdc_avg": 5.309523809523809,
      "gs_avg": 3.6190476190476213
    }
  }
}