{
  "season": "2025-2026",
  "generated_at": "2026-04-16T05:13:06.445376",
  "total_games": 486,
  "teams": {
    "SJS": {
      "games_played": 16,
      "xg_sum": 43.98896254965443,
      "hdc_sum": 106.0,
      "gs_sum": 62.77500000000002,
      "xg_avg": 2.749310159353402,
      "hdc_avg": 6.625,
      "gs_avg": 3.9234375000000012
    },
    "BOS": {
      "games_played": 15,
      "xg_sum": 45.99168751572098,
      "hdc_sum": 139.0,
      "gs_sum": 71.3,
      "xg_avg": 3.0661125010480657,
      "hdc_avg": 9.266666666666667,
      "gs_avg": 4.753333333333333
    },
    "WSH": {
      "games_played": 15,
      "xg_sum": 43.70830892071101,
      "hdc_sum": 74.0,
      "gs_sum": 59.7,
      "xg_avg": 2.9138872613807343,
      "hdc_avg": 4.933333333333334,
      "gs_avg": 3.98
    },
    "BUF": {
      "games_played": 15,
      "xg_sum": 47.211493472764424,
      "hdc_sum": 124.0,
      "gs_sum": 72.72500000000001,
      "xg_avg": 3.1474328981842947,
      "hdc_avg": 8.266666666666667,
      "gs_avg": 4.848333333333334
    },
    "ANA": {
      "games_played": 14,
      "xg_sum": 51.5516082009464,
      "hdc_sum": 155.0,
      "gs_sum": 65.70000000000002,
      "xg_avg": 3.6822577286390286,
      "hdc_avg": 11.071428571428571,
      "gs_avg": 4.692857142857144
    },
    "TOR": {
      "games_played": 15,
      "xg_sum": 37.31639427613013,
      "hdc_sum": 70.0,
      "gs_sum": 50.92500000000001,
      "xg_avg": 2.4877596184086754,
      "hdc_avg": 4.666666666666667,
      "gs_avg": 3.395000000000001
    },
    "DET": {
      "games_played": 14,
      "xg_sum": 42.45687992070684,
      "hdc_sum": 82.0,
      "gs_sum": 60.95000000000001,
      "xg_avg": 3.0326342800504884,
      "hdc_avg": 5.857142857142857,
      "gs_avg": 4.3535714285714295
    },
    "TBL": {
      "games_played": 17,
      "xg_sum": 53.15681678061796,
      "hdc_sum": 127.0,
      "gs_sum": 73.97500000000002,
      "xg_avg": 3.126871575330468,
      "hdc_avg": 7.470588235294118,
      "gs_avg": 4.351470588235295
    },
    "CBJ": {
      "games_played": 16,
      "xg_sum": 54.63523806232921,
      "hdc_sum": 150.0,
      "gs_sum": 70.92500000000003,
      "xg_avg": 3.4147023788955755,
      "hdc_avg": 9.375,
      "gs_avg": 4.432812500000002
    },
    "FLA": {
      "games_played": 17,
      "xg_sum": 53.04131810652355,
      "hdc_sum": 105.0,
      "gs_sum": 74.725,
      "xg_avg": 3.1200775356778556,
      "hdc_avg": 6.176470588235294,
      "gs_avg": 4.395588235294118
    },
    "CGY": {
      "games_played": 15,
      "xg_sum": 39.28364153228371,
      "hdc_sum": 95.0,
      "gs_sum": 63.37500000000001,
      "xg_avg": 2.618909435485581,
      "hdc_avg": 6.333333333333333,
      "gs_avg": 4.2250000000000005
    },
    "NJD": {
      "games_played": 15,
      "xg_sum": 48.05434292526162,
      "hdc_sum": 126.0,
      "gs_sum": 68.475,
      "xg_avg": 3.2036228616841083,
      "hdc_avg": 8.4,
      "gs_avg": 4.5649999999999995
    },
    "STL": {
      "games_played": 14,
      "xg_sum": 41.73202081883766,
      "hdc_sum": 126.0,
      "gs_sum": 62.10000000000001,
      "xg_avg": 2.980858629916976,
      "hdc_avg": 9.0,
      "gs_avg": 4.435714285714286
    },
    "CAR": {
      "games_played": 15,
      "xg_sum": 55.6473497777308,
      "hdc_sum": 101.0,
      "gs_sum": 79.17500000000003,
      "xg_avg": 3.709823318515387,
      "hdc_avg": 6.733333333333333,
      "gs_avg": 5.278333333333335
    },
    "EDM": {
      "games_played": 14,
      "xg_sum": 42.08954048095923,
      "hdc_sum": 132.0,
      "gs_sum": 61.725000000000016,
      "xg_avg": 3.006395748639945,
      "hdc_avg": 9.428571428571429,
      "gs_avg": 4.408928571428572
    },
    "DAL": {
      "games_played": 16,
      "xg_sum": 47.79520756290499,
      "hdc_sum": 103.0,
      "gs_sum": 66.8,
      "xg_avg": 2.987200472681562,
      "hdc_avg": 6.4375,
      "gs_avg": 4.175
    },
    "PHI": {
      "games_played": 15,
      "xg_sum": 49.41551945130136,
      "hdc_sum": 112.0,
      "gs_sum": 68.35000000000001,
      "xg_avg": 3.2943679634200906,
      "hdc_avg": 7.466666666666667,
      "gs_avg": 4.5566666666666675
    },
    "MIN": {
      "games_played": 14,
      "xg_sum": 50.507583210863565,
      "hdc_sum": 97.0,
      "gs_sum": 60.4,
      "xg_avg": 3.6076845150616834,
      "hdc_avg": 6.928571428571429,
      "gs_avg": 4.314285714285714
    },
    "NYR": {
      "games_played": 19,
      "xg_sum": 55.11042114915968,
      "hdc_sum": 114.0,
      "gs_sum": 81.49999999999999,
      "xg_avg": 2.90054848153472,
      "hdc_avg": 6.0,
      "gs_avg": 4.289473684210526
    },
    "WPG": {
      "games_played": 16,
      "xg_sum": 46.361136064384105,
      "hdc_sum": 91.0,
      "gs_sum": 68.05000000000001,
      "xg_avg": 2.8975710040240066,
      "hdc_avg": 5.6875,
      "gs_avg": 4.253125000000001
    },
    "CHI": {
      "games_played": 16,
      "xg_sum": 40.95959503049232,
      "hdc_sum": 96.0,
      "gs_sum": 55.85000000000001,
      "xg_avg": 2.55997468940577,
      "hdc_avg": 6.0,
      "gs_avg": 3.4906250000000005
    },
    "UTA": {
      "games_played": 14,
      "xg_sum": 46.92793562003423,
      "hdc_sum": 134.0,
      "gs_sum": 68.37500000000001,
      "xg_avg": 3.3519954014310165,
      "hdc_avg": 9.571428571428571,
      "gs_avg": 4.883928571428572
    },
    "NSH": {
      "games_played": 15,
      "xg_sum": 45.11122436745028,
      "hdc_sum": 109.0,
      "gs_sum": 58.375,
      "xg_avg": 3.007414957830019,
      "hdc_avg": 7.266666666666667,
      "gs_avg": 3.8916666666666666
    },
    "VAN": {
      "games_played": 14,
      "xg_sum": 39.130163231717496,
      "hdc_sum": 81.0,
      "gs_sum": 54.725000000000016,
      "xg_avg": 2.7950116594083925,
      "hdc_avg": 5.785714285714286,
      "gs_avg": 3.9089285714285724
    },
    "PIT": {
      "games_played": 15,
      "xg_sum": 49.73338343858466,
      "hdc_sum": 127.0,
      "gs_sum": 74.62500000000001,
      "xg_avg": 3.315558895905644,
      "hdc_avg": 8.466666666666667,
      "gs_avg": 4.9750000000000005
    },
    "VGK": {
      "games_played": 15,
      "xg_sum": 54.67781972256046,
      "hdc_sum": 103.0,
      "gs_sum": 67.62500000000001,
      "xg_avg": 3.6451879815040304,
      "hdc_avg": 6.866666666666666,
      "gs_avg": 4.508333333333335
    },
    "COL": {
      "games_played": 15,
      "xg_sum": 60.296890539255386,
      "hdc_sum": 117.0,
      "gs_sum": 79.575,
      "xg_avg": 4.019792702617026,
      "hdc_avg": 7.8,
      "gs_avg": 5.305000000000001
    },
    "SEA": {
      "games_played": 16,
      "xg_sum": 42.91762770823105,
      "hdc_sum": 120.0,
      "gs_sum": 65.80000000000001,
      "xg_avg": 2.6823517317644407,
      "hdc_avg": 7.5,
      "gs_avg": 4.112500000000001
    },
    "LAK": {
      "games_played": 14,
      "xg_sum": 45.949249543937206,
      "hdc_sum": 93.0,
      "gs_sum": 66.12500000000001,
      "xg_avg": 3.282089253138372,
      "hdc_avg": 6.642857142857143,
      "gs_avg": 4.7232142857142865
    },
    "NYI": {
      "games_played": 15,
      "xg_sum": 52.970843760935885,
      "hdc_sum": 156.0,
      "gs_sum": 62.90000000000001,
      "xg_avg": 3.5313895840623926,
      "hdc_avg": 10.4,
      "gs_avg": 4.193333333333334
    },
    "OTT": {
      "games_played": 15,
      "xg_sum": 48.38025652553556,
      "hdc_sum": 133.0,
      "gs_sum": 65.87500000000001,
      "xg_avg": 3.2253504350357036,
      "hdc_avg": 8.866666666666667,
      "gs_avg": 4.3916666666666675
    },
    "MTL": {
      "games_played": 15,
      "xg_sum": 51.59397034174684,
      "hdc_sum": 93.0,
      "gs_sum": 63.15000000000002,
      "xg_avg": 3.4395980227831227,
      "hdc_avg": 6.2,
      "gs_avg": 4.210000000000002
    }
  }
}