{
  "season": "2025-2026",
  "generated_at": "2026-04-26T23:52:28.899036",
  "total_games": 872,
  "teams": {
    "SJS": {
      "games_played": 17,
      "xg_sum": 47.74499897480443,
      "hdc_sum": 119.0,
      "gs_sum": 68.95000000000002,
      "xg_avg": 2.808529351459084,
      "hdc_avg": 7.0,
      "gs_avg": 4.055882352941177
    },
    "BOS": {
      "games_played": 35,
      "xg_sum": 100.89334187802214,
      "hdc_sum": 331.0,
      "gs_sum": 116.92499999999991,
      "xg_avg": 2.8826669108006326,
      "hdc_avg": 9.457142857142857,
      "gs_avg": 3.340714285714283
    },
    "WSH": {
      "games_played": 15,
      "xg_sum": 43.70830892071101,
      "hdc_sum": 74.0,
      "gs_sum": 59.7,
      "xg_avg": 2.9138872613807343,
      "hdc_avg": 4.933333333333334,
      "gs_avg": 3.98
    },
    "BUF": {
      "games_played": 35,
      "xg_sum": 120.60069323327716,
      "hdc_sum": 226.0,
      "gs_sum": 165.47499999999997,
      "xg_avg": 3.445734092379347,
      "hdc_avg": 6.457142857142857,
      "gs_avg": 4.727857142857142
    },
    "ANA": {
      "games_played": 43,
      "xg_sum": 161.32988236370196,
      "hdc_sum": 444.0,
      "gs_sum": 268.6999999999999,
      "xg_avg": 3.7518577293884174,
      "hdc_avg": 10.325581395348838,
      "gs_avg": 6.248837209302323
    },
    "TOR": {
      "games_played": 15,
      "xg_sum": 37.31639427613013,
      "hdc_sum": 70.0,
      "gs_sum": 50.92500000000001,
      "xg_avg": 2.4877596184086754,
      "hdc_avg": 4.666666666666667,
      "gs_avg": 3.395000000000001
    },
    "DET": {
      "games_played": 14,
      "xg_sum": 42.45687992070684,
      "hdc_sum": 82.0,
      "gs_sum": 60.95000000000001,
      "xg_avg": 3.0326342800504884,
      "hdc_avg": 5.857142857142857,
      "gs_avg": 4.3535714285714295
    },
    "TBL": {
      "games_played": 35,
      "xg_sum": 99.50862427889459,
      "hdc_sum": 267.0,
      "gs_sum": 122.85000000000007,
      "xg_avg": 2.8431035508255595,
      "hdc_avg": 7.628571428571429,
      "gs_avg": 3.510000000000002
    },
    "CBJ": {
      "games_played": 16,
      "xg_sum": 54.63523806232921,
      "hdc_sum": 150.0,
      "gs_sum": 70.92500000000003,
      "xg_avg": 3.4147023788955755,
      "hdc_avg": 9.375,
      "gs_avg": 4.432812500000002
    },
    "FLA": {
      "games_played": 17,
      "xg_sum": 53.04131810652355,
      "hdc_sum": 105.0,
      "gs_sum": 74.725,
      "xg_avg": 3.1200775356778556,
      "hdc_avg": 6.176470588235294,
      "gs_avg": 4.395588235294118
    },
    "CGY": {
      "games_played": 16,
      "xg_sum": 41.33669659863371,
      "hdc_sum": 99.0,
      "gs_sum": 67.42500000000001,
      "xg_avg": 2.5835435374146067,
      "hdc_avg": 6.1875,
      "gs_avg": 4.214062500000001
    },
    "NJD": {
      "games_played": 15,
      "xg_sum": 48.05434292526162,
      "hdc_sum": 126.0,
      "gs_sum": 68.475,
      "xg_avg": 3.2036228616841083,
      "hdc_avg": 8.4,
      "gs_avg": 4.5649999999999995
    },
    "STL": {
      "games_played": 15,
      "xg_sum": 44.01898429903766,
      "hdc_sum": 130.0,
      "gs_sum": 68.10000000000001,
      "xg_avg": 2.9345989532691776,
      "hdc_avg": 8.666666666666666,
      "gs_avg": 4.540000000000001
    },
    "CAR": {
      "games_played": 48,
      "xg_sum": 182.71823841227234,
      "hdc_sum": 221.0,
      "gs_sum": 215.4500000000001,
      "xg_avg": 3.8066299669223405,
      "hdc_avg": 4.604166666666667,
      "gs_avg": 4.488541666666669
    },
    "EDM": {
      "games_played": 43,
      "xg_sum": 122.74674052314934,
      "hdc_sum": 417.0,
      "gs_sum": 206.52499999999984,
      "xg_avg": 2.854575361003473,
      "hdc_avg": 9.69767441860465,
      "gs_avg": 4.8029069767441825
    },
    "DAL": {
      "games_played": 44,
      "xg_sum": 147.29171194419263,
      "hdc_sum": 378.0,
      "gs_sum": 206.80000000000013,
      "xg_avg": 3.34753890782256,
      "hdc_avg": 8.590909090909092,
      "gs_avg": 4.700000000000003
    },
    "PHI": {
      "games_played": 41,
      "xg_sum": 132.6993284167869,
      "hdc_sum": 282.0,
      "gs_sum": 167.375,
      "xg_avg": 3.2365689857752904,
      "hdc_avg": 6.878048780487805,
      "gs_avg": 4.0823170731707314
    },
    "MIN": {
      "games_played": 42,
      "xg_sum": 146.91864026844212,
      "hdc_sum": 244.0,
      "gs_sum": 210.62500000000014,
      "xg_avg": 3.498062863534336,
      "hdc_avg": 5.809523809523809,
      "gs_avg": 5.014880952380956
    },
    "NYR": {
      "games_played": 19,
      "xg_sum": 55.11042114915968,
      "hdc_sum": 114.0,
      "gs_sum": 81.49999999999999,
      "xg_avg": 2.90054848153472,
      "hdc_avg": 6.0,
      "gs_avg": 4.289473684210526
    },
    "WPG": {
      "games_played": 17,
      "xg_sum": 48.656952694130354,
      "hdc_sum": 95.0,
      "gs_sum": 70.72500000000001,
      "xg_avg": 2.862173687890021,
      "hdc_avg": 5.588235294117647,
      "gs_avg": 4.16029411764706
    },
    "CHI": {
      "games_played": 16,
      "xg_sum": 40.95959503049232,
      "hdc_sum": 96.0,
      "gs_sum": 55.85000000000001,
      "xg_avg": 2.55997468940577,
      "hdc_avg": 6.0,
      "gs_avg": 3.4906250000000005
    },
    "UTA": {
      "games_played": 33,
      "xg_sum": 80.74865053329897,
      "hdc_sum": 181.0,
      "gs_sum": 135.925,
      "xg_avg": 2.446928804039363,
      "hdc_avg": 5.484848484848484,
      "gs_avg": 4.118939393939394
    },
    "NSH": {
      "games_played": 16,
      "xg_sum": 47.53674217654653,
      "hdc_sum": 115.0,
      "gs_sum": 62.5,
      "xg_avg": 2.9710463860341583,
      "hdc_avg": 7.1875,
      "gs_avg": 3.90625
    },
    "VAN": {
      "games_played": 15,
      "xg_sum": 40.8151848045925,
      "hdc_sum": 84.0,
      "gs_sum": 56.100000000000016,
      "xg_avg": 2.7210123203061665,
      "hdc_avg": 5.6,
      "gs_avg": 3.740000000000001
    },
    "PIT": {
      "games_played": 41,
      "xg_sum": 109.6950186727813,
      "hdc_sum": 342.0,
      "gs_sum": 168.25000000000003,
      "xg_avg": 2.675488260311739,
      "hdc_avg": 8.341463414634147,
      "gs_avg": 4.103658536585367
    },
    "VGK": {
      "games_played": 33,
      "xg_sum": 121.13609826557798,
      "hdc_sum": 203.0,
      "gs_sum": 148.72500000000005,
      "xg_avg": 3.6707908565326663,
      "hdc_avg": 6.151515151515151,
      "gs_avg": 4.506818181818184
    },
    "COL": {
      "games_played": 32,
      "xg_sum": 106.1418246736817,
      "hdc_sum": 225.0,
      "gs_sum": 156.64999999999992,
      "xg_avg": 3.316932021052553,
      "hdc_avg": 7.03125,
      "gs_avg": 4.8953124999999975
    },
    "SEA": {
      "games_played": 17,
      "xg_sum": 43.72124245097605,
      "hdc_sum": 123.0,
      "gs_sum": 67.20000000000002,
      "xg_avg": 2.5718377912338855,
      "hdc_avg": 7.235294117647059,
      "gs_avg": 3.9529411764705893
    },
    "LAK": {
      "games_played": 31,
      "xg_sum": 103.68750783837059,
      "hdc_sum": 190.0,
      "gs_sum": 126.65000000000005,
      "xg_avg": 3.3447583173667934,
      "hdc_avg": 6.129032258064516,
      "gs_avg": 4.085483870967743
    },
    "NYI": {
      "games_played": 15,
      "xg_sum": 52.970843760935885,
      "hdc_sum": 156.0,
      "gs_sum": 62.90000000000001,
      "xg_avg": 3.5313895840623926,
      "hdc_avg": 10.4,
      "gs_avg": 4.193333333333334
    },
    "OTT": {
      "games_played": 48,
      "xg_sum": 166.35266969151292,
      "hdc_sum": 335.0,
      "gs_sum": 160.17500000000015,
      "xg_avg": 3.465680618573186,
      "hdc_avg": 6.979166666666667,
      "gs_avg": 3.3369791666666697
    },
    "MTL": {
      "games_played": 33,
      "xg_sum": 98.0642896465539,
      "hdc_sum": 183.0,
      "gs_sum": 128.70000000000005,
      "xg_avg": 2.9716451408046636,
      "hdc_avg": 5.545454545454546,
      "gs_avg": 3.9000000000000012
    }
  }
}