{
  "season": "2025-2026",
  "generated_at": "2026-01-28T03:03:05.515318",
  "total_games": 130,
  "teams": {
    "BUF": {
      "games_played": 5,
      "xg_sum": 12.086812551111937,
      "hdc_sum": 31.0,
      "gs_sum": 24.35,
      "xg_avg": 2.4173625102223872,
      "hdc_avg": 6.2,
      "gs_avg": 4.87
    },
    "CAR": {
      "games_played": 3,
      "xg_sum": 10.2096489655978,
      "hdc_sum": 17.0,
      "gs_sum": 13.650000000000002,
      "xg_avg": 3.4032163218659335,
      "hdc_avg": 5.666666666666667,
      "gs_avg": 4.550000000000001
    },
    "WSH": {
      "games_played": 4,
      "xg_sum": 15.42867769495755,
      "hdc_sum": 40.0,
      "gs_sum": 17.950000000000003,
      "xg_avg": 3.8571694237393874,
      "hdc_avg": 10.0,
      "gs_avg": 4.487500000000001
    },
    "COL": {
      "games_played": 4,
      "xg_sum": 16.820487320180597,
      "hdc_sum": 34.0,
      "gs_sum": 23.800000000000004,
      "xg_avg": 4.205121830045149,
      "hdc_avg": 8.5,
      "gs_avg": 5.950000000000001
    },
    "PIT": {
      "games_played": 4,
      "xg_sum": 10.975329143737502,
      "hdc_sum": 28.0,
      "gs_sum": 22.025000000000002,
      "xg_avg": 2.7438322859343756,
      "hdc_avg": 7.0,
      "gs_avg": 5.5062500000000005
    },
    "SEA": {
      "games_played": 4,
      "xg_sum": 9.2692371427425,
      "hdc_sum": 30.0,
      "gs_sum": 14.900000000000002,
      "xg_avg": 2.317309285685625,
      "hdc_avg": 7.5,
      "gs_avg": 3.7250000000000005
    },
    "SJS": {
      "games_played": 3,
      "xg_sum": 9.269109997842026,
      "hdc_sum": 26.0,
      "gs_sum": 12.050000000000004,
      "xg_avg": 3.089703332614009,
      "hdc_avg": 8.666666666666666,
      "gs_avg": 4.016666666666668
    },
    "FLA": {
      "games_played": 5,
      "xg_sum": 15.136168822829452,
      "hdc_sum": 32.0,
      "gs_sum": 20.875000000000007,
      "xg_avg": 3.0272337645658904,
      "hdc_avg": 6.4,
      "gs_avg": 4.175000000000002
    },
    "MIN": {
      "games_played": 4,
      "xg_sum": 12.623216441483253,
      "hdc_sum": 31.0,
      "gs_sum": 20.875000000000004,
      "xg_avg": 3.155804110370813,
      "hdc_avg": 7.75,
      "gs_avg": 5.218750000000001
    },
    "TOR": {
      "games_played": 5,
      "xg_sum": 16.84201547712406,
      "hdc_sum": 32.0,
      "gs_sum": 20.650000000000006,
      "xg_avg": 3.3684030954248123,
      "hdc_avg": 6.4,
      "gs_avg": 4.130000000000001
    },
    "PHI": {
      "games_played": 4,
      "xg_sum": 11.055868727473904,
      "hdc_sum": 22.0,
      "gs_sum": 14.899999999999999,
      "xg_avg": 2.763967181868476,
      "hdc_avg": 5.5,
      "gs_avg": 3.7249999999999996
    },
    "VGK": {
      "games_played": 5,
      "xg_sum": 19.209305190024306,
      "hdc_sum": 40.0,
      "gs_sum": 22.075000000000006,
      "xg_avg": 3.8418610380048612,
      "hdc_avg": 8.0,
      "gs_avg": 4.415000000000001
    },
    "WPG": {
      "games_played": 5,
      "xg_sum": 14.005956541636824,
      "hdc_sum": 28.0,
      "gs_sum": 16.425,
      "xg_avg": 2.8011913083273647,
      "hdc_avg": 5.6,
      "gs_avg": 3.285
    },
    "CHI": {
      "games_played": 4,
      "xg_sum": 9.475014540812499,
      "hdc_sum": 26.0,
      "gs_sum": 14.45,
      "xg_avg": 2.3687536352031247,
      "hdc_avg": 6.5,
      "gs_avg": 3.6125
    },
    "NJD": {
      "games_played": 5,
      "xg_sum": 14.729650283953717,
      "hdc_sum": 36.0,
      "gs_sum": 20.900000000000002,
      "xg_avg": 2.9459300567907434,
      "hdc_avg": 7.2,
      "gs_avg": 4.180000000000001
    },
    "CGY": {
      "games_played": 4,
      "xg_sum": 11.539977993303904,
      "hdc_sum": 16.0,
      "gs_sum": 13.950000000000001,
      "xg_avg": 2.884994498325976,
      "hdc_avg": 4.0,
      "gs_avg": 3.4875000000000003
    },
    "NYI": {
      "games_played": 4,
      "xg_sum": 11.746808363169626,
      "hdc_sum": 30.0,
      "gs_sum": 14.625000000000004,
      "xg_avg": 2.9367020907924064,
      "hdc_avg": 7.5,
      "gs_avg": 3.656250000000001
    },
    "VAN": {
      "games_played": 4,
      "xg_sum": 15.637364902205029,
      "hdc_sum": 26.0,
      "gs_sum": 19.075000000000003,
      "xg_avg": 3.909341225551257,
      "hdc_avg": 6.5,
      "gs_avg": 4.768750000000001
    },
    "NYR": {
      "games_played": 4,
      "xg_sum": 13.015033094651113,
      "hdc_sum": 25.0,
      "gs_sum": 17.025000000000006,
      "xg_avg": 3.253758273662778,
      "hdc_avg": 6.25,
      "gs_avg": 4.256250000000001
    },
    "ANA": {
      "games_played": 5,
      "xg_sum": 14.316368001070604,
      "hdc_sum": 26.0,
      "gs_sum": 25.650000000000006,
      "xg_avg": 2.8632736002141206,
      "hdc_avg": 5.2,
      "gs_avg": 5.130000000000001
    },
    "MTL": {
      "games_played": 4,
      "xg_sum": 15.083246064663225,
      "hdc_sum": 23.0,
      "gs_sum": 18.550000000000004,
      "xg_avg": 3.7708115161658062,
      "hdc_avg": 5.75,
      "gs_avg": 4.637500000000001
    },
    "TBL": {
      "games_played": 4,
      "xg_sum": 12.633143586395313,
      "hdc_sum": 35.0,
      "gs_sum": 19.650000000000002,
      "xg_avg": 3.1582858965988283,
      "hdc_avg": 8.75,
      "gs_avg": 4.9125000000000005
    },
    "OTT": {
      "games_played": 4,
      "xg_sum": 11.718185641850003,
      "hdc_sum": 30.0,
      "gs_sum": 19.075000000000006,
      "xg_avg": 2.9295464104625006,
      "hdc_avg": 7.5,
      "gs_avg": 4.768750000000002
    },
    "CBJ": {
      "games_played": 3,
      "xg_sum": 6.6657749939375,
      "hdc_sum": 16.0,
      "gs_sum": 12.775000000000002,
      "xg_avg": 2.221924997979167,
      "hdc_avg": 5.333333333333333,
      "gs_avg": 4.258333333333334
    },
    "BOS": {
      "games_played": 5,
      "xg_sum": 12.843255605234999,
      "hdc_sum": 28.0,
      "gs_sum": 19.325000000000003,
      "xg_avg": 2.568651121047,
      "hdc_avg": 5.6,
      "gs_avg": 3.8650000000000007
    },
    "DAL": {
      "games_played": 3,
      "xg_sum": 9.374783904970121,
      "hdc_sum": 19.0,
      "gs_sum": 13.725,
      "xg_avg": 3.1249279683233735,
      "hdc_avg": 6.333333333333333,
      "gs_avg": 4.575
    },
    "NSH": {
      "games_played": 4,
      "xg_sum": 13.307548639318854,
      "hdc_sum": 27.0,
      "gs_sum": 18.025000000000002,
      "xg_avg": 3.3268871598297136,
      "hdc_avg": 6.75,
      "gs_avg": 4.5062500000000005
    },
    "STL": {
      "games_played": 3,
      "xg_sum": 8.741333230464999,
      "hdc_sum": 17.0,
      "gs_sum": 12.250000000000004,
      "xg_avg": 2.913777743488333,
      "hdc_avg": 5.666666666666667,
      "gs_avg": 4.083333333333335
    },
    "EDM": {
      "games_played": 4,
      "xg_sum": 14.438089125090002,
      "hdc_sum": 50.0,
      "gs_sum": 20.85,
      "xg_avg": 3.6095222812725005,
      "hdc_avg": 12.5,
      "gs_avg": 5.2125
    },
    "LAK": {
      "games_played": 3,
      "xg_sum": 10.770050784806003,
      "hdc_sum": 15.0,
      "gs_sum": 16.125000000000004,
      "xg_avg": 3.5900169282686676,
      "hdc_avg": 5.0,
      "gs_avg": 5.375000000000001
    },
    "DET": {
      "games_played": 4,
      "xg_sum": 13.74556910970755,
      "hdc_sum": 28.0,
      "gs_sum": 19.300000000000004,
      "xg_avg": 3.4363922774268874,
      "hdc_avg": 7.0,
      "gs_avg": 4.825000000000001
    },
    "UTA": {
      "games_played": 4,
      "xg_sum": 13.310520531075724,
      "hdc_sum": 29.0,
      "gs_sum": 16.850000000000005,
      "xg_avg": 3.327630132768931,
      "hdc_avg": 7.25,
      "gs_avg": 4.212500000000001
    }
  }
}