{
  "season": "2025-2026",
  "generated_at": "2026-01-19T21:13:03.195241",
  "total_games": 2,
  "teams": {
    "BUF": {
      "games_played": 1,
      "xg_sum": 2.049049472875,
      "hdc_sum": 8.0,
      "gs_sum": 1.7999999999999998,
      "xg_avg": 2.049049472875,
      "hdc_avg": 8.0,
      "gs_avg": 1.7999999999999998
    },
    "CAR": {
      "games_played": 1,
      "xg_sum": 2.8830115947325012,
      "hdc_sum": 5.0,
      "gs_sum": 3.600000000000001,
      "xg_avg": 2.8830115947325012,
      "hdc_avg": 5.0,
      "gs_avg": 3.600000000000001
    }
  }
}