{
  "season": "2025-2026",
  "generated_at": "2025-12-06T22:31:59.115927",
  "total_games": 134,
  "teams": {
    "VGK": {
      "games_played": 16,
      "xg_sum": 50.49990199023201,
      "hdc_sum": 48.0,
      "gs_sum": 68.00000000000001,
      "xg_avg": 3.1562438743895007,
      "hdc_avg": 3.0,
      "gs_avg": 4.250000000000001
    },
    "NJD": {
      "games_played": 16,
      "xg_sum": 40.998432987,
      "hdc_sum": 32.0,
      "gs_sum": 43.20000000000001,
      "xg_avg": 2.5624020616875,
      "hdc_avg": 2.0,
      "gs_avg": 2.7000000000000006
    },
    "BUF": {
      "games_played": 15,
      "xg_sum": 65.19201038887503,
      "hdc_sum": 180.0,
      "gs_sum": 51.00000000000001,
      "xg_avg": 4.346134025925002,
      "hdc_avg": 12.0,
      "gs_avg": 3.4000000000000004
    },
    "WPG": {
      "games_played": 15,
      "xg_sum": 30.513658432312493,
      "hdc_sum": 75.0,
      "gs_sum": 64.87500000000003,
      "xg_avg": 2.0342438954874997,
      "hdc_avg": 5.0,
      "gs_avg": 4.325000000000002
    },
    "SJS": {
      "games_played": 14,
      "xg_sum": 26.86845637735,
      "hdc_sum": 98.0,
      "gs_sum": 32.89999999999998,
      "xg_avg": 1.919175455525,
      "hdc_avg": 7.0,
      "gs_avg": 2.3499999999999983
    },
    "DAL": {
      "games_played": 14,
      "xg_sum": 38.70757955942502,
      "hdc_sum": 14.0,
      "gs_sum": 59.50000000000001,
      "xg_avg": 2.7648271113875014,
      "hdc_avg": 1.0,
      "gs_avg": 4.250000000000001
    },
    "UTA": {
      "games_played": 12,
      "xg_sum": 32.60964469792499,
      "hdc_sum": 60.0,
      "gs_sum": 48.599999999999994,
      "xg_avg": 2.7174703914937495,
      "hdc_avg": 5.0,
      "gs_avg": 4.05
    },
    "VAN": {
      "games_played": 12,
      "xg_sum": 56.340385472779325,
      "hdc_sum": 96.0,
      "gs_sum": 46.42499999999999,
      "xg_avg": 4.69503212273161,
      "hdc_avg": 8.0,
      "gs_avg": 3.868749999999999
    },
    "WSH": {
      "games_played": 8,
      "xg_sum": 30.86842672998282,
      "hdc_sum": 48.0,
      "gs_sum": 37.99999999999999,
      "xg_avg": 3.8585533412478523,
      "hdc_avg": 6.0,
      "gs_avg": 4.749999999999999
    },
    "ANA": {
      "games_played": 8,
      "xg_sum": 35.104261718120014,
      "hdc_sum": 80.0,
      "gs_sum": 56.39999999999999,
      "xg_avg": 4.388032714765002,
      "hdc_avg": 10.0,
      "gs_avg": 7.049999999999999
    },
    "COL": {
      "games_played": 2,
      "xg_sum": 7.507166069783005,
      "hdc_sum": 32.0,
      "gs_sum": 11.850000000000003,
      "xg_avg": 3.7535830348915025,
      "hdc_avg": 16.0,
      "gs_avg": 5.925000000000002
    },
    "NYR": {
      "games_played": 2,
      "xg_sum": 4.743710581052203,
      "hdc_sum": 2.0,
      "gs_sum": 7.7,
      "xg_avg": 2.3718552905261014,
      "hdc_avg": 1.0,
      "gs_avg": 3.85
    }
  }
}