{
  "season": "2025-2026",
  "generated_at": "2025-12-06T22:43:01.371749",
  "total_games": 228,
  "teams": {
    "VGK": {
      "games_played": 23,
      "xg_sum": 72.59360911095852,
      "hdc_sum": 69.0,
      "gs_sum": 97.75000000000001,
      "xg_avg": 3.156243874389501,
      "hdc_avg": 3.0,
      "gs_avg": 4.250000000000001
    },
    "NJD": {
      "games_played": 23,
      "xg_sum": 58.9352474188125,
      "hdc_sum": 46.0,
      "gs_sum": 62.10000000000003,
      "xg_avg": 2.5624020616875,
      "hdc_avg": 2.0,
      "gs_avg": 2.7000000000000015
    },
    "BUF": {
      "games_played": 23,
      "xg_sum": 99.961082596275,
      "hdc_sum": 276.0,
      "gs_sum": 78.20000000000003,
      "xg_avg": 4.346134025925,
      "hdc_avg": 12.0,
      "gs_avg": 3.4000000000000012
    },
    "WPG": {
      "games_played": 23,
      "xg_sum": 46.78760959621249,
      "hdc_sum": 115.0,
      "gs_sum": 99.47500000000005,
      "xg_avg": 2.0342438954874997,
      "hdc_avg": 5.0,
      "gs_avg": 4.325000000000002
    },
    "SJS": {
      "games_played": 22,
      "xg_sum": 42.22186002155,
      "hdc_sum": 154.0,
      "gs_sum": 51.69999999999999,
      "xg_avg": 1.919175455525,
      "hdc_avg": 7.0,
      "gs_avg": 2.3499999999999996
    },
    "DAL": {
      "games_played": 22,
      "xg_sum": 60.82619645052505,
      "hdc_sum": 22.0,
      "gs_sum": 93.50000000000001,
      "xg_avg": 2.7648271113875023,
      "hdc_avg": 1.0,
      "gs_avg": 4.250000000000001
    },
    "UTA": {
      "games_played": 20,
      "xg_sum": 54.34373840362498,
      "hdc_sum": 100.0,
      "gs_sum": 80.99999999999997,
      "xg_avg": 2.7171869201812493,
      "hdc_avg": 5.0,
      "gs_avg": 4.049999999999999
    },
    "VAN": {
      "games_played": 20,
      "xg_sum": 94.04390741439887,
      "hdc_sum": 160.0,
      "gs_sum": 77.625,
      "xg_avg": 4.702195370719943,
      "hdc_avg": 8.0,
      "gs_avg": 3.88125
    },
    "WSH": {
      "games_played": 16,
      "xg_sum": 61.73685345996566,
      "hdc_sum": 96.0,
      "gs_sum": 75.99999999999999,
      "xg_avg": 3.8585533412478537,
      "hdc_avg": 6.0,
      "gs_avg": 4.749999999999999
    },
    "ANA": {
      "games_played": 16,
      "xg_sum": 70.25606359624004,
      "hdc_sum": 160.0,
      "gs_sum": 112.79999999999997,
      "xg_avg": 4.3910039747650025,
      "hdc_avg": 10.0,
      "gs_avg": 7.049999999999998
    },
    "COL": {
      "games_played": 10,
      "xg_sum": 37.53110582704003,
      "hdc_sum": 160.0,
      "gs_sum": 59.175000000000026,
      "xg_avg": 3.7531105827040028,
      "hdc_avg": 16.0,
      "gs_avg": 5.917500000000002
    },
    "NYR": {
      "games_played": 10,
      "xg_sum": 23.718552905261017,
      "hdc_sum": 10.0,
      "gs_sum": 38.50000000000001,
      "xg_avg": 2.371855290526102,
      "hdc_avg": 1.0,
      "gs_avg": 3.8500000000000005
    }
  }
}