{
  "season": "2025-2026",
  "generated_at": "2026-03-10T03:40:26.144422",
  "total_games": 524,
  "teams": {
    "BUF": {
      "games_played": 18,
      "xg_sum": 53.86729896350488,
      "hdc_sum": 136.0,
      "gs_sum": 86.20000000000003,
      "xg_avg": 2.9926277201947156,
      "hdc_avg": 7.555555555555555,
      "gs_avg": 4.7888888888888905
    },
    "CAR": {
      "games_played": 14,
      "xg_sum": 46.51902046962724,
      "hdc_sum": 104.0,
      "gs_sum": 75.12500000000001,
      "xg_avg": 3.322787176401946,
      "hdc_avg": 7.428571428571429,
      "gs_avg": 5.36607142857143
    },
    "WSH": {
      "games_played": 17,
      "xg_sum": 58.22659381377485,
      "hdc_sum": 129.0,
      "gs_sum": 77.90000000000002,
      "xg_avg": 3.4250937537514616,
      "hdc_avg": 7.588235294117647,
      "gs_avg": 4.582352941176472
    },
    "COL": {
      "games_played": 16,
      "xg_sum": 58.24541099596923,
      "hdc_sum": 115.0,
      "gs_sum": 84.25000000000001,
      "xg_avg": 3.640338187248077,
      "hdc_avg": 7.1875,
      "gs_avg": 5.265625000000001
    },
    "PIT": {
      "games_played": 16,
      "xg_sum": 53.05765891397836,
      "hdc_sum": 141.0,
      "gs_sum": 81.825,
      "xg_avg": 3.3161036821236474,
      "hdc_avg": 8.8125,
      "gs_avg": 5.1140625
    },
    "SEA": {
      "games_played": 16,
      "xg_sum": 39.34945680865507,
      "hdc_sum": 118.0,
      "gs_sum": 60.849999999999994,
      "xg_avg": 2.459341050540942,
      "hdc_avg": 7.375,
      "gs_avg": 3.8031249999999996
    },
    "SJS": {
      "games_played": 14,
      "xg_sum": 42.92411065222302,
      "hdc_sum": 137.0,
      "gs_sum": 58.750000000000014,
      "xg_avg": 3.066007903730216,
      "hdc_avg": 9.785714285714286,
      "gs_avg": 4.196428571428572
    },
    "FLA": {
      "games_played": 16,
      "xg_sum": 57.449344689862585,
      "hdc_sum": 89.0,
      "gs_sum": 66.55000000000001,
      "xg_avg": 3.5905840431164116,
      "hdc_avg": 5.5625,
      "gs_avg": 4.159375000000001
    },
    "MIN": {
      "games_played": 15,
      "xg_sum": 48.55012487853733,
      "hdc_sum": 109.0,
      "gs_sum": 76.37500000000001,
      "xg_avg": 3.236674991902489,
      "hdc_avg": 7.266666666666667,
      "gs_avg": 5.091666666666668
    },
    "TOR": {
      "games_played": 17,
      "xg_sum": 53.340928628159915,
      "hdc_sum": 121.0,
      "gs_sum": 71.10000000000002,
      "xg_avg": 3.1377016840094067,
      "hdc_avg": 7.117647058823529,
      "gs_avg": 4.182352941176472
    },
    "PHI": {
      "games_played": 17,
      "xg_sum": 49.68003474864068,
      "hdc_sum": 103.0,
      "gs_sum": 62.65,
      "xg_avg": 2.9223549852141577,
      "hdc_avg": 6.0588235294117645,
      "gs_avg": 3.6852941176470586
    },
    "VGK": {
      "games_played": 17,
      "xg_sum": 58.213416214604294,
      "hdc_sum": 112.0,
      "gs_sum": 74.22500000000002,
      "xg_avg": 3.4243186008590762,
      "hdc_avg": 6.588235294117647,
      "gs_avg": 4.366176470588236
    },
    "WPG": {
      "games_played": 15,
      "xg_sum": 47.85174150662937,
      "hdc_sum": 96.0,
      "gs_sum": 59.65000000000002,
      "xg_avg": 3.1901161004419576,
      "hdc_avg": 6.4,
      "gs_avg": 3.976666666666668
    },
    "CHI": {
      "games_played": 16,
      "xg_sum": 43.059594829836676,
      "hdc_sum": 105.0,
      "gs_sum": 57.45000000000002,
      "xg_avg": 2.6912246768647923,
      "hdc_avg": 6.5625,
      "gs_avg": 3.590625000000001
    },
    "NJD": {
      "games_played": 17,
      "xg_sum": 51.06168602601666,
      "hdc_sum": 149.0,
      "gs_sum": 69.57500000000002,
      "xg_avg": 3.003628589765686,
      "hdc_avg": 8.764705882352942,
      "gs_avg": 4.09264705882353
    },
    "CGY": {
      "games_played": 15,
      "xg_sum": 47.128402490289794,
      "hdc_sum": 89.0,
      "gs_sum": 59.39999999999999,
      "xg_avg": 3.141893499352653,
      "hdc_avg": 5.933333333333334,
      "gs_avg": 3.9599999999999995
    },
    "NYI": {
      "games_played": 16,
      "xg_sum": 49.4063464750391,
      "hdc_sum": 112.0,
      "gs_sum": 70.80000000000003,
      "xg_avg": 3.087896654689944,
      "hdc_avg": 7.0,
      "gs_avg": 4.425000000000002
    },
    "VAN": {
      "games_played": 16,
      "xg_sum": 42.62476547062979,
      "hdc_sum": 89.0,
      "gs_sum": 57.625000000000014,
      "xg_avg": 2.664047841914362,
      "hdc_avg": 5.5625,
      "gs_avg": 3.601562500000001
    },
    "NYR": {
      "games_played": 14,
      "xg_sum": 41.659997991386874,
      "hdc_sum": 70.0,
      "gs_sum": 58.65000000000001,
      "xg_avg": 2.9757141422419195,
      "hdc_avg": 5.0,
      "gs_avg": 4.189285714285715
    },
    "ANA": {
      "games_played": 15,
      "xg_sum": 49.055375631117556,
      "hdc_sum": 128.0,
      "gs_sum": 75.72500000000001,
      "xg_avg": 3.270358375407837,
      "hdc_avg": 8.533333333333333,
      "gs_avg": 5.048333333333334
    },
    "MTL": {
      "games_played": 13,
      "xg_sum": 42.99001485522738,
      "hdc_sum": 84.0,
      "gs_sum": 67.82500000000002,
      "xg_avg": 3.3069242196328754,
      "hdc_avg": 6.461538461538462,
      "gs_avg": 5.217307692307694
    },
    "TBL": {
      "games_played": 16,
      "xg_sum": 53.87431283420655,
      "hdc_sum": 165.0,
      "gs_sum": 79.95000000000005,
      "xg_avg": 3.3671445521379093,
      "hdc_avg": 10.3125,
      "gs_avg": 4.996875000000003
    },
    "OTT": {
      "games_played": 15,
      "xg_sum": 47.912936094106854,
      "hdc_sum": 137.0,
      "gs_sum": 72.55000000000001,
      "xg_avg": 3.1941957396071237,
      "hdc_avg": 9.133333333333333,
      "gs_avg": 4.836666666666668
    },
    "CBJ": {
      "games_played": 15,
      "xg_sum": 41.36680902046544,
      "hdc_sum": 102.0,
      "gs_sum": 72.97500000000001,
      "xg_avg": 2.7577872680310294,
      "hdc_avg": 6.8,
      "gs_avg": 4.865
    },
    "BOS": {
      "games_played": 14,
      "xg_sum": 45.10032977079797,
      "hdc_sum": 102.0,
      "gs_sum": 61.97500000000001,
      "xg_avg": 3.2214521264855693,
      "hdc_avg": 7.285714285714286,
      "gs_avg": 4.426785714285715
    },
    "DAL": {
      "games_played": 15,
      "xg_sum": 55.9233583172134,
      "hdc_sum": 115.0,
      "gs_sum": 78.7,
      "xg_avg": 3.7282238878142264,
      "hdc_avg": 7.666666666666667,
      "gs_avg": 5.246666666666667
    },
    "NSH": {
      "games_played": 15,
      "xg_sum": 52.689791049946244,
      "hdc_sum": 114.0,
      "gs_sum": 70.02500000000002,
      "xg_avg": 3.512652736663083,
      "hdc_avg": 7.6,
      "gs_avg": 4.668333333333335
    },
    "STL": {
      "games_played": 14,
      "xg_sum": 38.92863615814456,
      "hdc_sum": 111.0,
      "gs_sum": 61.77500000000002,
      "xg_avg": 2.7806168684388974,
      "hdc_avg": 7.928571428571429,
      "gs_avg": 4.412500000000001
    },
    "EDM": {
      "games_played": 14,
      "xg_sum": 50.13287827880652,
      "hdc_sum": 142.0,
      "gs_sum": 73.97500000000001,
      "xg_avg": 3.580919877057609,
      "hdc_avg": 10.142857142857142,
      "gs_avg": 5.283928571428572
    },
    "LAK": {
      "games_played": 15,
      "xg_sum": 47.980526661620424,
      "hdc_sum": 88.0,
      "gs_sum": 66.25000000000003,
      "xg_avg": 3.1987017774413617,
      "hdc_avg": 5.866666666666666,
      "gs_avg": 4.416666666666669
    },
    "DET": {
      "games_played": 14,
      "xg_sum": 45.454800457170265,
      "hdc_sum": 80.0,
      "gs_sum": 57.925000000000004,
      "xg_avg": 3.2467714612264476,
      "hdc_avg": 5.714285714285714,
      "gs_avg": 4.1375
    },
    "UTA": {
      "games_played": 15,
      "xg_sum": 45.50195627701058,
      "hdc_sum": 109.0,
      "gs_sum": 63.449999999999996,
      "xg_avg": 3.033463751800705,
      "hdc_avg": 7.266666666666667,
      "gs_avg": 4.2299999999999995
    },
    "SVK": {
      "games_played": 3,
      "xg_sum": 0.03779617500000001,
      "hdc_sum": 0.0,
      "gs_sum": 5.250000000000001,
      "xg_avg": 0.012598725000000003,
      "hdc_avg": 0.0,
      "gs_avg": 1.7500000000000002
    },