{
  "season": "2025-2026",
  "generated_at": "2025-12-06T19:53:03.681108",
  "total_games": 88,
  "teams": {
    "VGK": {
      "games_played": 11,
      "xg_sum": 34.7186826182845,
      "hdc_sum": 33.0,
      "gs_sum": 46.75000000000001,
      "xg_avg": 3.1562438743895,
      "hdc_avg": 3.0,
      "gs_avg": 4.250000000000001
    },
    "NJD": {
      "games_played": 11,
      "xg_sum": 28.1864226785625,
      "hdc_sum": 22.0,
      "gs_sum": 29.699999999999996,
      "xg_avg": 2.5624020616875,
      "hdc_avg": 2.0,
      "gs_avg": 2.6999999999999997
    },
    "BUF": {
      "games_played": 11,
      "xg_sum": 47.80747428517502,
      "hdc_sum": 132.0,
      "gs_sum": 37.40000000000001,
      "xg_avg": 4.346134025925002,
      "hdc_avg": 12.0,
      "gs_avg": 3.4000000000000012
    },
    "WPG": {
      "games_played": 11,
      "xg_sum": 22.376682850362496,
      "hdc_sum": 55.0,
      "gs_sum": 47.575000000000024,
      "xg_avg": 2.0342438954874997,
      "hdc_avg": 5.0,
      "gs_avg": 4.325000000000002
    },
    "SJS": {
      "games_played": 10,
      "xg_sum": 19.19175455525,
      "hdc_sum": 70.0,
      "gs_sum": 23.499999999999982,
      "xg_avg": 1.919175455525,
      "hdc_avg": 7.0,
      "gs_avg": 2.3499999999999983
    },
    "DAL": {
      "games_played": 10,
      "xg_sum": 27.64827111387501,
      "hdc_sum": 10.0,
      "gs_sum": 42.50000000000001,
      "xg_avg": 2.764827111387501,
      "hdc_avg": 1.0,
      "gs_avg": 4.250000000000001
    },
    "UTA": {
      "games_played": 8,
      "xg_sum": 21.742597845074993,
      "hdc_sum": 40.0,
      "gs_sum": 32.400000000000006,
      "xg_avg": 2.717824730634374,
      "hdc_avg": 5.0,
      "gs_avg": 4.050000000000001
    },
    "VAN": {
      "games_played": 8,
      "xg_sum": 37.488624501969575,
      "hdc_sum": 64.0,
      "gs_sum": 30.824999999999996,
      "xg_avg": 4.686078062746197,
      "hdc_avg": 8.0,
      "gs_avg": 3.8531249999999995
    },
    "WSH": {
      "games_played": 4,
      "xg_sum": 15.43421336499141,
      "hdc_sum": 24.0,
      "gs_sum": 18.999999999999996,
      "xg_avg": 3.8585533412478523,
      "hdc_avg": 6.0,
      "gs_avg": 4.749999999999999
    },
    "ANA": {
      "games_played": 4,
      "xg_sum": 17.528360779060005,
      "hdc_sum": 40.0,
      "gs_sum": 28.200000000000003,
      "xg_avg": 4.382090194765001,
      "hdc_avg": 10.0,
      "gs_avg": 7.050000000000001
    }
  }
}