{
  "season": "2025-2026",
  "generated_at": "2025-12-24T03:51:16.288907",
  "total_games": 444,
  "teams": {
    "VGK": {
      "games_played": 25,
      "xg_sum": 82.17997803202677,
      "hdc_sum": 103.0,
      "gs_sum": 109.07500000000002,
      "xg_avg": 3.2871991212810707,
      "hdc_avg": 4.12,
      "gs_avg": 4.363
    },
    "NJD": {
      "games_played": 27,
      "xg_sum": 77.40729161201773,
      "hdc_sum": 99.0,
      "gs_sum": 85.37500000000003,
      "xg_avg": 2.866936726371027,
      "hdc_avg": 3.6666666666666665,
      "gs_avg": 3.162037037037038
    },
    "BUF": {
      "games_played": 25,
      "xg_sum": 94.39993550374552,
      "hdc_sum": 260.0,
      "gs_sum": 92.30000000000001,
      "xg_avg": 3.775997420149821,
      "hdc_avg": 10.4,
      "gs_avg": 3.6920000000000006
    },
    "WPG": {
      "games_played": 25,
      "xg_sum": 59.468727212522985,
      "hdc_sum": 117.0,
      "gs_sum": 105.05000000000005,
      "xg_avg": 2.3787490885009195,
      "hdc_avg": 4.68,
      "gs_avg": 4.202000000000002
    },
    "SJS": {
      "games_played": 23,
      "xg_sum": 55.424500353050874,
      "hdc_sum": 182.0,
      "gs_sum": 72.44999999999997,
      "xg_avg": 2.409760884915255,
      "hdc_avg": 7.913043478260869,
      "gs_avg": 3.149999999999999
    },
    "DAL": {
      "games_played": 25,
      "xg_sum": 69.72858716932585,
      "hdc_sum": 70.0,
      "gs_sum": 108.35000000000002,
      "xg_avg": 2.789143486773034,
      "hdc_avg": 2.8,
      "gs_avg": 4.3340000000000005
    },
    "UTA": {
      "games_played": 23,
      "xg_sum": 70.64452041127984,
      "hdc_sum": 139.0,
      "gs_sum": 97.27499999999998,
      "xg_avg": 3.0715008874469496,
      "hdc_avg": 6.043478260869565,
      "gs_avg": 4.229347826086956
    },
    "VAN": {
      "games_played": 22,
      "xg_sum": 88.76161580267802,
      "hdc_sum": 154.0,
      "gs_sum": 86.725,
      "xg_avg": 4.034618900121728,
      "hdc_avg": 7.0,
      "gs_avg": 3.9420454545454544
    },
    "WSH": {
      "games_played": 18,
      "xg_sum": 65.01037463094623,
      "hdc_sum": 121.0,
      "gs_sum": 78.7,
      "xg_avg": 3.6116874794970126,
      "hdc_avg": 6.722222222222222,
      "gs_avg": 4.372222222222223
    },
    "ANA": {
      "games_played": 21,
      "xg_sum": 83.02895641074392,
      "hdc_sum": 203.0,
      "gs_sum": 121.80000000000001,
      "xg_avg": 3.953759829083044,
      "hdc_avg": 9.666666666666666,
      "gs_avg": 5.800000000000001
    },
    "COL": {
      "games_played": 11,
      "xg_sum": 43.026435019508085,
      "hdc_sum": 121.0,
      "gs_sum": 66.75000000000001,
      "xg_avg": 3.911494092682553,
      "hdc_avg": 11.0,
      "gs_avg": 6.068181818181819
    },
    "NYR": {
      "games_played": 13,
      "xg_sum": 37.04562345916199,
      "hdc_sum": 65.0,
      "gs_sum": 50.9,
      "xg_avg": 2.8496633430124607,
      "hdc_avg": 5.0,
      "gs_avg": 3.9153846153846152
    },
    "CBJ": {
      "games_played": 9,
      "xg_sum": 26.276940704968098,
      "hdc_sum": 64.0,
      "gs_sum": 39.60000000000001,
      "xg_avg": 2.919660078329789,
      "hdc_avg": 7.111111111111111,
      "gs_avg": 4.400000000000001
    },
    "FLA": {
      "games_played": 10,
      "xg_sum": 32.14564757502548,
      "hdc_sum": 71.0,
      "gs_sum": 52.30000000000001,
      "xg_avg": 3.214564757502548,
      "hdc_avg": 7.1,
      "gs_avg": 5.230000000000001
    },
    "BOS": {
      "games_played": 9,
      "xg_sum": 27.326530697912,
      "hdc_sum": 68.0,
      "gs_sum": 39.72500000000001,
      "xg_avg": 3.0362811886568886,
      "hdc_avg": 7.555555555555555,
      "gs_avg": 4.41388888888889
    },
    "MTL": {
      "games_played": 11,
      "xg_sum": 35.70401891463457,
      "hdc_sum": 64.0,
      "gs_sum": 48.8,
      "xg_avg": 3.245819901330415,
      "hdc_avg": 5.818181818181818,
      "gs_avg": 4.4363636363636365
    },
    "TOR": {
      "games_played": 9,
      "xg_sum": 24.811902462456388,
      "hdc_sum": 49.0,
      "gs_sum": 34.50000000000001,
      "xg_avg": 2.756878051384043,
      "hdc_avg": 5.444444444444445,
      "gs_avg": 3.833333333333334
    },
    "STL": {
      "games_played": 10,
      "xg_sum": 25.508528827174846,
      "hdc_sum": 70.0,
      "gs_sum": 34.50000000000001,
      "xg_avg": 2.550852882717485,
      "hdc_avg": 7.0,
      "gs_avg": 3.4500000000000006
    },
    "OTT": {
      "games_played": 9,
      "xg_sum": 34.35536217158857,
      "hdc_sum": 98.0,
      "gs_sum": 46.400000000000006,
      "xg_avg": 3.8172624635098407,
      "hdc_avg": 10.88888888888889,
      "gs_avg": 5.155555555555556
    },
    "NYI": {
      "games_played": 9,
      "xg_sum": 25.677294004835623,
      "hdc_sum": 68.0,
      "gs_sum": 37.2,
      "xg_avg": 2.853032667203958,
      "hdc_avg": 7.555555555555555,
      "gs_avg": 4.133333333333334
    },
    "TBL": {
      "games_played": 9,
      "xg_sum": 31.964999610296502,
      "hdc_sum": 86.0,
      "gs_sum": 43.1,
      "xg_avg": 3.551666623366278,
      "hdc_avg": 9.555555555555555,
      "gs_avg": 4.788888888888889
    },
    "NSH": {
      "games_played": 9,
      "xg_sum": 28.170778581671932,
      "hdc_sum": 76.0,
      "gs_sum": 41.95,
      "xg_avg": 3.1300865090746592,
      "hdc_avg": 8.444444444444445,
      "gs_avg": 4.661111111111111
    },
    "CAR": {
      "games_played": 10,
      "xg_sum": 37.25543621503701,
      "hdc_sum": 73.0,
      "gs_sum": 50.70000000000002,
      "xg_avg": 3.725543621503701,
      "hdc_avg": 7.3,
      "gs_avg": 5.070000000000002
    },
    "CGY": {
      "games_played": 7,
      "xg_sum": 23.980144883840982,
      "hdc_sum": 45.0,
      "gs_sum": 38.12500000000001,
      "xg_avg": 3.4257349834058544,
      "hdc_avg": 6.428571428571429,
      "gs_avg": 5.446428571428572
    },
    "CHI": {
      "games_played": 8,
      "xg_sum": 15.466895858406003,
      "hdc_sum": 35.0,
      "gs_sum": 23.75,
      "xg_avg": 1.9333619823007504,
      "hdc_avg": 4.375,
      "gs_avg": 2.96875
    },
    "LAK": {
      "games_played": 8,
      "xg_sum": 25.05711177315969,
      "hdc_sum": 43.0,
      "gs_sum": 28.700000000000003,
      "xg_avg": 3.1321389716449612,
      "hdc_avg": 5.375,
      "gs_avg": 3.5875000000000004
    },
    "EDM": {
      "games_played": 9,
      "xg_sum": 29.90309443227086,
      "hdc_sum": 88.0,
      "gs_sum": 43.925,
      "xg_avg": 3.3225660480300956,
      "hdc_avg": 9.777777777777779,
      "gs_avg": 4.8805555555555555
    },
    "DET": {
      "games_played": 10,
      "xg_sum": 31.086403784306825,
      "hdc_sum": 68.0,
      "gs_sum": 45.2,
      "xg_avg": 3.1086403784306826,
      "hdc_avg": 6.8,
      "gs_avg": 4.5200000000000005
    },
    "SEA": {
      "games_played": 11,
      "xg_sum": 34.583729947199465,
      "hdc_sum": 69.0,
      "gs_sum": 44.22500000000001,
      "xg_avg": 3.143975449745406,
      "hdc_avg": 6.2727272727272725,
      "gs_avg": 4.020454545454546
    },
    "MIN": {
      "games_played": 10,
      "xg_sum": 32.87069894769973,
      "hdc_sum": 78.0,
      "gs_sum": 49.87500000000001,
      "xg_avg": 3.287069894769973,
      "hdc_avg": 7.8,
      "gs_avg": 4.987500000000001
    },
    "PHI": {
      "games_played": 9,
      "xg_sum": 28.7653016705254,
      "hdc_sum": 59.0,
      "gs_sum": 39.37500000000001,
      "xg_avg": 3.196144630058378,
      "hdc_avg": 6.555555555555555,
      "gs_avg": 4.375000000000001
    },
    "PIT": {
      "games_played": 10,
      "xg_sum": 37.50394792709328,
      "hdc_sum": 119.0,
      "gs_sum": 47.95,
      "xg_avg": 3.750394792709328,
      "hdc_avg": 11.9,
      "gs_avg": 4.795
    }
  }
}