{
  "season": "2025-2026",
  "generated_at": "2026-04-29T04:31:51.925608",
  "total_games": 956,
  "teams": {
    "SJS": {
      "games_played": 17,
      "xg_sum": 47.74499897480443,
      "hdc_sum": 119.0,
      "gs_sum": 68.95000000000002,
      "xg_avg": 2.808529351459084,
      "hdc_avg": 7.0,
      "gs_avg": 4.055882352941177
    },
    "BOS": {
      "games_played": 43,
      "xg_sum": 125.8505411093848,
      "hdc_sum": 394.0,
      "gs_sum": 137.9749999999999,
      "xg_avg": 2.926756769985693,
      "hdc_avg": 9.162790697674419,
      "gs_avg": 3.208720930232556
    },
    "WSH": {
      "games_played": 15,
      "xg_sum": 43.70830892071101,
      "hdc_sum": 74.0,
      "gs_sum": 59.7,
      "xg_avg": 2.9138872613807343,
      "hdc_avg": 4.933333333333334,
      "gs_avg": 3.98
    },
    "BUF": {
      "games_played": 43,
      "xg_sum": 154.12660439749584,
      "hdc_sum": 240.0,
      "gs_sum": 214.8999999999999,
      "xg_avg": 3.584339637151066,
      "hdc_avg": 5.5813953488372094,
      "gs_avg": 4.997674418604649
    },
    "ANA": {
      "games_played": 48,
      "xg_sum": 180.6350917952949,
      "hdc_sum": 499.0,
      "gs_sum": 299.6999999999998,
      "xg_avg": 3.763231079068644,
      "hdc_avg": 10.395833333333334,
      "gs_avg": 6.243749999999996
    },
    "TOR": {
      "games_played": 15,
      "xg_sum": 37.31639427613013,
      "hdc_sum": 70.0,
      "gs_sum": 50.92500000000001,
      "xg_avg": 2.4877596184086754,
      "hdc_avg": 4.666666666666667,
      "gs_avg": 3.395000000000001
    },
    "DET": {
      "games_played": 14,
      "xg_sum": 42.45687992070684,
      "hdc_sum": 82.0,
      "gs_sum": 60.95000000000001,
      "xg_avg": 3.0326342800504884,
      "hdc_avg": 5.857142857142857,
      "gs_avg": 4.3535714285714295
    },
    "TBL": {
      "games_played": 42,
      "xg_sum": 127.61131839818835,
      "hdc_sum": 330.0,
      "gs_sum": 143.67500000000004,
      "xg_avg": 3.038364723766389,
      "hdc_avg": 7.857142857142857,
      "gs_avg": 3.4208333333333343
    },
    "CBJ": {
      "games_played": 16,
      "xg_sum": 54.63523806232921,
      "hdc_sum": 150.0,
      "gs_sum": 70.92500000000003,
      "xg_avg": 3.4147023788955755,
      "hdc_avg": 9.375,
      "gs_avg": 4.432812500000002
    },
    "FLA": {
      "games_played": 17,
      "xg_sum": 53.04131810652355,
      "hdc_sum": 105.0,
      "gs_sum": 74.725,
      "xg_avg": 3.1200775356778556,
      "hdc_avg": 6.176470588235294,
      "gs_avg": 4.395588235294118
    },
    "CGY": {
      "games_played": 16,
      "xg_sum": 41.33669659863371,
      "hdc_sum": 99.0,
      "gs_sum": 67.42500000000001,
      "xg_avg": 2.5835435374146067,
      "hdc_avg": 6.1875,
      "gs_avg": 4.214062500000001
    },
    "NJD": {
      "games_played": 15,
      "xg_sum": 48.05434292526162,
      "hdc_sum": 126.0,
      "gs_sum": 68.475,
      "xg_avg": 3.2036228616841083,
      "hdc_avg": 8.4,
      "gs_avg": 4.5649999999999995
    },
    "STL": {
      "games_played": 15,
      "xg_sum": 44.01898429903766,
      "hdc_sum": 130.0,
      "gs_sum": 68.10000000000001,
      "xg_avg": 2.9345989532691776,
      "hdc_avg": 8.666666666666666,
      "gs_avg": 4.540000000000001
    },
    "CAR": {
      "games_played": 50,
      "xg_sum": 191.69099621470076,
      "hdc_sum": 227.0,
      "gs_sum": 224.4500000000001,
      "xg_avg": 3.833819924294015,
      "hdc_avg": 4.54,
      "gs_avg": 4.489000000000002
    },
    "EDM": {
      "games_played": 48,
      "xg_sum": 135.16446292693837,
      "hdc_sum": 432.0,
      "gs_sum": 227.27499999999986,
      "xg_avg": 2.8159263109778827,
      "hdc_avg": 9.0,
      "gs_avg": 4.73489583333333
    },
    "DAL": {
      "games_played": 47,
      "xg_sum": 157.76650045571765,
      "hdc_sum": 393.0,
      "gs_sum": 220.65000000000015,
      "xg_avg": 3.3567340522493114,
      "hdc_avg": 8.361702127659575,
      "gs_avg": 4.694680851063833
    },
    "PHI": {
      "games_played": 48,
      "xg_sum": 153.5075818609121,
      "hdc_sum": 310.0,
      "gs_sum": 189.17500000000004,
      "xg_avg": 3.1980746221023355,
      "hdc_avg": 6.458333333333333,
      "gs_avg": 3.941145833333334
    },
    "MIN": {
      "games_played": 45,
      "xg_sum": 159.17477773183194,
      "hdc_sum": 262.0,
      "gs_sum": 227.32500000000016,
      "xg_avg": 3.5372172829295985,
      "hdc_avg": 5.822222222222222,
      "gs_avg": 5.05166666666667
    },
    "NYR": {
      "games_played": 19,
      "xg_sum": 55.11042114915968,
      "hdc_sum": 114.0,
      "gs_sum": 81.49999999999999,
      "xg_avg": 2.90054848153472,
      "hdc_avg": 6.0,
      "gs_avg": 4.289473684210526
    },
    "WPG": {
      "games_played": 17,
      "xg_sum": 48.656952694130354,
      "hdc_sum": 95.0,
      "gs_sum": 70.72500000000001,
      "xg_avg": 2.862173687890021,
      "hdc_avg": 5.588235294117647,
      "gs_avg": 4.16029411764706
    },
    "CHI": {
      "games_played": 16,
      "xg_sum": 40.95959503049232,
      "hdc_sum": 96.0,
      "gs_sum": 55.85000000000001,
      "xg_avg": 2.55997468940577,
      "hdc_avg": 6.0,
      "gs_avg": 3.4906250000000005
    },
    "UTA": {
      "games_played": 36,
      "xg_sum": 89.22775439662976,
      "hdc_sum": 190.0,
      "gs_sum": 152.64999999999998,
      "xg_avg": 2.4785487332397156,
      "hdc_avg": 5.277777777777778,
      "gs_avg": 4.240277777777777
    },
    "NSH": {
      "games_played": 16,
      "xg_sum": 47.53674217654653,
      "hdc_sum": 115.0,
      "gs_sum": 62.5,
      "xg_avg": 2.9710463860341583,
      "hdc_avg": 7.1875,
      "gs_avg": 3.90625
    },
    "VAN": {
      "games_played": 15,
      "xg_sum": 40.8151848045925,
      "hdc_sum": 84.0,
      "gs_sum": 56.100000000000016,
      "xg_avg": 2.7210123203061665,
      "hdc_avg": 5.6,
      "gs_avg": 3.740000000000001
    },
    "PIT": {
      "games_played": 48,
      "xg_sum": 127.66902913766559,
      "hdc_sum": 399.0,
      "gs_sum": 196.75,
      "xg_avg": 2.6597714403680333,
      "hdc_avg": 8.3125,
      "gs_avg": 4.098958333333333
    },
    "VGK": {
      "games_played": 36,
      "xg_sum": 133.94024222579498,
      "hdc_sum": 242.0,
      "gs_sum": 168.90000000000003,
      "xg_avg": 3.7205622840498602,
      "hdc_avg": 6.722222222222222,
      "gs_avg": 4.691666666666667
    },
    "COL": {
      "games_played": 39,
      "xg_sum": 122.77483493334736,
      "hdc_sum": 309.0,
      "gs_sum": 199.17499999999984,
      "xg_avg": 3.1480726905986502,
      "hdc_avg": 7.923076923076923,
      "gs_avg": 5.107051282051278
    },
    "SEA": {
      "games_played": 17,
      "xg_sum": 43.72124245097605,
      "hdc_sum": 123.0,
      "gs_sum": 67.20000000000002,
      "xg_avg": 2.5718377912338855,
      "hdc_avg": 7.235294117647059,
      "gs_avg": 3.9529411764705893
    },
    "LAK": {
      "games_played": 38,
      "xg_sum": 123.86003625347473,
      "hdc_sum": 232.0,
      "gs_sum": 145.90000000000006,
      "xg_avg": 3.259474638249335,
      "hdc_avg": 6.105263157894737,
      "gs_avg": 3.839473684210528
    },
    "NYI": {
      "games_played": 15,
      "xg_sum": 52.970843760935885,
      "hdc_sum": 156.0,
      "gs_sum": 62.90000000000001,
      "xg_avg": 3.5313895840623926,
      "hdc_avg": 10.4,
      "gs_avg": 4.193333333333334
    },
    "OTT": {
      "games_played": 50,
      "xg_sum": 175.17118687031513,
      "hdc_sum": 351.0,
      "gs_sum": 166.22500000000016,
      "xg_avg": 3.5034237374063024,
      "hdc_avg": 7.02,
      "gs_avg": 3.324500000000003
    },
    "MTL": {
      "games_played": 40,
      "xg_sum": 118.3347559568324,
      "hdc_sum": 211.0,
      "gs_sum": 143.75000000000009,
      "xg_avg": 2.95836889892081,
      "hdc_avg": 5.275,
      "gs_avg": 3.593750000000002
    }
  }
}