{
  "season": "2025-2026",
  "generated_at": "2026-03-07T20:36:04.978504",
  "total_games": 480,
  "teams": {
    "BUF": {
      "games_played": 16,
      "xg_sum": 47.78962205261119,
      "hdc_sum": 117.0,
      "gs_sum": 75.07500000000003,
      "xg_avg": 2.9868513782881996,
      "hdc_avg": 7.3125,
      "gs_avg": 4.692187500000002
    },
    "CAR": {
      "games_played": 13,
      "xg_sum": 43.95753846685224,
      "hdc_sum": 93.0,
      "gs_sum": 70.30000000000001,
      "xg_avg": 3.381349112834788,
      "hdc_avg": 7.153846153846154,
      "gs_avg": 5.407692307692309
    },
    "WSH": {
      "games_played": 16,
      "xg_sum": 54.69232682655485,
      "hdc_sum": 122.0,
      "gs_sum": 70.35000000000002,
      "xg_avg": 3.418270426659678,
      "hdc_avg": 7.625,
      "gs_avg": 4.396875000000001
    },
    "COL": {
      "games_played": 15,
      "xg_sum": 52.982396707002806,
      "hdc_sum": 103.0,
      "gs_sum": 78.00000000000001,
      "xg_avg": 3.532159780466854,
      "hdc_avg": 6.866666666666666,
      "gs_avg": 5.200000000000001
    },
    "PIT": {
      "games_played": 14,
      "xg_sum": 44.65003400905868,
      "hdc_sum": 119.0,
      "gs_sum": 70.80000000000001,
      "xg_avg": 3.1892881435041915,
      "hdc_avg": 8.5,
      "gs_avg": 5.057142857142858
    },
    "SEA": {
      "games_played": 15,
      "xg_sum": 37.49542304860507,
      "hdc_sum": 110.0,
      "gs_sum": 56.574999999999996,
      "xg_avg": 2.4996948699070045,
      "hdc_avg": 7.333333333333333,
      "gs_avg": 3.7716666666666665
    },
    "SJS": {
      "games_played": 13,
      "xg_sum": 39.54850841009802,
      "hdc_sum": 125.0,
      "gs_sum": 55.65000000000001,
      "xg_avg": 3.0421929546229247,
      "hdc_avg": 9.615384615384615,
      "gs_avg": 4.2807692307692315
    },
    "FLA": {
      "games_played": 16,
      "xg_sum": 57.449344689862585,
      "hdc_sum": 89.0,
      "gs_sum": 66.55000000000001,
      "xg_avg": 3.5905840431164116,
      "hdc_avg": 5.5625,
      "gs_avg": 4.159375000000001
    },
    "MIN": {
      "games_played": 14,
      "xg_sum": 45.01088841769983,
      "hdc_sum": 96.0,
      "gs_sum": 71.57500000000002,
      "xg_avg": 3.2150634584071307,
      "hdc_avg": 6.857142857142857,
      "gs_avg": 5.112500000000002
    },
    "TOR": {
      "games_played": 16,
      "xg_sum": 50.076230850284915,
      "hdc_sum": 116.0,
      "gs_sum": 67.72500000000002,
      "xg_avg": 3.129764428142807,
      "hdc_avg": 7.25,
      "gs_avg": 4.232812500000001
    },
    "PHI": {
      "games_played": 15,
      "xg_sum": 45.13153643334068,
      "hdc_sum": 90.0,
      "gs_sum": 55.625,
      "xg_avg": 3.0087690955560453,
      "hdc_avg": 6.0,
      "gs_avg": 3.7083333333333335
    },
    "VGK": {
      "games_played": 16,
      "xg_sum": 54.905878145885296,
      "hdc_sum": 105.0,
      "gs_sum": 70.42500000000003,
      "xg_avg": 3.431617384117831,
      "hdc_avg": 6.5625,
      "gs_avg": 4.401562500000002
    },
    "WPG": {
      "games_played": 14,
      "xg_sum": 44.27198684221686,
      "hdc_sum": 87.0,
      "gs_sum": 54.15000000000002,
      "xg_avg": 3.1622847744440614,
      "hdc_avg": 6.214285714285714,
      "gs_avg": 3.867857142857144
    },
    "CHI": {
      "games_played": 14,
      "xg_sum": 38.138706945136676,
      "hdc_sum": 88.0,
      "gs_sum": 49.77500000000001,
      "xg_avg": 2.7241933532240483,
      "hdc_avg": 6.285714285714286,
      "gs_avg": 3.5553571428571438
    },
    "NJD": {
      "games_played": 15,
      "xg_sum": 45.690151212889155,
      "hdc_sum": 131.0,
      "gs_sum": 60.725000000000016,
      "xg_avg": 3.046010080859277,
      "hdc_avg": 8.733333333333333,
      "gs_avg": 4.048333333333335
    },
    "CGY": {
      "games_played": 13,
      "xg_sum": 40.628184416439794,
      "hdc_sum": 77.0,
      "gs_sum": 49.324999999999996,
      "xg_avg": 3.1252449551107535,
      "hdc_avg": 5.923076923076923,
      "gs_avg": 3.794230769230769
    },
    "NYI": {
      "games_played": 15,
      "xg_sum": 46.7568780233766,
      "hdc_sum": 107.0,
      "gs_sum": 66.20000000000002,
      "xg_avg": 3.11712520155844,
      "hdc_avg": 7.133333333333334,
      "gs_avg": 4.413333333333335
    },
    "VAN": {
      "games_played": 14,
      "xg_sum": 39.145865541842284,
      "hdc_sum": 76.0,
      "gs_sum": 53.500000000000014,
      "xg_avg": 2.7961332529887346,
      "hdc_avg": 5.428571428571429,
      "gs_avg": 3.8214285714285725
    },
    "NYR": {
      "games_played": 12,
      "xg_sum": 36.742058281161874,
      "hdc_sum": 56.0,
      "gs_sum": 48.80000000000001,
      "xg_avg": 3.061838190096823,
      "hdc_avg": 4.666666666666667,
      "gs_avg": 4.066666666666667
    },
    "ANA": {
      "games_played": 14,
      "xg_sum": 46.642242170855056,
      "hdc_sum": 125.0,
      "gs_sum": 73.92500000000001,
      "xg_avg": 3.3315887264896467,
      "hdc_avg": 8.928571428571429,
      "gs_avg": 5.280357142857143
    },
    "MTL": {
      "games_played": 12,
      "xg_sum": 40.41707320026988,
      "hdc_sum": 77.0,
      "gs_sum": 63.20000000000002,
      "xg_avg": 3.3680894333558236,
      "hdc_avg": 6.416666666666667,
      "gs_avg": 5.266666666666668
    },
    "TBL": {
      "games_played": 14,
      "xg_sum": 46.59589257923747,
      "hdc_sum": 145.0,
      "gs_sum": 68.85000000000004,
      "xg_avg": 3.328278041374105,
      "hdc_avg": 10.357142857142858,
      "gs_avg": 4.917857142857145
    },
    "OTT": {
      "games_played": 13,
      "xg_sum": 41.507930806261605,
      "hdc_sum": 118.0,
      "gs_sum": 61.82500000000002,
      "xg_avg": 3.1929177543278158,
      "hdc_avg": 9.076923076923077,
      "gs_avg": 4.755769230769232
    },
    "CBJ": {
      "games_played": 13,
      "xg_sum": 34.73423702172033,
      "hdc_sum": 85.0,
      "gs_sum": 62.20000000000001,
      "xg_avg": 2.6718643862861793,
      "hdc_avg": 6.538461538461538,
      "gs_avg": 4.784615384615385
    },
    "BOS": {
      "games_played": 13,
      "xg_sum": 42.46425271998547,
      "hdc_sum": 98.0,
      "gs_sum": 56.87500000000001,
      "xg_avg": 3.2664809784604207,
      "hdc_avg": 7.538461538461538,
      "gs_avg": 4.375000000000001
    },
    "DAL": {
      "games_played": 14,
      "xg_sum": 51.52696830424765,
      "hdc_sum": 107.0,
      "gs_sum": 72.72500000000001,
      "xg_avg": 3.6804977360176894,
      "hdc_avg": 7.642857142857143,
      "gs_avg": 5.194642857142858
    },
    "NSH": {
      "games_played": 14,
      "xg_sum": 49.008444448502495,
      "hdc_sum": 107.0,
      "gs_sum": 66.25000000000001,
      "xg_avg": 3.5006031748930355,
      "hdc_avg": 7.642857142857143,
      "gs_avg": 4.7321428571428585
    },
    "STL": {
      "games_played": 13,
      "xg_sum": 34.37563995236956,
      "hdc_sum": 104.0,
      "gs_sum": 56.80000000000002,
      "xg_avg": 2.64427999633612,
      "hdc_avg": 8.0,
      "gs_avg": 4.369230769230771
    },
    "EDM": {
      "games_played": 13,
      "xg_sum": 46.65314926297987,
      "hdc_sum": 134.0,
      "gs_sum": 69.85000000000001,
      "xg_avg": 3.5887037894599905,
      "hdc_avg": 10.307692307692308,
      "gs_avg": 5.3730769230769235
    },
    "LAK": {
      "games_played": 13,
      "xg_sum": 40.441003119407924,
      "hdc_sum": 74.0,
      "gs_sum": 54.50000000000002,
      "xg_avg": 3.1108463938006095,
      "hdc_avg": 5.6923076923076925,
      "gs_avg": 4.192307692307694
    },
    "DET": {
      "games_played": 13,
      "xg_sum": 43.10428157992026,
      "hdc_sum": 76.0,
      "gs_sum": 53.7,
      "xg_avg": 3.315713967686174,
      "hdc_avg": 5.846153846153846,
      "gs_avg": 4.130769230769231
    },
    "UTA": {
      "games_played": 13,
      "xg_sum": 39.885766498745525,
      "hdc_sum": 96.0,
      "gs_sum": 55.1,
      "xg_avg": 3.0681358845188864,
      "hdc_avg": 7.384615384615385,
      "gs_avg": 4.2384615384615385
    },
    "SVK": {
      "games_played": 3,
      "xg_sum": 0.03779617500000001,
      "hdc_sum": 0.0,
      "gs_sum": 5.250000000000001,