{
  "season": "2025-2026",
  "generated_at": "2026-03-13T03:46:13.339818",
  "total_games": 20,
  "teams": {
    "SJS": {
      "games_played": 1,
      "xg_sum": 2.897096063825,
      "hdc_sum": 6.0,
      "gs_sum": 4.6,
      "xg_avg": 2.897096063825,
      "hdc_avg": 6.0,
      "gs_avg": 4.6
    },
    "BOS": {
      "games_played": 1,
      "xg_sum": 3.918283533950002,
      "hdc_sum": 15.0,
      "gs_sum": 5.0249999999999995,
      "xg_avg": 3.918283533950002,
      "hdc_avg": 15.0,
      "gs_avg": 5.0249999999999995
    },
    "WSH": {
      "games_played": 1,
      "xg_sum": 2.4638515368816503,
      "hdc_sum": 2.0,
      "gs_sum": 3.3000000000000007,
      "xg_avg": 2.4638515368816503,
      "hdc_avg": 2.0,
      "gs_avg": 3.3000000000000007
    },
    "BUF": {
      "games_played": 1,
      "xg_sum": 3.1128431121500015,
      "hdc_sum": 10.0,
      "gs_sum": 3.4750000000000005,
      "xg_avg": 3.1128431121500015,
      "hdc_avg": 10.0,
      "gs_avg": 3.4750000000000005
    },
    "ANA": {
      "games_played": 1,
      "xg_sum": 4.1894259040293145,
      "hdc_sum": 19.0,
      "gs_sum": 4.600000000000002,
      "xg_avg": 4.1894259040293145,
      "hdc_avg": 19.0,
      "gs_avg": 4.600000000000002
    },
    "TOR": {
      "games_played": 1,
      "xg_sum": 2.7776567644625008,
      "hdc_sum": 7.0,
      "gs_sum": 4.799999999999999,
      "xg_avg": 2.7776567644625008,
      "hdc_avg": 7.0,
      "gs_avg": 4.799999999999999
    },
    "DET": {
      "games_played": 1,
      "xg_sum": 3.017362812975001,
      "hdc_sum": 10.0,
      "gs_sum": 3.0999999999999996,
      "xg_avg": 3.017362812975001,
      "hdc_avg": 10.0,
      "gs_avg": 3.0999999999999996
    },
    "TBL": {
      "games_played": 1,
      "xg_sum": 3.820416275238752,
      "hdc_sum": 11.0,
      "gs_sum": 5.800000000000001,
      "xg_avg": 3.820416275238752,
      "hdc_avg": 11.0,
      "gs_avg": 5.800000000000001
    },
    "CBJ": {
      "games_played": 1,
      "xg_sum": 4.342558778712499,
      "hdc_sum": 10.0,
      "gs_sum": 3.600000000000001,
      "xg_avg": 4.342558778712499,
      "hdc_avg": 10.0,
      "gs_avg": 3.600000000000001
    },
    "FLA": {
      "games_played": 1,
      "xg_sum": 2.784451858875,
      "hdc_sum": 5.0,
      "gs_sum": 3.2250000000000005,
      "xg_avg": 2.784451858875,
      "hdc_avg": 5.0,
      "gs_avg": 3.2250000000000005
    },
    "CGY": {
      "games_played": 1,
      "xg_sum": 2.3008171620124998,
      "hdc_sum": 8.0,
      "gs_sum": 5.700000000000003,
      "xg_avg": 2.3008171620124998,
      "hdc_avg": 8.0,
      "gs_avg": 5.700000000000003
    },
    "NJD": {
      "games_played": 1,
      "xg_sum": 4.114559823250001,
      "hdc_sum": 12.0,
      "gs_sum": 6.25,
      "xg_avg": 4.114559823250001,
      "hdc_avg": 12.0,
      "gs_avg": 6.25
    },
    "STL": {
      "games_played": 1,
      "xg_sum": 1.4141196733124999,
      "hdc_sum": 4.0,
      "gs_sum": 3.6,
      "xg_avg": 1.4141196733124999,
      "hdc_avg": 4.0,
      "gs_avg": 3.6
    },
    "CAR": {
      "games_played": 1,
      "xg_sum": 4.068053066992499,
      "hdc_sum": 4.0,
      "gs_sum": 3.475000000000002,
      "xg_avg": 4.068053066992499,
      "hdc_avg": 4.0,
      "gs_avg": 3.475000000000002
    },
    "EDM": {
      "games_played": 1,
      "xg_sum": 3.1393996344374995,
      "hdc_sum": 11.0,
      "gs_sum": 2.300000000000004,
      "xg_avg": 3.1393996344374995,
      "hdc_avg": 11.0,
      "gs_avg": 2.300000000000004
    },
    "DAL": {
      "games_played": 1,
      "xg_sum": 2.581541017875,
      "hdc_sum": 8.0,
      "gs_sum": 5.499999999999997,
      "xg_avg": 2.581541017875,
      "hdc_avg": 8.0,
      "gs_avg": 5.499999999999997
    },
    "PHI": {
      "games_played": 1,
      "xg_sum": 2.2720914257249993,
      "hdc_sum": 7.0,
      "gs_sum": 4.350000000000001,
      "xg_avg": 2.2720914257249993,
      "hdc_avg": 7.0,
      "gs_avg": 4.350000000000001
    },
    "MIN": {
      "games_played": 1,
      "xg_sum": 3.0456221901000005,
      "hdc_sum": 4.0,
      "gs_sum": 3.2000000000000024,
      "xg_avg": 3.0456221901000005,
      "hdc_avg": 4.0,
      "gs_avg": 3.2000000000000024
    },
    "NYR": {
      "games_played": 1,
      "xg_sum": 1.791448027875,
      "hdc_sum": 4.0,
      "gs_sum": 5.925,
      "xg_avg": 1.791448027875,
      "hdc_avg": 4.0,
      "gs_avg": 5.925
    },
    "WPG": {
      "games_played": 1,
      "xg_sum": 2.9191591743750007,
      "hdc_sum": 4.0,
      "gs_sum": 4.624999999999999,
      "xg_avg": 2.9191591743750007,
      "hdc_avg": 4.0,
      "gs_avg": 4.624999999999999
    }
  }
}