{
  "season": "2025-2026",
  "generated_at": "2026-05-01T04:52:12.582613",
  "total_games": 1000,
  "teams": {
    "SJS": {
      "games_played": 17,
      "xg_sum": 47.74499897480443,
      "hdc_sum": 119.0,
      "gs_sum": 68.95000000000002,
      "xg_avg": 2.808529351459084,
      "hdc_avg": 7.0,
      "gs_avg": 4.055882352941177
    },
    "BOS": {
      "games_played": 46,
      "xg_sum": 138.24169991372855,
      "hdc_sum": 415.0,
      "gs_sum": 150.2499999999999,
      "xg_avg": 3.005254345950621,
      "hdc_avg": 9.021739130434783,
      "gs_avg": 3.2663043478260847
    },
    "WSH": {
      "games_played": 15,
      "xg_sum": 43.70830892071101,
      "hdc_sum": 74.0,
      "gs_sum": 59.7,
      "xg_avg": 2.9138872613807343,
      "hdc_avg": 4.933333333333334,
      "gs_avg": 3.98
    },
    "BUF": {
      "games_played": 46,
      "xg_sum": 164.40347514805626,
      "hdc_sum": 262.0,
      "gs_sum": 225.12499999999991,
      "xg_avg": 3.5739885901751363,
      "hdc_avg": 5.695652173913044,
      "gs_avg": 4.894021739130433
    },
    "ANA": {
      "games_played": 52,
      "xg_sum": 190.95566833225737,
      "hdc_sum": 523.0,
      "gs_sum": 314.67499999999984,
      "xg_avg": 3.6722243910049497,
      "hdc_avg": 10.057692307692308,
      "gs_avg": 6.051442307692304
    },
    "TOR": {
      "games_played": 15,
      "xg_sum": 37.31639427613013,
      "hdc_sum": 70.0,
      "gs_sum": 50.92500000000001,
      "xg_avg": 2.4877596184086754,
      "hdc_avg": 4.666666666666667,
      "gs_avg": 3.395000000000001
    },
    "DET": {
      "games_played": 14,
      "xg_sum": 42.45687992070684,
      "hdc_sum": 82.0,
      "gs_sum": 60.95000000000001,
      "xg_avg": 3.0326342800504884,
      "hdc_avg": 5.857142857142857,
      "gs_avg": 4.3535714285714295
    },
    "TBL": {
      "games_played": 46,
      "xg_sum": 137.32623544508837,
      "hdc_sum": 374.0,
      "gs_sum": 163.07500000000002,
      "xg_avg": 2.985352944458443,
      "hdc_avg": 8.130434782608695,
      "gs_avg": 3.5451086956521745
    },
    "CBJ": {
      "games_played": 16,
      "xg_sum": 54.63523806232921,
      "hdc_sum": 150.0,
      "gs_sum": 70.92500000000003,
      "xg_avg": 3.4147023788955755,
      "hdc_avg": 9.375,
      "gs_avg": 4.432812500000002
    },
    "FLA": {
      "games_played": 17,
      "xg_sum": 53.04131810652355,
      "hdc_sum": 105.0,
      "gs_sum": 74.725,
      "xg_avg": 3.1200775356778556,
      "hdc_avg": 6.176470588235294,
      "gs_avg": 4.395588235294118
    },
    "CGY": {
      "games_played": 16,
      "xg_sum": 41.33669659863371,
      "hdc_sum": 99.0,
      "gs_sum": 67.42500000000001,
      "xg_avg": 2.5835435374146067,
      "hdc_avg": 6.1875,
      "gs_avg": 4.214062500000001
    },
    "NJD": {
      "games_played": 15,
      "xg_sum": 48.05434292526162,
      "hdc_sum": 126.0,
      "gs_sum": 68.475,
      "xg_avg": 3.2036228616841083,
      "hdc_avg": 8.4,
      "gs_avg": 4.5649999999999995
    },
    "STL": {
      "games_played": 15,
      "xg_sum": 44.01898429903766,
      "hdc_sum": 130.0,
      "gs_sum": 68.10000000000001,
      "xg_avg": 2.9345989532691776,
      "hdc_avg": 8.666666666666666,
      "gs_avg": 4.540000000000001
    },
    "CAR": {
      "games_played": 50,
      "xg_sum": 191.69099621470076,
      "hdc_sum": 227.0,
      "gs_sum": 224.4500000000001,
      "xg_avg": 3.833819924294015,
      "hdc_avg": 4.54,
      "gs_avg": 4.489000000000002
    },
    "EDM": {
      "games_played": 52,
      "xg_sum": 144.76793041494886,
      "hdc_sum": 459.0,
      "gs_sum": 243.19999999999987,
      "xg_avg": 2.78399866182594,
      "hdc_avg": 8.826923076923077,
      "gs_avg": 4.6769230769230745
    },
    "DAL": {
      "games_played": 51,
      "xg_sum": 170.17304316944262,
      "hdc_sum": 408.0,
      "gs_sum": 235.42500000000018,
      "xg_avg": 3.3367263366557376,
      "hdc_avg": 8.0,
      "gs_avg": 4.616176470588239
    },
    "PHI": {
      "games_played": 52,
      "xg_sum": 166.6197857928461,
      "hdc_sum": 350.0,
      "gs_sum": 203.475,
      "xg_avg": 3.204226649862425,
      "hdc_avg": 6.730769230769231,
      "gs_avg": 3.912980769230769
    },
    "MIN": {
      "games_played": 49,
      "xg_sum": 172.25598650331688,
      "hdc_sum": 291.0,
      "gs_sum": 246.47500000000014,
      "xg_avg": 3.5154282959860588,
      "hdc_avg": 5.938775510204081,
      "gs_avg": 5.030102040816329
    },
    "NYR": {
      "games_played": 19,
      "xg_sum": 55.11042114915968,
      "hdc_sum": 114.0,
      "gs_sum": 81.49999999999999,
      "xg_avg": 2.90054848153472,
      "hdc_avg": 6.0,
      "gs_avg": 4.289473684210526
    },
    "WPG": {
      "games_played": 17,
      "xg_sum": 48.656952694130354,
      "hdc_sum": 95.0,
      "gs_sum": 70.72500000000001,
      "xg_avg": 2.862173687890021,
      "hdc_avg": 5.588235294117647,
      "gs_avg": 4.16029411764706
    },
    "CHI": {
      "games_played": 16,
      "xg_sum": 40.95959503049232,
      "hdc_sum": 96.0,
      "gs_sum": 55.85000000000001,
      "xg_avg": 2.55997468940577,
      "hdc_avg": 6.0,
      "gs_avg": 3.4906250000000005
    },
    "UTA": {
      "games_played": 39,
      "xg_sum": 99.68270316910548,
      "hdc_sum": 217.0,
      "gs_sum": 169.6,
      "xg_avg": 2.5559667479257815,
      "hdc_avg": 5.564102564102564,
      "gs_avg": 4.348717948717948
    },
    "NSH": {
      "games_played": 16,
      "xg_sum": 47.53674217654653,
      "hdc_sum": 115.0,
      "gs_sum": 62.5,
      "xg_avg": 2.9710463860341583,
      "hdc_avg": 7.1875,
      "gs_avg": 3.90625
    },
    "VAN": {
      "games_played": 15,
      "xg_sum": 40.8151848045925,
      "hdc_sum": 84.0,
      "gs_sum": 56.100000000000016,
      "xg_avg": 2.7210123203061665,
      "hdc_avg": 5.6,
      "gs_avg": 3.740000000000001
    },
    "PIT": {
      "games_played": 52,
      "xg_sum": 142.92232088551557,
      "hdc_sum": 443.0,
      "gs_sum": 210.75,
      "xg_avg": 2.7485061708752996,
      "hdc_avg": 8.51923076923077,
      "gs_avg": 4.052884615384615
    },
    "VGK": {
      "games_played": 39,
      "xg_sum": 145.25235825293248,
      "hdc_sum": 260.0,
      "gs_sum": 187.82500000000005,
      "xg_avg": 3.7244194423828842,
      "hdc_avg": 6.666666666666667,
      "gs_avg": 4.816025641025642
    },
    "COL": {
      "games_played": 39,
      "xg_sum": 122.77483493334736,
      "hdc_sum": 309.0,
      "gs_sum": 199.17499999999984,
      "xg_avg": 3.1480726905986502,
      "hdc_avg": 7.923076923076923,
      "gs_avg": 5.107051282051278
    },
    "SEA": {
      "games_played": 17,
      "xg_sum": 43.72124245097605,
      "hdc_sum": 123.0,
      "gs_sum": 67.20000000000002,
      "xg_avg": 2.5718377912338855,
      "hdc_avg": 7.235294117647059,
      "gs_avg": 3.9529411764705893
    },
    "LAK": {
      "games_played": 38,
      "xg_sum": 123.86003625347473,
      "hdc_sum": 232.0,
      "gs_sum": 145.90000000000006,
      "xg_avg": 3.259474638249335,
      "hdc_avg": 6.105263157894737,
      "gs_avg": 3.839473684210528
    },
    "NYI": {
      "games_played": 15,
      "xg_sum": 52.970843760935885,
      "hdc_sum": 156.0,
      "gs_sum": 62.90000000000001,
      "xg_avg": 3.5313895840623926,
      "hdc_avg": 10.4,
      "gs_avg": 4.193333333333334
    },
    "OTT": {
      "games_played": 50,
      "xg_sum": 175.17118687031513,
      "hdc_sum": 351.0,
      "gs_sum": 166.22500000000016,
      "xg_avg": 3.5034237374063024,
      "hdc_avg": 7.02,
      "gs_avg": 3.324500000000003
    },
    "MTL": {
      "games_played": 44,
      "xg_sum": 129.92291042498238,
      "hdc_sum": 235.0,
      "gs_sum": 160.25000000000009,
      "xg_avg": 2.9527934187495997,
      "hdc_avg": 5.340909090909091,
      "gs_avg": 3.6420454545454564
    }
  }
}