{
  "season": "2025-2026",
  "generated_at": "2025-12-12T03:18:09.799789",
  "total_games": 248,
  "teams": {
    "VGK": {
      "games_played": 21,
      "xg_sum": 67.40295276965551,
      "hdc_sum": 71.0,
      "gs_sum": 90.67500000000001,
      "xg_avg": 3.2096644176026436,
      "hdc_avg": 3.380952380952381,
      "gs_avg": 4.317857142857143
    },
    "NJD": {
      "games_played": 21,
      "xg_sum": 56.87460689186915,
      "hdc_sum": 59.0,
      "gs_sum": 63.25000000000002,
      "xg_avg": 2.708314613898531,
      "hdc_avg": 2.8095238095238093,
      "gs_avg": 3.0119047619047628
    },
    "BUF": {
      "games_played": 19,
      "xg_sum": 80.00482115591252,
      "hdc_sum": 220.0,
      "gs_sum": 67.42500000000001,
      "xg_avg": 4.210780060837501,
      "hdc_avg": 11.578947368421053,
      "gs_avg": 3.5486842105263166
    },
    "WPG": {
      "games_played": 19,
      "xg_sum": 40.921968243324436,
      "hdc_sum": 93.0,
      "gs_sum": 81.60000000000004,
      "xg_avg": 2.1537878022802333,
      "hdc_avg": 4.894736842105263,
      "gs_avg": 4.294736842105265
    },
    "SJS": {
      "games_played": 19,
      "xg_sum": 38.83589947446456,
      "hdc_sum": 140.0,
      "gs_sum": 48.899999999999984,
      "xg_avg": 2.0439947091823454,
      "hdc_avg": 7.368421052631579,
      "gs_avg": 2.573684210526315
    },
    "DAL": {
      "games_played": 18,
      "xg_sum": 50.75231789372353,
      "hdc_sum": 29.0,
      "gs_sum": 76.77500000000002,
      "xg_avg": 2.819573216317974,
      "hdc_avg": 1.6111111111111112,
      "gs_avg": 4.265277777777779
    },
    "UTA": {
      "games_played": 17,
      "xg_sum": 49.98205923831736,
      "hdc_sum": 95.0,
      "gs_sum": 67.87499999999999,
      "xg_avg": 2.940121131665727,
      "hdc_avg": 5.588235294117647,
      "gs_avg": 3.9926470588235285
    },
    "VAN": {
      "games_played": 16,
      "xg_sum": 72.8260738318737,
      "hdc_sum": 122.0,
      "gs_sum": 62.249999999999986,
      "xg_avg": 4.551629614492106,
      "hdc_avg": 7.625,
      "gs_avg": 3.890624999999999
    },
    "WSH": {
      "games_played": 12,
      "xg_sum": 45.44452382455353,
      "hdc_sum": 76.0,
      "gs_sum": 55.349999999999994,
      "xg_avg": 3.7870436520461275,
      "hdc_avg": 6.333333333333333,
      "gs_avg": 4.6125
    },
    "ANA": {
      "games_played": 13,
      "xg_sum": 55.81514610836502,
      "hdc_sum": 124.0,
      "gs_sum": 88.725,
      "xg_avg": 4.29347277756654,
      "hdc_avg": 9.538461538461538,
      "gs_avg": 6.824999999999999
    },
    "COL": {
      "games_played": 6,
      "xg_sum": 22.18148295922851,
      "hdc_sum": 81.0,
      "gs_sum": 34.67500000000001,
      "xg_avg": 3.696913826538085,
      "hdc_avg": 13.5,
      "gs_avg": 5.779166666666669
    },
    "NYR": {
      "games_played": 6,
      "xg_sum": 14.380003543125483,
      "hdc_sum": 25.0,
      "gs_sum": 20.1,
      "xg_avg": 2.3966672571875804,
      "hdc_avg": 4.166666666666667,
      "gs_avg": 3.35
    },
    "CBJ": {
      "games_played": 4,
      "xg_sum": 10.390918215143502,
      "hdc_sum": 27.0,
      "gs_sum": 16.650000000000002,
      "xg_avg": 2.5977295537858756,
      "hdc_avg": 6.75,
      "gs_avg": 4.1625000000000005
    },
    "FLA": {
      "games_played": 3,
      "xg_sum": 11.59357231368905,
      "hdc_sum": 20.0,
      "gs_sum": 19.375000000000004,
      "xg_avg": 3.8645241045630168,
      "hdc_avg": 6.666666666666667,
      "gs_avg": 6.458333333333335
    },
    "BOS": {
      "games_played": 2,
      "xg_sum": 6.555970963987501,
      "hdc_sum": 15.0,
      "gs_sum": 11.325,
      "xg_avg": 3.2779854819937504,
      "hdc_avg": 7.5,
      "gs_avg": 5.6625
    },
    "MTL": {
      "games_played": 4,
      "xg_sum": 14.405537788993056,
      "hdc_sum": 29.0,
      "gs_sum": 16.875000000000004,
      "xg_avg": 3.601384447248264,
      "hdc_avg": 7.25,
      "gs_avg": 4.218750000000001
    },
    "TOR": {
      "games_played": 3,
      "xg_sum": 6.471356107888924,
      "hdc_sum": 16.0,
      "gs_sum": 10.300000000000004,
      "xg_avg": 2.1571187026296412,
      "hdc_avg": 5.333333333333333,
      "gs_avg": 3.433333333333335
    },
    "STL": {
      "games_played": 3,
      "xg_sum": 6.731071822222776,
      "hdc_sum": 22.0,
      "gs_sum": 9.950000000000003,
      "xg_avg": 2.243690607407592,
      "hdc_avg": 7.333333333333333,
      "gs_avg": 3.3166666666666678
    },
    "OTT": {
      "games_played": 3,
      "xg_sum": 10.35297558698085,
      "hdc_sum": 30.0,
      "gs_sum": 16.050000000000004,
      "xg_avg": 3.45099186232695,
      "hdc_avg": 10.0,
      "gs_avg": 5.350000000000001
    },
    "NYI": {
      "games_played": 4,
      "xg_sum": 10.030152846882547,
      "hdc_sum": 24.0,
      "gs_sum": 17.875000000000004,
      "xg_avg": 2.507538211720637,
      "hdc_avg": 6.0,
      "gs_avg": 4.468750000000001
    },
    "TBL": {
      "games_played": 4,
      "xg_sum": 14.140403744200325,
      "hdc_sum": 38.0,
      "gs_sum": 19.875,
      "xg_avg": 3.5351009360500814,
      "hdc_avg": 9.5,
      "gs_avg": 4.96875
    },
    "NSH": {
      "games_played": 2,
      "xg_sum": 5.356572317285,
      "hdc_sum": 17.0,
      "gs_sum": 7.825000000000003,
      "xg_avg": 2.6782861586425,
      "hdc_avg": 8.5,
      "gs_avg": 3.9125000000000014
    },
    "CAR": {
      "games_played": 4,
      "xg_sum": 17.529211986183125,
      "hdc_sum": 34.0,
      "gs_sum": 22.400000000000006,
      "xg_avg": 4.382302996545781,
      "hdc_avg": 8.5,
      "gs_avg": 5.600000000000001
    },
    "CGY": {
      "games_played": 3,
      "xg_sum": 9.685540922675004,
      "hdc_sum": 20.0,
      "gs_sum": 14.949999999999998,
      "xg_avg": 3.228513640891668,
      "hdc_avg": 6.666666666666667,
      "gs_avg": 4.9833333333333325
    },
    "CHI": {
      "games_played": 3,
      "xg_sum": 4.6974490877912505,
      "hdc_sum": 11.0,
      "gs_sum": 7.899999999999999,
      "xg_avg": 1.5658163625970836,
      "hdc_avg": 3.6666666666666665,
      "gs_avg": 2.633333333333333
    },
    "LAK": {
      "games_played": 3,
      "xg_sum": 9.515296178944302,
      "hdc_sum": 16.0,
      "gs_sum": 14.575000000000001,
      "xg_avg": 3.1717653929814342,
      "hdc_avg": 5.333333333333333,
      "gs_avg": 4.858333333333333
    },
    "EDM": {
      "games_played": 2,
      "xg_sum": 6.9049585078788525,
      "hdc_sum": 29.0,
      "gs_sum": 10.225000000000001,
      "xg_avg": 3.4524792539394262,
      "hdc_avg": 14.5,
      "gs_avg": 5.112500000000001
    },
    "DET": {
      "games_played": 3,
      "xg_sum": 7.479128569556501,
      "hdc_sum": 25.0,
      "gs_sum": 13.175000000000004,
      "xg_avg": 2.4930428565188336,
      "hdc_avg": 8.333333333333334,
      "gs_avg": 4.391666666666668
    },
    "SEA": {
      "games_played": 3,
      "xg_sum": 10.03101586908027,
      "hdc_sum": 22.0,
      "gs_sum": 12.825000000000003,
      "xg_avg": 3.3436719563600903,
      "hdc_avg": 7.333333333333333,
      "gs_avg": 4.275000000000001
    },
    "MIN": {
      "games_played": 2,
      "xg_sum": 6.696349101550001,
      "hdc_sum": 24.0,
      "gs_sum": 8.725000000000001,
      "xg_avg": 3.3481745507750005,
      "hdc_avg": 12.0,
      "gs_avg": 4.362500000000001
    },
    "PHI": {
      "games_played": 3,
      "xg_sum": 8.43410323667965,
      "hdc_sum": 13.0,
      "gs_sum": 12.850000000000001,
      "xg_avg": 2.8113677455598833,
      "hdc_avg": 4.333333333333333,
      "gs_avg": 4.283333333333334
    },
    "PIT": {
      "games_played": 3,
      "xg_sum": 13.158470512312503,
      "hdc_sum": 48.0,
      "gs_sum": 15.925000000000004,
      "xg_avg": 4.386156837437501,
      "hdc_avg": 16.0,
      "gs_avg": 5.3083333333333345
    }
  }
}