{
  "season": "2025-2026",
  "generated_at": "2026-01-15T04:05:39.003487",
  "total_games": 742,
  "teams": {
    "VGK": {
      "games_played": 34,
      "xg_sum": 111.59622905538103,
      "hdc_sum": 143.0,
      "gs_sum": 155.55000000000004,
      "xg_avg": 3.2822420310406186,
      "hdc_avg": 4.205882352941177,
      "gs_avg": 4.575000000000001
    },
    "NJD": {
      "games_played": 37,
      "xg_sum": 111.78443137152134,
      "hdc_sum": 186.0,
      "gs_sum": 127.65000000000003,
      "xg_avg": 3.021200847878955,
      "hdc_avg": 5.027027027027027,
      "gs_avg": 3.450000000000001
    },
    "BUF": {
      "games_played": 33,
      "xg_sum": 118.65051700026726,
      "hdc_sum": 315.0,
      "gs_sum": 131.60000000000002,
      "xg_avg": 3.5954702121293107,
      "hdc_avg": 9.545454545454545,
      "gs_avg": 3.9878787878787887
    },
    "WPG": {
      "games_played": 35,
      "xg_sum": 91.3413296233274,
      "hdc_sum": 169.0,
      "gs_sum": 152.45000000000005,
      "xg_avg": 2.6097522749522115,
      "hdc_avg": 4.828571428571428,
      "gs_avg": 4.355714285714287
    },
    "SJS": {
      "games_played": 31,
      "xg_sum": 82.1998714311519,
      "hdc_sum": 263.0,
      "gs_sum": 109.62499999999996,
      "xg_avg": 2.65160875584361,
      "hdc_avg": 8.483870967741936,
      "gs_avg": 3.5362903225806437
    },
    "DAL": {
      "games_played": 34,
      "xg_sum": 99.08934732759661,
      "hdc_sum": 142.0,
      "gs_sum": 146.45000000000005,
      "xg_avg": 2.914392568458724,
      "hdc_avg": 4.176470588235294,
      "gs_avg": 4.307352941176472
    },
    "UTA": {
      "games_played": 32,
      "xg_sum": 103.57045188925458,
      "hdc_sum": 218.0,
      "gs_sum": 139.14999999999995,
      "xg_avg": 3.236576621539206,
      "hdc_avg": 6.8125,
      "gs_avg": 4.348437499999998
    },
    "VAN": {
      "games_played": 32,
      "xg_sum": 124.79589285925012,
      "hdc_sum": 213.0,
      "gs_sum": 127.47500000000001,
      "xg_avg": 3.899871651851566,
      "hdc_avg": 6.65625,
      "gs_avg": 3.9835937500000003
    },
    "WSH": {
      "games_played": 27,
      "xg_sum": 93.69485791693272,
      "hdc_sum": 175.0,
      "gs_sum": 119.14999999999999,
      "xg_avg": 3.47017992284936,
      "hdc_avg": 6.481481481481482,
      "gs_avg": 4.412962962962963
    },
    "ANA": {
      "games_played": 29,
      "xg_sum": 110.48162157293692,
      "hdc_sum": 268.0,
      "gs_sum": 155.425,
      "xg_avg": 3.8097110887219627,
      "hdc_avg": 9.241379310344827,
      "gs_avg": 5.35948275862069
    },
    "COL": {
      "games_played": 20,
      "xg_sum": 74.6263945410721,
      "hdc_sum": 195.0,
      "gs_sum": 117.175,
      "xg_avg": 3.731319727053605,
      "hdc_avg": 9.75,
      "gs_avg": 5.85875
    },
    "NYR": {
      "games_played": 21,
      "xg_sum": 58.115684729633095,
      "hdc_sum": 106.0,
      "gs_sum": 80.05000000000001,
      "xg_avg": 2.7674135585539568,
      "hdc_avg": 5.0476190476190474,
      "gs_avg": 3.8119047619047626
    },
    "CBJ": {
      "games_played": 18,
      "xg_sum": 60.69096438628256,
      "hdc_sum": 152.0,
      "gs_sum": 83.70000000000002,
      "xg_avg": 3.3717202436823643,
      "hdc_avg": 8.444444444444445,
      "gs_avg": 4.650000000000001
    },
    "FLA": {
      "games_played": 19,
      "xg_sum": 62.13308097117435,
      "hdc_sum": 127.0,
      "gs_sum": 87.07500000000003,
      "xg_avg": 3.2701621563775976,
      "hdc_avg": 6.684210526315789,
      "gs_avg": 4.582894736842107
    },
    "BOS": {
      "games_played": 17,
      "xg_sum": 53.25156121696906,
      "hdc_sum": 141.0,
      "gs_sum": 76.65000000000002,
      "xg_avg": 3.132444777468768,
      "hdc_avg": 8.294117647058824,
      "gs_avg": 4.508823529411766
    },
    "MTL": {
      "games_played": 21,
      "xg_sum": 70.92911219725306,
      "hdc_sum": 114.0,
      "gs_sum": 96.875,
      "xg_avg": 3.3775767712977647,
      "hdc_avg": 5.428571428571429,
      "gs_avg": 4.613095238095238
    },
    "TOR": {
      "games_played": 21,
      "xg_sum": 55.79578710517402,
      "hdc_sum": 137.0,
      "gs_sum": 92.77500000000003,
      "xg_avg": 2.656942243103525,
      "hdc_avg": 6.523809523809524,
      "gs_avg": 4.4178571428571445
    },
    "STL": {
      "games_played": 18,
      "xg_sum": 48.25068352629425,
      "hdc_sum": 128.0,
      "gs_sum": 62.92500000000002,
      "xg_avg": 2.6805935292385694,
      "hdc_avg": 7.111111111111111,
      "gs_avg": 3.4958333333333345
    },
    "OTT": {
      "games_played": 19,
      "xg_sum": 67.60621948287164,
      "hdc_sum": 190.0,
      "gs_sum": 92.37500000000001,
      "xg_avg": 3.5582220780458758,
      "hdc_avg": 10.0,
      "gs_avg": 4.861842105263158
    },
    "NYI": {
      "games_played": 19,
      "xg_sum": 54.36024033609253,
      "hdc_sum": 152.0,
      "gs_sum": 81.87500000000003,
      "xg_avg": 2.8610652808469754,
      "hdc_avg": 8.0,
      "gs_avg": 4.309210526315791
    },
    "TBL": {
      "games_played": 17,
      "xg_sum": 60.26506703046271,
      "hdc_sum": 151.0,
      "gs_sum": 83.125,
      "xg_avg": 3.545003942968395,
      "hdc_avg": 8.882352941176471,
      "gs_avg": 4.889705882352941
    },
    "NSH": {
      "games_played": 18,
      "xg_sum": 56.8951092551916,
      "hdc_sum": 140.0,
      "gs_sum": 78.2,
      "xg_avg": 3.1608394030662,
      "hdc_avg": 7.777777777777778,
      "gs_avg": 4.344444444444445
    },
    "CAR": {
      "games_played": 21,
      "xg_sum": 76.56530535781931,
      "hdc_sum": 153.0,
      "gs_sum": 106.65000000000003,
      "xg_avg": 3.6459669218009196,
      "hdc_avg": 7.285714285714286,
      "gs_avg": 5.07857142857143
    },
    "CGY": {
      "games_played": 16,
      "xg_sum": 50.295825063638134,
      "hdc_sum": 91.0,
      "gs_sum": 70.07500000000002,
      "xg_avg": 3.1434890664773834,
      "hdc_avg": 5.6875,
      "gs_avg": 4.379687500000001
    },
    "CHI": {
      "games_played": 21,
      "xg_sum": 56.482159983958454,
      "hdc_sum": 124.0,
      "gs_sum": 80.325,
      "xg_avg": 2.6896266659027837,
      "hdc_avg": 5.904761904761905,
      "gs_avg": 3.825
    },
    "LAK": {
      "games_played": 18,
      "xg_sum": 57.70895302342614,
      "hdc_sum": 98.0,
      "gs_sum": 76.42499999999998,
      "xg_avg": 3.206052945745897,
      "hdc_avg": 5.444444444444445,
      "gs_avg": 4.245833333333333
    },
    "EDM": {
      "games_played": 18,
      "xg_sum": 62.793906325979705,
      "hdc_sum": 185.0,
      "gs_sum": 87.85000000000001,
      "xg_avg": 3.488550351443317,
      "hdc_avg": 10.277777777777779,
      "gs_avg": 4.880555555555556
    },
    "DET": {
      "games_played": 19,
      "xg_sum": 58.43469826221042,
      "hdc_sum": 122.0,
      "gs_sum": 81.42500000000001,
      "xg_avg": 3.07551043485318,
      "hdc_avg": 6.421052631578948,
      "gs_avg": 4.2855263157894745
    },
    "SEA": {
      "games_played": 22,
      "xg_sum": 63.77952343205627,
      "hdc_sum": 162.0,
      "gs_sum": 94.45000000000002,
      "xg_avg": 2.899069246911649,
      "hdc_avg": 7.363636363636363,
      "gs_avg": 4.293181818181819
    },
    "MIN": {
      "games_played": 18,
      "xg_sum": 61.14782952304247,
      "hdc_sum": 140.0,
      "gs_sum": 91.30000000000003,
      "xg_avg": 3.397101640169026,
      "hdc_avg": 7.777777777777778,
      "gs_avg": 5.072222222222224
    },
    "PHI": {
      "games_played": 18,
      "xg_sum": 56.26204836640786,
      "hdc_sum": 104.0,
      "gs_sum": 75.50000000000001,
      "xg_avg": 3.1256693536893256,
      "hdc_avg": 5.777777777777778,
      "gs_avg": 4.1944444444444455
    },
    "PIT": {
      "games_played": 19,
      "xg_sum": 66.51723964752304,
      "hdc_sum": 205.0,
      "gs_sum": 92.7,
      "xg_avg": 3.500907349869634,
      "hdc_avg": 10.789473684210526,
      "gs_avg": 4.878947368421053
    }
  }
}