{
  "season": "2025-2026",
  "generated_at": "2026-04-14T04:49:01.788404",
  "total_games": 456,
  "teams": {
    "SJS": {
      "games_played": 15,
      "xg_sum": 42.02344499034193,
      "hdc_sum": 101.0,
      "gs_sum": 60.05000000000002,
      "xg_avg": 2.8015629993561286,
      "hdc_avg": 6.733333333333333,
      "gs_avg": 4.003333333333335
    },
    "BOS": {
      "games_played": 14,
      "xg_sum": 43.420832025133485,
      "hdc_sum": 129.0,
      "gs_sum": 66.3,
      "xg_avg": 3.101488001795249,
      "hdc_avg": 9.214285714285714,
      "gs_avg": 4.735714285714286
    },
    "WSH": {
      "games_played": 14,
      "xg_sum": 40.6731933186205,
      "hdc_sum": 71.0,
      "gs_sum": 56.075,
      "xg_avg": 2.9052280941871786,
      "hdc_avg": 5.071428571428571,
      "gs_avg": 4.005357142857143
    },
    "BUF": {
      "games_played": 14,
      "xg_sum": 44.10268015228333,
      "hdc_sum": 117.0,
      "gs_sum": 66.97500000000001,
      "xg_avg": 3.150191439448809,
      "hdc_avg": 8.357142857142858,
      "gs_avg": 4.783928571428572
    },
    "ANA": {
      "games_played": 13,
      "xg_sum": 47.31046489728389,
      "hdc_sum": 140.0,
      "gs_sum": 60.975000000000016,
      "xg_avg": 3.6392665305602994,
      "hdc_avg": 10.76923076923077,
      "gs_avg": 4.690384615384617
    },
    "TOR": {
      "games_played": 14,
      "xg_sum": 35.459536988268255,
      "hdc_sum": 68.0,
      "gs_sum": 48.750000000000014,
      "xg_avg": 2.5328240705905896,
      "hdc_avg": 4.857142857142857,
      "gs_avg": 3.482142857142858
    },
    "DET": {
      "games_played": 13,
      "xg_sum": 39.621776088853586,
      "hdc_sum": 71.0,
      "gs_sum": 57.650000000000006,
      "xg_avg": 3.047828929911814,
      "hdc_avg": 5.461538461538462,
      "gs_avg": 4.434615384615385
    },
    "TBL": {
      "games_played": 16,
      "xg_sum": 49.08803439067046,
      "hdc_sum": 116.0,
      "gs_sum": 70.25000000000001,
      "xg_avg": 3.0680021494169036,
      "hdc_avg": 7.25,
      "gs_avg": 4.390625000000001
    },
    "CBJ": {
      "games_played": 15,
      "xg_sum": 51.800665246829205,
      "hdc_sum": 140.0,
      "gs_sum": 67.90000000000002,
      "xg_avg": 3.453377683121947,
      "hdc_avg": 9.333333333333334,
      "gs_avg": 4.526666666666668
    },
    "FLA": {
      "games_played": 16,
      "xg_sum": 50.35835057967355,
      "hdc_sum": 96.0,
      "gs_sum": 67.3,
      "xg_avg": 3.1473969112295967,
      "hdc_avg": 6.0,
      "gs_avg": 4.20625
    },
    "CGY": {
      "games_played": 14,
      "xg_sum": 37.059098853839956,
      "hdc_sum": 89.0,
      "gs_sum": 60.525000000000006,
      "xg_avg": 2.647078489559997,
      "hdc_avg": 6.357142857142857,
      "gs_avg": 4.323214285714286
    },
    "NJD": {
      "games_played": 14,
      "xg_sum": 44.61793960186812,
      "hdc_sum": 124.0,
      "gs_sum": 65.75,
      "xg_avg": 3.186995685847723,
      "hdc_avg": 8.857142857142858,
      "gs_avg": 4.696428571428571
    },
    "STL": {
      "games_played": 13,
      "xg_sum": 38.73389526366266,
      "hdc_sum": 116.0,
      "gs_sum": 54.85000000000001,
      "xg_avg": 2.979530404897128,
      "hdc_avg": 8.923076923076923,
      "gs_avg": 4.21923076923077
    },
    "CAR": {
      "games_played": 14,
      "xg_sum": 53.133806593619354,
      "hdc_sum": 98.0,
      "gs_sum": 76.20000000000003,
      "xg_avg": 3.7952718995442396,
      "hdc_avg": 7.0,
      "gs_avg": 5.442857142857145
    },
    "EDM": {
      "games_played": 14,
      "xg_sum": 42.08954048095923,
      "hdc_sum": 132.0,
      "gs_sum": 61.725000000000016,
      "xg_avg": 3.006395748639945,
      "hdc_avg": 9.428571428571429,
      "gs_avg": 4.408928571428572
    },
    "DAL": {
      "games_played": 15,
      "xg_sum": 44.526950111652994,
      "hdc_sum": 99.0,
      "gs_sum": 60.175,
      "xg_avg": 2.968463340776866,
      "hdc_avg": 6.6,
      "gs_avg": 4.011666666666667
    },
    "PHI": {
      "games_played": 14,
      "xg_sum": 47.533783486063854,
      "hdc_sum": 109.0,
      "gs_sum": 64.17500000000001,
      "xg_avg": 3.395270249004561,
      "hdc_avg": 7.785714285714286,
      "gs_avg": 4.583928571428572
    },
    "MIN": {
      "games_played": 13,
      "xg_sum": 47.974715776528065,
      "hdc_sum": 89.0,
      "gs_sum": 57.125,
      "xg_avg": 3.6903627520406204,
      "hdc_avg": 6.846153846153846,
      "gs_avg": 4.394230769230769
    },
    "NYR": {
      "games_played": 18,
      "xg_sum": 52.641589211172175,
      "hdc_sum": 109.0,
      "gs_sum": 77.32499999999999,
      "xg_avg": 2.9245327339540097,
      "hdc_avg": 6.055555555555555,
      "gs_avg": 4.2958333333333325
    },
    "WPG": {
      "games_played": 15,
      "xg_sum": 43.97512224572161,
      "hdc_sum": 86.0,
      "gs_sum": 64.47500000000001,
      "xg_avg": 2.9316748163814403,
      "hdc_avg": 5.733333333333333,
      "gs_avg": 4.298333333333334
    },
    "CHI": {
      "games_played": 15,
      "xg_sum": 38.15854832767482,
      "hdc_sum": 90.0,
      "gs_sum": 50.72500000000001,
      "xg_avg": 2.543903221844988,
      "hdc_avg": 6.0,
      "gs_avg": 3.3816666666666673
    },
    "UTA": {
      "games_played": 13,
      "xg_sum": 43.35794902384923,
      "hdc_sum": 123.0,
      "gs_sum": 61.95000000000001,
      "xg_avg": 3.335226847988402,
      "hdc_avg": 9.461538461538462,
      "gs_avg": 4.765384615384616
    },
    "NSH": {
      "games_played": 15,
      "xg_sum": 45.11122436745028,
      "hdc_sum": 109.0,
      "gs_sum": 58.375,
      "xg_avg": 3.007414957830019,
      "hdc_avg": 7.266666666666667,
      "gs_avg": 3.8916666666666666
    },
    "VAN": {
      "games_played": 13,
      "xg_sum": 36.434141354321056,
      "hdc_sum": 72.0,
      "gs_sum": 50.000000000000014,
      "xg_avg": 2.802626258024697,
      "hdc_avg": 5.538461538461538,
      "gs_avg": 3.846153846153847
    },
    "PIT": {
      "games_played": 14,
      "xg_sum": 47.25300336118466,
      "hdc_sum": 125.0,
      "gs_sum": 69.22500000000001,
      "xg_avg": 3.375214525798904,
      "hdc_avg": 8.928571428571429,
      "gs_avg": 4.944642857142858
    },
    "VGK": {
      "games_played": 14,
      "xg_sum": 51.71470431277296,
      "hdc_sum": 99.0,
      "gs_sum": 62.22500000000001,
      "xg_avg": 3.6939074509123544,
      "hdc_avg": 7.071428571428571,
      "gs_avg": 4.444642857142858
    },
    "COL": {
      "games_played": 14,
      "xg_sum": 56.064494780392884,
      "hdc_sum": 104.0,
      "gs_sum": 74.375,
      "xg_avg": 4.004606770028063,
      "hdc_avg": 7.428571428571429,
      "gs_avg": 5.3125
    },
    "SEA": {
      "games_played": 15,
      "xg_sum": 40.90166309408105,
      "hdc_sum": 115.0,
      "gs_sum": 63.10000000000001,
      "xg_avg": 2.7267775396054033,
      "hdc_avg": 7.666666666666667,
      "gs_avg": 4.206666666666667
    },
    "LAK": {
      "games_played": 13,
      "xg_sum": 42.40637277982471,
      "hdc_sum": 84.0,
      "gs_sum": 61.60000000000001,
      "xg_avg": 3.2620286753711314,
      "hdc_avg": 6.461538461538462,
      "gs_avg": 4.738461538461539
    },
    "NYI": {
      "games_played": 14,
      "xg_sum": 49.78966722776089,
      "hdc_sum": 145.0,
      "gs_sum": 59.250000000000014,
      "xg_avg": 3.5564048019829206,
      "hdc_avg": 10.357142857142858,
      "gs_avg": 4.2321428571428585
    },
    "OTT": {
      "games_played": 14,
      "xg_sum": 44.857189234378055,
      "hdc_sum": 119.0,
      "gs_sum": 60.65000000000001,
      "xg_avg": 3.2040849453127183,
      "hdc_avg": 8.5,
      "gs_avg": 4.332142857142858
    },
    "MTL": {
      "games_played": 14,
      "xg_sum": 49.01350793737434,
      "hdc_sum": 84.0,
      "gs_sum": 59.12500000000002,
      "xg_avg": 3.500964852669596,
      "hdc_avg": 6.0,
      "gs_avg": 4.223214285714287
    }
  }
}