{
  "season": "2025-2026",
  "generated_at": "2025-12-20T05:50:34.350027",
  "total_games": 372,
  "teams": {
    "VGK": {
      "games_played": 23,
      "xg_sum": 74.42965276876427,
      "hdc_sum": 83.0,
      "gs_sum": 99.15,
      "xg_avg": 3.23607185951149,
      "hdc_avg": 3.608695652173913,
      "gs_avg": 4.310869565217391
    },
    "NJD": {
      "games_played": 25,
      "xg_sum": 70.02941309535915,
      "hdc_sum": 89.0,
      "gs_sum": 78.97500000000002,
      "xg_avg": 2.801176523814366,
      "hdc_avg": 3.56,
      "gs_avg": 3.1590000000000007
    },
    "BUF": {
      "games_played": 22,
      "xg_sum": 87.10849407646253,
      "hdc_sum": 233.0,
      "gs_sum": 79.85000000000001,
      "xg_avg": 3.9594770034755697,
      "hdc_avg": 10.590909090909092,
      "gs_avg": 3.629545454545455
    },
    "WPG": {
      "games_played": 24,
      "xg_sum": 56.996347374047986,
      "hdc_sum": 114.0,
      "gs_sum": 100.77500000000005,
      "xg_avg": 2.3748478072519994,
      "hdc_avg": 4.75,
      "gs_avg": 4.198958333333335
    },
    "SJS": {
      "games_played": 22,
      "xg_sum": 50.741172010183874,
      "hdc_sum": 168.0,
      "gs_sum": 67.22499999999998,
      "xg_avg": 2.3064169095538123,
      "hdc_avg": 7.636363636363637,
      "gs_avg": 3.0556818181818173
    },
    "DAL": {
      "games_played": 23,
      "xg_sum": 64.28317020665085,
      "hdc_sum": 62.0,
      "gs_sum": 99.40000000000002,
      "xg_avg": 2.7949204437674284,
      "hdc_avg": 2.6956521739130435,
      "gs_avg": 4.321739130434784
    },
    "UTA": {
      "games_played": 22,
      "xg_sum": 67.88020990830485,
      "hdc_sum": 130.0,
      "gs_sum": 92.52499999999998,
      "xg_avg": 3.0854640867411294,
      "hdc_avg": 5.909090909090909,
      "gs_avg": 4.205681818181817
    },
    "VAN": {
      "games_played": 20,
      "xg_sum": 83.51490362457803,
      "hdc_sum": 141.0,
      "gs_sum": 77.52499999999999,
      "xg_avg": 4.175745181228901,
      "hdc_avg": 7.05,
      "gs_avg": 3.8762499999999998
    },
    "WSH": {
      "games_played": 15,
      "xg_sum": 54.71394406886313,
      "hdc_sum": 97.0,
      "gs_sum": 65.45,
      "xg_avg": 3.647596271257542,
      "hdc_avg": 6.466666666666667,
      "gs_avg": 4.363333333333333
    },
    "ANA": {
      "games_played": 17,
      "xg_sum": 68.35726216608143,
      "hdc_sum": 148.0,
      "gs_sum": 105.9,
      "xg_avg": 4.0210154215342016,
      "hdc_avg": 8.705882352941176,
      "gs_avg": 6.229411764705882
    },
    "COL": {
      "games_played": 10,
      "xg_sum": 38.848842123946135,
      "hdc_sum": 109.0,
      "gs_sum": 59.32500000000001,
      "xg_avg": 3.8848842123946135,
      "hdc_avg": 10.9,
      "gs_avg": 5.932500000000001
    },
    "NYR": {
      "games_played": 10,
      "xg_sum": 28.50285993814169,
      "hdc_sum": 49.0,
      "gs_sum": 34.975,
      "xg_avg": 2.850285993814169,
      "hdc_avg": 4.9,
      "gs_avg": 3.4975
    },
    "CBJ": {
      "games_played": 7,
      "xg_sum": 18.931660865912,
      "hdc_sum": 51.0,
      "gs_sum": 30.600000000000005,
      "xg_avg": 2.7045229808445717,
      "hdc_avg": 7.285714285714286,
      "gs_avg": 4.371428571428572
    },
    "FLA": {
      "games_played": 8,
      "xg_sum": 27.59404122223798,
      "hdc_sum": 55.0,
      "gs_sum": 43.25000000000001,
      "xg_avg": 3.4492551527797475,
      "hdc_avg": 6.875,
      "gs_avg": 5.406250000000001
    },
    "BOS": {
      "games_played": 6,
      "xg_sum": 15.811682632142002,
      "hdc_sum": 39.0,
      "gs_sum": 28.325000000000003,
      "xg_avg": 2.6352804386903337,
      "hdc_avg": 6.5,
      "gs_avg": 4.720833333333334
    },
    "MTL": {
      "games_played": 8,
      "xg_sum": 26.695530668743057,
      "hdc_sum": 53.0,
      "gs_sum": 33.75,
      "xg_avg": 3.336941333592882,
      "hdc_avg": 6.625,
      "gs_avg": 4.21875
    },
    "TOR": {
      "games_played": 6,
      "xg_sum": 14.62858649639336,
      "hdc_sum": 31.0,
      "gs_sum": 21.175000000000004,
      "xg_avg": 2.4380977493988936,
      "hdc_avg": 5.166666666666667,
      "gs_avg": 3.5291666666666672
    },
    "STL": {
      "games_played": 8,
      "xg_sum": 19.930565337341545,
      "hdc_sum": 51.0,
      "gs_sum": 25.650000000000006,
      "xg_avg": 2.491320667167693,
      "hdc_avg": 6.375,
      "gs_avg": 3.2062500000000007
    },
    "OTT": {
      "games_played": 6,
      "xg_sum": 22.15706938911722,
      "hdc_sum": 59.0,
      "gs_sum": 30.30000000000001,
      "xg_avg": 3.692844898186203,
      "hdc_avg": 9.833333333333334,
      "gs_avg": 5.050000000000002
    },
    "NYI": {
      "games_played": 7,
      "xg_sum": 17.493712194960622,
      "hdc_sum": 50.0,
      "gs_sum": 28.025000000000002,
      "xg_avg": 2.4991017421372317,
      "hdc_avg": 7.142857142857143,
      "gs_avg": 4.003571428571429
    },
    "TBL": {
      "games_played": 7,
      "xg_sum": 25.15192685805205,
      "hdc_sum": 70.0,
      "gs_sum": 32.45,
      "xg_avg": 3.59313240829315,
      "hdc_avg": 10.0,
      "gs_avg": 4.635714285714286
    },
    "NSH": {
      "games_played": 6,
      "xg_sum": 17.672836871860255,
      "hdc_sum": 50.0,
      "gs_sum": 26.475,
      "xg_avg": 2.945472811976709,
      "hdc_avg": 8.333333333333334,
      "gs_avg": 4.4125000000000005
    },
    "CAR": {
      "games_played": 8,
      "xg_sum": 32.15692649723313,
      "hdc_sum": 66.0,
      "gs_sum": 43.67500000000001,
      "xg_avg": 4.019615812154141,
      "hdc_avg": 8.25,
      "gs_avg": 5.459375000000001
    },
    "CGY": {
      "games_played": 6,
      "xg_sum": 20.843596894948462,
      "hdc_sum": 41.0,
      "gs_sum": 31.925000000000004,
      "xg_avg": 3.473932815824744,
      "hdc_avg": 6.833333333333333,
      "gs_avg": 5.320833333333334
    },
    "CHI": {
      "games_played": 7,
      "xg_sum": 13.222837688666504,
      "hdc_sum": 30.0,
      "gs_sum": 19.95,
      "xg_avg": 1.8889768126666433,
      "hdc_avg": 4.285714285714286,
      "gs_avg": 2.85
    },
    "LAK": {
      "games_played": 7,
      "xg_sum": 21.89507763569694,
      "hdc_sum": 41.0,
      "gs_sum": 26.525000000000002,
      "xg_avg": 3.1278682336709913,
      "hdc_avg": 5.857142857142857,
      "gs_avg": 3.7892857142857146
    },
    "EDM": {
      "games_played": 7,
      "xg_sum": 21.830354780003358,
      "hdc_sum": 65.0,
      "gs_sum": 35.15,
      "xg_avg": 3.118622111429051,
      "hdc_avg": 9.285714285714286,
      "gs_avg": 5.021428571428571
    },
    "DET": {
      "games_played": 7,
      "xg_sum": 20.62226505489393,
      "hdc_sum": 45.0,
      "gs_sum": 29.125000000000004,
      "xg_avg": 2.9460378649848473,
      "hdc_avg": 6.428571428571429,
      "gs_avg": 4.1607142857142865
    },
    "SEA": {
      "games_played": 7,
      "xg_sum": 25.02190238672447,
      "hdc_sum": 58.0,
      "gs_sum": 28.475000000000005,
      "xg_avg": 3.5745574838177814,
      "hdc_avg": 8.285714285714286,
      "gs_avg": 4.067857142857144
    },
    "MIN": {
      "games_played": 7,
      "xg_sum": 22.927771319104654,
      "hdc_sum": 55.0,
      "gs_sum": 37.275,
      "xg_avg": 3.2753959027292363,
      "hdc_avg": 7.857142857142857,
      "gs_avg": 5.325
    },
    "PHI": {
      "games_played": 7,
      "xg_sum": 20.8711894698179,
      "hdc_sum": 41.0,
      "gs_sum": 27.750000000000004,
      "xg_avg": 2.9815984956882713,
      "hdc_avg": 5.857142857142857,
      "gs_avg": 3.964285714285715
    },
    "PIT": {
      "games_played": 7,
      "xg_sum": 24.900929139580256,
      "hdc_sum": 81.0,
      "gs_sum": 33.425000000000004,
      "xg_avg": 3.557275591368608,
      "hdc_avg": 11.571428571428571,
      "gs_avg": 4.775
    }
  }
}