{
  "season": "2025-2026",
  "generated_at": "2026-04-07T04:30:07.569290",
  "total_games": 334,
  "teams": {
    "SJS": {
      "games_played": 10,
      "xg_sum": 29.557645139603054,
      "hdc_sum": 72.0,
      "gs_sum": 41.30000000000001,
      "xg_avg": 2.9557645139603053,
      "hdc_avg": 7.2,
      "gs_avg": 4.130000000000001
    },
    "BOS": {
      "games_played": 11,
      "xg_sum": 36.2013669622388,
      "hdc_sum": 110.0,
      "gs_sum": 55.05,
      "xg_avg": 3.2910333602035275,
      "hdc_avg": 10.0,
      "gs_avg": 5.004545454545454
    },
    "WSH": {
      "games_played": 11,
      "xg_sum": 30.815573492090902,
      "hdc_sum": 51.0,
      "gs_sum": 40.075,
      "xg_avg": 2.801415772008264,
      "hdc_avg": 4.636363636363637,
      "gs_avg": 3.6431818181818185
    },
    "BUF": {
      "games_played": 11,
      "xg_sum": 35.79954047459995,
      "hdc_sum": 92.0,
      "gs_sum": 51.325,
      "xg_avg": 3.2545036795090865,
      "hdc_avg": 8.363636363636363,
      "gs_avg": 4.665909090909091
    },
    "ANA": {
      "games_played": 10,
      "xg_sum": 35.41765430471389,
      "hdc_sum": 103.0,
      "gs_sum": 46.80000000000001,
      "xg_avg": 3.541765430471389,
      "hdc_avg": 10.3,
      "gs_avg": 4.6800000000000015
    },
    "TOR": {
      "games_played": 10,
      "xg_sum": 24.898406493623078,
      "hdc_sum": 50.0,
      "gs_sum": 34.47500000000001,
      "xg_avg": 2.489840649362308,
      "hdc_avg": 5.0,
      "gs_avg": 3.4475000000000007
    },
    "DET": {
      "games_played": 9,
      "xg_sum": 28.029994854989216,
      "hdc_sum": 48.0,
      "gs_sum": 35.800000000000004,
      "xg_avg": 3.1144438727765795,
      "hdc_avg": 5.333333333333333,
      "gs_avg": 3.9777777777777783
    },
    "TBL": {
      "games_played": 12,
      "xg_sum": 39.509303208757885,
      "hdc_sum": 98.0,
      "gs_sum": 58.47500000000001,
      "xg_avg": 3.292441934063157,
      "hdc_avg": 8.166666666666666,
      "gs_avg": 4.872916666666668
    },
    "CBJ": {
      "games_played": 11,
      "xg_sum": 35.059036469732504,
      "hdc_sum": 107.0,
      "gs_sum": 45.67500000000002,
      "xg_avg": 3.187185133612046,
      "hdc_avg": 9.727272727272727,
      "gs_avg": 4.152272727272729
    },
    "FLA": {
      "games_played": 12,
      "xg_sum": 39.340839326863005,
      "hdc_sum": 67.0,
      "gs_sum": 49.724999999999994,
      "xg_avg": 3.2784032772385836,
      "hdc_avg": 5.583333333333333,
      "gs_avg": 4.14375
    },
    "CGY": {
      "games_played": 10,
      "xg_sum": 26.447562970003688,
      "hdc_sum": 68.0,
      "gs_sum": 46.22500000000001,
      "xg_avg": 2.644756297000369,
      "hdc_avg": 6.8,
      "gs_avg": 4.6225000000000005
    },
    "NJD": {
      "games_played": 10,
      "xg_sum": 35.32435351092138,
      "hdc_sum": 97.0,
      "gs_sum": 53.00000000000001,
      "xg_avg": 3.5324353510921376,
      "hdc_avg": 9.7,
      "gs_avg": 5.300000000000001
    },
    "STL": {
      "games_played": 9,
      "xg_sum": 25.91939180979915,
      "hdc_sum": 76.0,
      "gs_sum": 37.27500000000001,
      "xg_avg": 2.8799324233110166,
      "hdc_avg": 8.444444444444445,
      "gs_avg": 4.141666666666668
    },
    "CAR": {
      "games_played": 10,
      "xg_sum": 39.08252396186158,
      "hdc_sum": 67.0,
      "gs_sum": 53.000000000000014,
      "xg_avg": 3.908252396186158,
      "hdc_avg": 6.7,
      "gs_avg": 5.300000000000002
    },
    "EDM": {
      "games_played": 10,
      "xg_sum": 29.848158318232482,
      "hdc_sum": 96.0,
      "gs_sum": 43.07500000000001,
      "xg_avg": 2.9848158318232483,
      "hdc_avg": 9.6,
      "gs_avg": 4.307500000000001
    },
    "DAL": {
      "games_played": 11,
      "xg_sum": 32.197028678661894,
      "hdc_sum": 69.0,
      "gs_sum": 42.375,
      "xg_avg": 2.9270026071510813,
      "hdc_avg": 6.2727272727272725,
      "gs_avg": 3.852272727272727
    },
    "PHI": {
      "games_played": 10,
      "xg_sum": 35.63940113618226,
      "hdc_sum": 81.0,
      "gs_sum": 44.60000000000001,
      "xg_avg": 3.5639401136182256,
      "hdc_avg": 8.1,
      "gs_avg": 4.460000000000001
    },
    "MIN": {
      "games_played": 9,
      "xg_sum": 35.259107161060314,
      "hdc_sum": 66.0,
      "gs_sum": 39.87500000000001,
      "xg_avg": 3.917678573451146,
      "hdc_avg": 7.333333333333333,
      "gs_avg": 4.430555555555556
    },
    "NYR": {
      "games_played": 15,
      "xg_sum": 43.075332718724454,
      "hdc_sum": 85.0,
      "gs_sum": 67.7,
      "xg_avg": 2.8716888479149634,
      "hdc_avg": 5.666666666666667,
      "gs_avg": 4.513333333333334
    },
    "WPG": {
      "games_played": 12,
      "xg_sum": 34.54796073436326,
      "hdc_sum": 66.0,
      "gs_sum": 54.250000000000014,
      "xg_avg": 2.878996727863605,
      "hdc_avg": 5.5,
      "gs_avg": 4.520833333333335
    },
    "CHI": {
      "games_played": 11,
      "xg_sum": 28.515149556311066,
      "hdc_sum": 69.0,
      "gs_sum": 36.37500000000001,
      "xg_avg": 2.592286323301006,
      "hdc_avg": 6.2727272727272725,
      "gs_avg": 3.3068181818181825
    },
    "UTA": {
      "games_played": 9,
      "xg_sum": 30.345571020997227,
      "hdc_sum": 90.0,
      "gs_sum": 44.00000000000001,
      "xg_avg": 3.371730113444136,
      "hdc_avg": 10.0,
      "gs_avg": 4.888888888888889
    },
    "NSH": {
      "games_played": 10,
      "xg_sum": 29.281117202080782,
      "hdc_sum": 67.0,
      "gs_sum": 38.25,
      "xg_avg": 2.9281117202080784,
      "hdc_avg": 6.7,
      "gs_avg": 3.825
    },
    "VAN": {
      "games_played": 9,
      "xg_sum": 24.730625273537957,
      "hdc_sum": 48.0,
      "gs_sum": 32.82500000000001,
      "xg_avg": 2.7478472526153284,
      "hdc_avg": 5.333333333333333,
      "gs_avg": 3.6472222222222235
    },
    "PIT": {
      "games_played": 11,
      "xg_sum": 37.83105384132019,
      "hdc_sum": 110.0,
      "gs_sum": 56.97500000000001,
      "xg_avg": 3.43918671284729,
      "hdc_avg": 10.0,
      "gs_avg": 5.179545454545456
    },
    "VGK": {
      "games_played": 10,
      "xg_sum": 35.137866011672955,
      "hdc_sum": 63.0,
      "gs_sum": 40.7,
      "xg_avg": 3.5137866011672956,
      "hdc_avg": 6.3,
      "gs_avg": 4.07
    },
    "COL": {
      "games_played": 10,
      "xg_sum": 38.80915893018693,
      "hdc_sum": 73.0,
      "gs_sum": 53.425000000000004,
      "xg_avg": 3.880915893018693,
      "hdc_avg": 7.3,
      "gs_avg": 5.3425
    },
    "SEA": {
      "games_played": 11,
      "xg_sum": 28.742689741623735,
      "hdc_sum": 75.0,
      "gs_sum": 42.525000000000006,
      "xg_avg": 2.612971794693067,
      "hdc_avg": 6.818181818181818,
      "gs_avg": 3.8659090909090916
    },
    "LAK": {
      "games_played": 9,
      "xg_sum": 29.468867270745786,
      "hdc_sum": 60.0,
      "gs_sum": 42.75000000000001,
      "xg_avg": 3.2743185856384205,
      "hdc_avg": 6.666666666666667,
      "gs_avg": 4.750000000000001
    },
    "NYI": {
      "games_played": 11,
      "xg_sum": 35.46362841168659,
      "hdc_sum": 109.0,
      "gs_sum": 47.10000000000001,
      "xg_avg": 3.2239662192442355,
      "hdc_avg": 9.909090909090908,
      "gs_avg": 4.281818181818182
    },
    "OTT": {
      "games_played": 10,
      "xg_sum": 35.46250451185637,
      "hdc_sum": 91.0,
      "gs_sum": 45.05000000000001,
      "xg_avg": 3.5462504511856374,
      "hdc_avg": 9.1,
      "gs_avg": 4.505000000000001
    },
    "MTL": {
      "games_played": 10,
      "xg_sum": 35.37649245278725,
      "hdc_sum": 64.0,
      "gs_sum": 43.57500000000002,
      "xg_avg": 3.5376492452787245,
      "hdc_avg": 6.4,
      "gs_avg": 4.357500000000002
    }
  }
}