{
  "season": "2025-2026",
  "generated_at": "2026-04-03T01:51:20.632003",
  "total_games": 340,
  "teams": {
    "SJS": {
      "games_played": 11,
      "xg_sum": 32.632944793873854,
      "hdc_sum": 79.0,
      "gs_sum": 45.57500000000001,
      "xg_avg": 2.966631344897623,
      "hdc_avg": 7.181818181818182,
      "gs_avg": 4.143181818181819
    },
    "BOS": {
      "games_played": 12,
      "xg_sum": 40.2710744505888,
      "hdc_sum": 123.0,
      "gs_sum": 58.625,
      "xg_avg": 3.3559228708824,
      "hdc_avg": 10.25,
      "gs_avg": 4.885416666666667
    },
    "WSH": {
      "games_played": 9,
      "xg_sum": 26.6693287775249,
      "hdc_sum": 39.0,
      "gs_sum": 36.275000000000006,
      "xg_avg": 2.963258753058322,
      "hdc_avg": 4.333333333333333,
      "gs_avg": 4.030555555555556
    },
    "BUF": {
      "games_played": 11,
      "xg_sum": 34.3775080097,
      "hdc_sum": 87.0,
      "gs_sum": 49.225,
      "xg_avg": 3.1252280008818185,
      "hdc_avg": 7.909090909090909,
      "gs_avg": 4.4750000000000005
    },
    "ANA": {
      "games_played": 11,
      "xg_sum": 38.53196504525214,
      "hdc_sum": 108.0,
      "gs_sum": 51.05000000000001,
      "xg_avg": 3.5029059132047404,
      "hdc_avg": 9.818181818181818,
      "gs_avg": 4.6409090909090915
    },
    "TOR": {
      "games_played": 10,
      "xg_sum": 24.898406493623078,
      "hdc_sum": 50.0,
      "gs_sum": 34.47500000000001,
      "xg_avg": 2.489840649362308,
      "hdc_avg": 5.0,
      "gs_avg": 3.4475000000000007
    },
    "DET": {
      "games_played": 10,
      "xg_sum": 30.09100520755219,
      "hdc_sum": 55.0,
      "gs_sum": 40.22500000000001,
      "xg_avg": 3.009100520755219,
      "hdc_avg": 5.5,
      "gs_avg": 4.022500000000001
    },
    "TBL": {
      "games_played": 12,
      "xg_sum": 41.83114548232038,
      "hdc_sum": 110.0,
      "gs_sum": 62.32500000000001,
      "xg_avg": 3.485928790193365,
      "hdc_avg": 9.166666666666666,
      "gs_avg": 5.1937500000000005
    },
    "CBJ": {
      "games_played": 12,
      "xg_sum": 37.5282878918575,
      "hdc_sum": 108.0,
      "gs_sum": 47.70000000000002,
      "xg_avg": 3.1273573243214585,
      "hdc_avg": 9.0,
      "gs_avg": 3.9750000000000014
    },
    "FLA": {
      "games_played": 11,
      "xg_sum": 37.550280019846504,
      "hdc_sum": 56.0,
      "gs_sum": 42.975,
      "xg_avg": 3.413661819986046,
      "hdc_avg": 5.090909090909091,
      "gs_avg": 3.9068181818181817
    },
    "CGY": {
      "games_played": 10,
      "xg_sum": 26.447562970003688,
      "hdc_sum": 68.0,
      "gs_sum": 46.22500000000001,
      "xg_avg": 2.644756297000369,
      "hdc_avg": 6.8,
      "gs_avg": 4.6225000000000005
    },
    "NJD": {
      "games_played": 10,
      "xg_sum": 35.32435351092138,
      "hdc_sum": 97.0,
      "gs_sum": 53.00000000000001,
      "xg_avg": 3.5324353510921376,
      "hdc_avg": 9.7,
      "gs_avg": 5.300000000000001
    },
    "STL": {
      "games_played": 10,
      "xg_sum": 29.594056877295227,
      "hdc_sum": 89.0,
      "gs_sum": 40.350000000000016,
      "xg_avg": 2.9594056877295225,
      "hdc_avg": 8.9,
      "gs_avg": 4.035000000000002
    },
    "CAR": {
      "games_played": 11,
      "xg_sum": 42.093409391624085,
      "hdc_sum": 69.0,
      "gs_sum": 58.100000000000016,
      "xg_avg": 3.826673581056735,
      "hdc_avg": 6.2727272727272725,
      "gs_avg": 5.281818181818183
    },
    "EDM": {
      "games_played": 10,
      "xg_sum": 29.848158318232482,
      "hdc_sum": 96.0,
      "gs_sum": 43.07500000000001,
      "xg_avg": 2.9848158318232483,
      "hdc_avg": 9.6,
      "gs_avg": 4.307500000000001
    },
    "DAL": {
      "games_played": 11,
      "xg_sum": 32.197028678661894,
      "hdc_sum": 69.0,
      "gs_sum": 42.375,
      "xg_avg": 2.9270026071510813,
      "hdc_avg": 6.2727272727272725,
      "gs_avg": 3.852272727272727
    },
    "PHI": {
      "games_played": 11,
      "xg_sum": 39.73853899522586,
      "hdc_sum": 89.0,
      "gs_sum": 49.05000000000001,
      "xg_avg": 3.612594454111442,
      "hdc_avg": 8.090909090909092,
      "gs_avg": 4.45909090909091
    },
    "MIN": {
      "games_played": 9,
      "xg_sum": 35.259107161060314,
      "hdc_sum": 66.0,
      "gs_sum": 39.87500000000001,
      "xg_avg": 3.917678573451146,
      "hdc_avg": 7.333333333333333,
      "gs_avg": 4.430555555555556
    },
    "NYR": {
      "games_played": 12,
      "xg_sum": 32.74226347054196,
      "hdc_sum": 61.0,
      "gs_sum": 47.60000000000001,
      "xg_avg": 2.7285219558784966,
      "hdc_avg": 5.083333333333333,
      "gs_avg": 3.9666666666666672
    },
    "WPG": {
      "games_played": 11,
      "xg_sum": 30.81921474971326,
      "hdc_sum": 59.0,
      "gs_sum": 47.32500000000001,
      "xg_avg": 2.8017467954284783,
      "hdc_avg": 5.363636363636363,
      "gs_avg": 4.302272727272729
    },
    "CHI": {
      "games_played": 11,
      "xg_sum": 28.515149556311066,
      "hdc_sum": 69.0,
      "gs_sum": 36.37500000000001,
      "xg_avg": 2.592286323301006,
      "hdc_avg": 6.2727272727272725,
      "gs_avg": 3.3068181818181825
    },
    "UTA": {
      "games_played": 9,
      "xg_sum": 30.345571020997227,
      "hdc_sum": 90.0,
      "gs_sum": 44.00000000000001,
      "xg_avg": 3.371730113444136,
      "hdc_avg": 10.0,
      "gs_avg": 4.888888888888889
    },
    "NSH": {
      "games_played": 10,
      "xg_sum": 29.281117202080782,
      "hdc_sum": 67.0,
      "gs_sum": 38.25,
      "xg_avg": 2.9281117202080784,
      "hdc_avg": 6.7,
      "gs_avg": 3.825
    },
    "VAN": {
      "games_played": 10,
      "xg_sum": 27.268663088187957,
      "hdc_sum": 59.0,
      "gs_sum": 40.125000000000014,
      "xg_avg": 2.7268663088187957,
      "hdc_avg": 5.9,
      "gs_avg": 4.012500000000001
    },
    "PIT": {
      "games_played": 12,
      "xg_sum": 39.93815362674519,
      "hdc_sum": 114.0,
      "gs_sum": 60.55000000000001,
      "xg_avg": 3.3281794688954327,
      "hdc_avg": 9.5,
      "gs_avg": 5.045833333333334
    },
    "VGK": {
      "games_played": 10,
      "xg_sum": 35.137866011672955,
      "hdc_sum": 63.0,
      "gs_sum": 40.7,
      "xg_avg": 3.5137866011672956,
      "hdc_avg": 6.3,
      "gs_avg": 4.07
    },
    "COL": {
      "games_played": 11,
      "xg_sum": 41.848747993849436,
      "hdc_sum": 76.0,
      "gs_sum": 60.075,
      "xg_avg": 3.804431635804494,
      "hdc_avg": 6.909090909090909,
      "gs_avg": 5.461363636363637
    },
    "SEA": {
      "games_played": 10,
      "xg_sum": 25.849018406450732,
      "hdc_sum": 64.0,
      "gs_sum": 39.275000000000006,
      "xg_avg": 2.584901840645073,
      "hdc_avg": 6.4,
      "gs_avg": 3.9275000000000007
    },
    "LAK": {
      "games_played": 10,
      "xg_sum": 32.68924457639764,
      "hdc_sum": 71.0,
      "gs_sum": 46.20000000000001,
      "xg_avg": 3.268924457639764,
      "hdc_avg": 7.1,
      "gs_avg": 4.620000000000001
    },
    "NYI": {
      "games_played": 11,
      "xg_sum": 35.46362841168659,
      "hdc_sum": 109.0,
      "gs_sum": 47.10000000000001,
      "xg_avg": 3.2239662192442355,
      "hdc_avg": 9.909090909090908,
      "gs_avg": 4.281818181818182
    },
    "OTT": {
      "games_played": 11,
      "xg_sum": 38.10269582318137,
      "hdc_sum": 101.0,
      "gs_sum": 49.90000000000001,
      "xg_avg": 3.463881438471034,
      "hdc_avg": 9.181818181818182,
      "gs_avg": 4.536363636363638
    },
    "MTL": {
      "games_played": 11,
      "xg_sum": 37.36316529833724,
      "hdc_sum": 72.0,
      "gs_sum": 47.52500000000002,
      "xg_avg": 3.396651390757931,
      "hdc_avg": 6.545454545454546,
      "gs_avg": 4.320454545454547
    }
  }
}