{
  "season": "2025-2026",
  "generated_at": "2026-04-03T04:17:05.860003",
  "total_games": 348,
  "teams": {
    "SJS": {
      "games_played": 11,
      "xg_sum": 32.632944793873854,
      "hdc_sum": 79.0,
      "gs_sum": 45.57500000000001,
      "xg_avg": 2.966631344897623,
      "hdc_avg": 7.181818181818182,
      "gs_avg": 4.143181818181819
    },
    "BOS": {
      "games_played": 12,
      "xg_sum": 40.2710744505888,
      "hdc_sum": 123.0,
      "gs_sum": 58.625,
      "xg_avg": 3.3559228708824,
      "hdc_avg": 10.25,
      "gs_avg": 4.885416666666667
    },
    "WSH": {
      "games_played": 10,
      "xg_sum": 30.073958579149902,
      "hdc_sum": 45.0,
      "gs_sum": 41.10000000000001,
      "xg_avg": 3.0073958579149904,
      "hdc_avg": 4.5,
      "gs_avg": 4.110000000000001
    },
    "BUF": {
      "games_played": 11,
      "xg_sum": 34.3775080097,
      "hdc_sum": 87.0,
      "gs_sum": 49.225,
      "xg_avg": 3.1252280008818185,
      "hdc_avg": 7.909090909090909,
      "gs_avg": 4.4750000000000005
    },
    "ANA": {
      "games_played": 11,
      "xg_sum": 38.53196504525214,
      "hdc_sum": 108.0,
      "gs_sum": 51.05000000000001,
      "xg_avg": 3.5029059132047404,
      "hdc_avg": 9.818181818181818,
      "gs_avg": 4.6409090909090915
    },
    "TOR": {
      "games_played": 10,
      "xg_sum": 24.898406493623078,
      "hdc_sum": 50.0,
      "gs_sum": 34.47500000000001,
      "xg_avg": 2.489840649362308,
      "hdc_avg": 5.0,
      "gs_avg": 3.4475000000000007
    },
    "DET": {
      "games_played": 10,
      "xg_sum": 30.09100520755219,
      "hdc_sum": 55.0,
      "gs_sum": 40.22500000000001,
      "xg_avg": 3.009100520755219,
      "hdc_avg": 5.5,
      "gs_avg": 4.022500000000001
    },
    "TBL": {
      "games_played": 12,
      "xg_sum": 41.83114548232038,
      "hdc_sum": 110.0,
      "gs_sum": 62.32500000000001,
      "xg_avg": 3.485928790193365,
      "hdc_avg": 9.166666666666666,
      "gs_avg": 5.1937500000000005
    },
    "CBJ": {
      "games_played": 12,
      "xg_sum": 37.5282878918575,
      "hdc_sum": 108.0,
      "gs_sum": 47.70000000000002,
      "xg_avg": 3.1273573243214585,
      "hdc_avg": 9.0,
      "gs_avg": 3.9750000000000014
    },
    "FLA": {
      "games_played": 11,
      "xg_sum": 37.550280019846504,
      "hdc_sum": 56.0,
      "gs_sum": 42.975,
      "xg_avg": 3.413661819986046,
      "hdc_avg": 5.090909090909091,
      "gs_avg": 3.9068181818181817
    },
    "CGY": {
      "games_played": 10,
      "xg_sum": 26.447562970003688,
      "hdc_sum": 68.0,
      "gs_sum": 46.22500000000001,
      "xg_avg": 2.644756297000369,
      "hdc_avg": 6.8,
      "gs_avg": 4.6225000000000005
    },
    "NJD": {
      "games_played": 11,
      "xg_sum": 38.18859858137137,
      "hdc_sum": 108.0,
      "gs_sum": 60.07500000000001,
      "xg_avg": 3.4716907801246704,
      "hdc_avg": 9.818181818181818,
      "gs_avg": 5.461363636363637
    },
    "STL": {
      "games_played": 10,
      "xg_sum": 29.594056877295227,
      "hdc_sum": 89.0,
      "gs_sum": 40.350000000000016,
      "xg_avg": 2.9594056877295225,
      "hdc_avg": 8.9,
      "gs_avg": 4.035000000000002
    },
    "CAR": {
      "games_played": 11,
      "xg_sum": 42.093409391624085,
      "hdc_sum": 69.0,
      "gs_sum": 58.100000000000016,
      "xg_avg": 3.826673581056735,
      "hdc_avg": 6.2727272727272725,
      "gs_avg": 5.281818181818183
    },
    "EDM": {
      "games_played": 11,
      "xg_sum": 34.29005483023046,
      "hdc_sum": 111.0,
      "gs_sum": 48.60000000000001,
      "xg_avg": 3.1172777118391326,
      "hdc_avg": 10.090909090909092,
      "gs_avg": 4.418181818181819
    },
    "DAL": {
      "games_played": 12,
      "xg_sum": 34.94696812553565,
      "hdc_sum": 71.0,
      "gs_sum": 45.425000000000004,
      "xg_avg": 2.9122473437946375,
      "hdc_avg": 5.916666666666667,
      "gs_avg": 3.785416666666667
    },
    "PHI": {
      "games_played": 11,
      "xg_sum": 39.73853899522586,
      "hdc_sum": 89.0,
      "gs_sum": 49.05000000000001,
      "xg_avg": 3.612594454111442,
      "hdc_avg": 8.090909090909092,
      "gs_avg": 4.45909090909091
    },
    "MIN": {
      "games_played": 10,
      "xg_sum": 38.84284115339781,
      "hdc_sum": 72.0,
      "gs_sum": 46.57500000000001,
      "xg_avg": 3.8842841153397814,
      "hdc_avg": 7.2,
      "gs_avg": 4.657500000000001
    },
    "NYR": {
      "games_played": 12,
      "xg_sum": 32.74226347054196,
      "hdc_sum": 61.0,
      "gs_sum": 47.60000000000001,
      "xg_avg": 2.7285219558784966,
      "hdc_avg": 5.083333333333333,
      "gs_avg": 3.9666666666666672
    },
    "WPG": {
      "games_played": 12,
      "xg_sum": 33.17132024096326,
      "hdc_sum": 67.0,
      "gs_sum": 49.17500000000001,
      "xg_avg": 2.7642766867469386,
      "hdc_avg": 5.583333333333333,
      "gs_avg": 4.097916666666667
    },
    "CHI": {
      "games_played": 12,
      "xg_sum": 31.665889944709317,
      "hdc_sum": 75.0,
      "gs_sum": 39.00000000000001,
      "xg_avg": 2.6388241620591097,
      "hdc_avg": 6.25,
      "gs_avg": 3.2500000000000004
    },
    "UTA": {
      "games_played": 9,
      "xg_sum": 30.345571020997227,
      "hdc_sum": 90.0,
      "gs_sum": 44.00000000000001,
      "xg_avg": 3.371730113444136,
      "hdc_avg": 10.0,
      "gs_avg": 4.888888888888889
    },
    "NSH": {
      "games_played": 10,
      "xg_sum": 29.281117202080782,
      "hdc_sum": 67.0,
      "gs_sum": 38.25,
      "xg_avg": 2.9281117202080784,
      "hdc_avg": 6.7,
      "gs_avg": 3.825
    },
    "VAN": {
      "games_played": 11,
      "xg_sum": 30.593943376687957,
      "hdc_sum": 73.0,
      "gs_sum": 44.625000000000014,
      "xg_avg": 2.781267579698905,
      "hdc_avg": 6.636363636363637,
      "gs_avg": 4.056818181818183
    },
    "PIT": {
      "games_played": 12,
      "xg_sum": 39.93815362674519,
      "hdc_sum": 114.0,
      "gs_sum": 60.55000000000001,
      "xg_avg": 3.3281794688954327,
      "hdc_avg": 9.5,
      "gs_avg": 5.045833333333334
    },
    "VGK": {
      "games_played": 10,
      "xg_sum": 35.137866011672955,
      "hdc_sum": 63.0,
      "gs_sum": 40.7,
      "xg_avg": 3.5137866011672956,
      "hdc_avg": 6.3,
      "gs_avg": 4.07
    },
    "COL": {
      "games_played": 11,
      "xg_sum": 41.848747993849436,
      "hdc_sum": 76.0,
      "gs_sum": 60.075,
      "xg_avg": 3.804431635804494,
      "hdc_avg": 6.909090909090909,
      "gs_avg": 5.461363636363637
    },
    "SEA": {
      "games_played": 10,
      "xg_sum": 25.849018406450732,
      "hdc_sum": 64.0,
      "gs_sum": 39.275000000000006,
      "xg_avg": 2.584901840645073,
      "hdc_avg": 6.4,
      "gs_avg": 3.9275000000000007
    },
    "LAK": {
      "games_played": 10,
      "xg_sum": 32.68924457639764,
      "hdc_sum": 71.0,
      "gs_sum": 46.20000000000001,
      "xg_avg": 3.268924457639764,
      "hdc_avg": 7.1,
      "gs_avg": 4.620000000000001
    },
    "NYI": {
      "games_played": 11,
      "xg_sum": 35.46362841168659,
      "hdc_sum": 109.0,
      "gs_sum": 47.10000000000001,
      "xg_avg": 3.2239662192442355,
      "hdc_avg": 9.909090909090908,
      "gs_avg": 4.281818181818182
    },
    "OTT": {
      "games_played": 11,
      "xg_sum": 38.10269582318137,
      "hdc_sum": 101.0,
      "gs_sum": 49.90000000000001,
      "xg_avg": 3.463881438471034,
      "hdc_avg": 9.181818181818182,
      "gs_avg": 4.536363636363638
    },
    "MTL": {
      "games_played": 11,
      "xg_sum": 37.36316529833724,
      "hdc_sum": 72.0,
      "gs_sum": 47.52500000000002,
      "xg_avg": 3.396651390757931,
      "hdc_avg": 6.545454545454546,
      "gs_avg": 4.320454545454547
    }
  }
}