{
  "season": "2025-2026",
  "generated_at": "2026-04-15T06:24:12.139318",
  "total_games": 474,
  "teams": {
    "SJS": {
      "games_played": 15,
      "xg_sum": 42.02344499034193,
      "hdc_sum": 101.0,
      "gs_sum": 60.05000000000002,
      "xg_avg": 2.8015629993561286,
      "hdc_avg": 6.733333333333333,
      "gs_avg": 4.003333333333335
    },
    "BOS": {
      "games_played": 15,
      "xg_sum": 45.99168751572098,
      "hdc_sum": 139.0,
      "gs_sum": 71.3,
      "xg_avg": 3.0661125010480657,
      "hdc_avg": 9.266666666666667,
      "gs_avg": 4.753333333333333
    },
    "WSH": {
      "games_played": 15,
      "xg_sum": 43.70830892071101,
      "hdc_sum": 74.0,
      "gs_sum": 59.7,
      "xg_avg": 2.9138872613807343,
      "hdc_avg": 4.933333333333334,
      "gs_avg": 3.98
    },
    "BUF": {
      "games_played": 14,
      "xg_sum": 44.10268015228333,
      "hdc_sum": 117.0,
      "gs_sum": 66.97500000000001,
      "xg_avg": 3.150191439448809,
      "hdc_avg": 8.357142857142858,
      "gs_avg": 4.783928571428572
    },
    "ANA": {
      "games_played": 14,
      "xg_sum": 51.5516082009464,
      "hdc_sum": 155.0,
      "gs_sum": 65.70000000000002,
      "xg_avg": 3.6822577286390286,
      "hdc_avg": 11.071428571428571,
      "gs_avg": 4.692857142857144
    },
    "TOR": {
      "games_played": 14,
      "xg_sum": 35.459536988268255,
      "hdc_sum": 68.0,
      "gs_sum": 48.750000000000014,
      "xg_avg": 2.5328240705905896,
      "hdc_avg": 4.857142857142857,
      "gs_avg": 3.482142857142858
    },
    "DET": {
      "games_played": 13,
      "xg_sum": 39.621776088853586,
      "hdc_sum": 71.0,
      "gs_sum": 57.650000000000006,
      "xg_avg": 3.047828929911814,
      "hdc_avg": 5.461538461538462,
      "gs_avg": 4.434615384615385
    },
    "TBL": {
      "games_played": 16,
      "xg_sum": 49.08803439067046,
      "hdc_sum": 116.0,
      "gs_sum": 70.25000000000001,
      "xg_avg": 3.0680021494169036,
      "hdc_avg": 7.25,
      "gs_avg": 4.390625000000001
    },
    "CBJ": {
      "games_played": 16,
      "xg_sum": 54.63523806232921,
      "hdc_sum": 150.0,
      "gs_sum": 70.92500000000003,
      "xg_avg": 3.4147023788955755,
      "hdc_avg": 9.375,
      "gs_avg": 4.432812500000002
    },
    "FLA": {
      "games_played": 16,
      "xg_sum": 50.35835057967355,
      "hdc_sum": 96.0,
      "gs_sum": 67.3,
      "xg_avg": 3.1473969112295967,
      "hdc_avg": 6.0,
      "gs_avg": 4.20625
    },
    "CGY": {
      "games_played": 15,
      "xg_sum": 39.28364153228371,
      "hdc_sum": 95.0,
      "gs_sum": 63.37500000000001,
      "xg_avg": 2.618909435485581,
      "hdc_avg": 6.333333333333333,
      "gs_avg": 4.2250000000000005
    },
    "NJD": {
      "games_played": 15,
      "xg_sum": 48.05434292526162,
      "hdc_sum": 126.0,
      "gs_sum": 68.475,
      "xg_avg": 3.2036228616841083,
      "hdc_avg": 8.4,
      "gs_avg": 4.5649999999999995
    },
    "STL": {
      "games_played": 14,
      "xg_sum": 41.73202081883766,
      "hdc_sum": 126.0,
      "gs_sum": 62.10000000000001,
      "xg_avg": 2.980858629916976,
      "hdc_avg": 9.0,
      "gs_avg": 4.435714285714286
    },
    "CAR": {
      "games_played": 15,
      "xg_sum": 55.6473497777308,
      "hdc_sum": 101.0,
      "gs_sum": 79.17500000000003,
      "xg_avg": 3.709823318515387,
      "hdc_avg": 6.733333333333333,
      "gs_avg": 5.278333333333335
    },
    "EDM": {
      "games_played": 14,
      "xg_sum": 42.08954048095923,
      "hdc_sum": 132.0,
      "gs_sum": 61.725000000000016,
      "xg_avg": 3.006395748639945,
      "hdc_avg": 9.428571428571429,
      "gs_avg": 4.408928571428572
    },
    "DAL": {
      "games_played": 15,
      "xg_sum": 44.526950111652994,
      "hdc_sum": 99.0,
      "gs_sum": 60.175,
      "xg_avg": 2.968463340776866,
      "hdc_avg": 6.6,
      "gs_avg": 4.011666666666667
    },
    "PHI": {
      "games_played": 15,
      "xg_sum": 49.41551945130136,
      "hdc_sum": 112.0,
      "gs_sum": 68.35000000000001,
      "xg_avg": 3.2943679634200906,
      "hdc_avg": 7.466666666666667,
      "gs_avg": 4.5566666666666675
    },
    "MIN": {
      "games_played": 14,
      "xg_sum": 50.507583210863565,
      "hdc_sum": 97.0,
      "gs_sum": 60.4,
      "xg_avg": 3.6076845150616834,
      "hdc_avg": 6.928571428571429,
      "gs_avg": 4.314285714285714
    },
    "NYR": {
      "games_played": 18,
      "xg_sum": 52.641589211172175,
      "hdc_sum": 109.0,
      "gs_sum": 77.32499999999999,
      "xg_avg": 2.9245327339540097,
      "hdc_avg": 6.055555555555555,
      "gs_avg": 4.2958333333333325
    },
    "WPG": {
      "games_played": 16,
      "xg_sum": 46.361136064384105,
      "hdc_sum": 91.0,
      "gs_sum": 68.05000000000001,
      "xg_avg": 2.8975710040240066,
      "hdc_avg": 5.6875,
      "gs_avg": 4.253125000000001
    },
    "CHI": {
      "games_played": 15,
      "xg_sum": 38.15854832767482,
      "hdc_sum": 90.0,
      "gs_sum": 50.72500000000001,
      "xg_avg": 2.543903221844988,
      "hdc_avg": 6.0,
      "gs_avg": 3.3816666666666673
    },
    "UTA": {
      "games_played": 14,
      "xg_sum": 46.92793562003423,
      "hdc_sum": 134.0,
      "gs_sum": 68.37500000000001,
      "xg_avg": 3.3519954014310165,
      "hdc_avg": 9.571428571428571,
      "gs_avg": 4.883928571428572
    },
    "NSH": {
      "games_played": 15,
      "xg_sum": 45.11122436745028,
      "hdc_sum": 109.0,
      "gs_sum": 58.375,
      "xg_avg": 3.007414957830019,
      "hdc_avg": 7.266666666666667,
      "gs_avg": 3.8916666666666666
    },
    "VAN": {
      "games_played": 14,
      "xg_sum": 39.130163231717496,
      "hdc_sum": 81.0,
      "gs_sum": 54.725000000000016,
      "xg_avg": 2.7950116594083925,
      "hdc_avg": 5.785714285714286,
      "gs_avg": 3.9089285714285724
    },
    "PIT": {
      "games_played": 15,
      "xg_sum": 49.73338343858466,
      "hdc_sum": 127.0,
      "gs_sum": 74.62500000000001,
      "xg_avg": 3.315558895905644,
      "hdc_avg": 8.466666666666667,
      "gs_avg": 4.9750000000000005
    },
    "VGK": {
      "games_played": 14,
      "xg_sum": 51.71470431277296,
      "hdc_sum": 99.0,
      "gs_sum": 62.22500000000001,
      "xg_avg": 3.6939074509123544,
      "hdc_avg": 7.071428571428571,
      "gs_avg": 4.444642857142858
    },
    "COL": {
      "games_played": 15,
      "xg_sum": 60.296890539255386,
      "hdc_sum": 117.0,
      "gs_sum": 79.575,
      "xg_avg": 4.019792702617026,
      "hdc_avg": 7.8,
      "gs_avg": 5.305000000000001
    },
    "SEA": {
      "games_played": 15,
      "xg_sum": 40.90166309408105,
      "hdc_sum": 115.0,
      "gs_sum": 63.10000000000001,
      "xg_avg": 2.7267775396054033,
      "hdc_avg": 7.666666666666667,
      "gs_avg": 4.206666666666667
    },
    "LAK": {
      "games_played": 14,
      "xg_sum": 45.949249543937206,
      "hdc_sum": 93.0,
      "gs_sum": 66.12500000000001,
      "xg_avg": 3.282089253138372,
      "hdc_avg": 6.642857142857143,
      "gs_avg": 4.7232142857142865
    },
    "NYI": {
      "games_played": 15,
      "xg_sum": 52.970843760935885,
      "hdc_sum": 156.0,
      "gs_sum": 62.90000000000001,
      "xg_avg": 3.5313895840623926,
      "hdc_avg": 10.4,
      "gs_avg": 4.193333333333334
    },
    "OTT": {
      "games_played": 14,
      "xg_sum": 44.857189234378055,
      "hdc_sum": 119.0,
      "gs_sum": 60.65000000000001,
      "xg_avg": 3.2040849453127183,
      "hdc_avg": 8.5,
      "gs_avg": 4.332142857142858
    },
    "MTL": {
      "games_played": 15,
      "xg_sum": 51.59397034174684,
      "hdc_sum": 93.0,
      "gs_sum": 63.15000000000002,
      "xg_avg": 3.4395980227831227,
      "hdc_avg": 6.2,
      "gs_avg": 4.210000000000002
    }
  }
}