{
  "season": "2025-2026",
  "generated_at": "2026-03-08T03:55:50.149856",
  "total_games": 494,
  "teams": {
    "BUF": {
      "games_played": 17,
      "xg_sum": 50.30109903427988,
      "hdc_sum": 122.0,
      "gs_sum": 78.90000000000003,
      "xg_avg": 2.9588881784870518,
      "hdc_avg": 7.176470588235294,
      "gs_avg": 4.6411764705882375
    },
    "CAR": {
      "games_played": 13,
      "xg_sum": 43.95753846685224,
      "hdc_sum": 93.0,
      "gs_sum": 70.30000000000001,
      "xg_avg": 3.381349112834788,
      "hdc_avg": 7.153846153846154,
      "gs_avg": 5.407692307692309
    },
    "WSH": {
      "games_played": 16,
      "xg_sum": 54.69232682655485,
      "hdc_sum": 122.0,
      "gs_sum": 70.35000000000002,
      "xg_avg": 3.418270426659678,
      "hdc_avg": 7.625,
      "gs_avg": 4.396875000000001
    },
    "COL": {
      "games_played": 15,
      "xg_sum": 52.982396707002806,
      "hdc_sum": 103.0,
      "gs_sum": 78.00000000000001,
      "xg_avg": 3.532159780466854,
      "hdc_avg": 6.866666666666666,
      "gs_avg": 5.200000000000001
    },
    "PIT": {
      "games_played": 15,
      "xg_sum": 48.93692227801698,
      "hdc_sum": 130.0,
      "gs_sum": 75.22500000000001,
      "xg_avg": 3.2624614852011318,
      "hdc_avg": 8.666666666666666,
      "gs_avg": 5.015000000000001
    },
    "SEA": {
      "games_played": 15,
      "xg_sum": 37.49542304860507,
      "hdc_sum": 110.0,
      "gs_sum": 56.574999999999996,
      "xg_avg": 2.4996948699070045,
      "hdc_avg": 7.333333333333333,
      "gs_avg": 3.7716666666666665
    },
    "SJS": {
      "games_played": 13,
      "xg_sum": 39.54850841009802,
      "hdc_sum": 125.0,
      "gs_sum": 55.65000000000001,
      "xg_avg": 3.0421929546229247,
      "hdc_avg": 9.615384615384615,
      "gs_avg": 4.2807692307692315
    },
    "FLA": {
      "games_played": 16,
      "xg_sum": 57.449344689862585,
      "hdc_sum": 89.0,
      "gs_sum": 66.55000000000001,
      "xg_avg": 3.5905840431164116,
      "hdc_avg": 5.5625,
      "gs_avg": 4.159375000000001
    },
    "MIN": {
      "games_played": 14,
      "xg_sum": 45.01088841769983,
      "hdc_sum": 96.0,
      "gs_sum": 71.57500000000002,
      "xg_avg": 3.2150634584071307,
      "hdc_avg": 6.857142857142857,
      "gs_avg": 5.112500000000002
    },
    "TOR": {
      "games_played": 17,
      "xg_sum": 53.340928628159915,
      "hdc_sum": 121.0,
      "gs_sum": 71.10000000000002,
      "xg_avg": 3.1377016840094067,
      "hdc_avg": 7.117647058823529,
      "gs_avg": 4.182352941176472
    },
    "PHI": {
      "games_played": 16,
      "xg_sum": 47.16595308186568,
      "hdc_sum": 95.0,
      "gs_sum": 58.9,
      "xg_avg": 2.947872067616605,
      "hdc_avg": 5.9375,
      "gs_avg": 3.68125
    },
    "VGK": {
      "games_played": 16,
      "xg_sum": 54.905878145885296,
      "hdc_sum": 105.0,
      "gs_sum": 70.42500000000003,
      "xg_avg": 3.431617384117831,
      "hdc_avg": 6.5625,
      "gs_avg": 4.401562500000002
    },
    "WPG": {
      "games_played": 15,
      "xg_sum": 47.85174150662937,
      "hdc_sum": 96.0,
      "gs_sum": 59.65000000000002,
      "xg_avg": 3.1901161004419576,
      "hdc_avg": 6.4,
      "gs_avg": 3.976666666666668
    },
    "CHI": {
      "games_played": 14,
      "xg_sum": 38.138706945136676,
      "hdc_sum": 88.0,
      "gs_sum": 49.77500000000001,
      "xg_avg": 2.7241933532240483,
      "hdc_avg": 6.285714285714286,
      "gs_avg": 3.5553571428571438
    },
    "NJD": {
      "games_played": 16,
      "xg_sum": 48.78534246748916,
      "hdc_sum": 142.0,
      "gs_sum": 67.25000000000001,
      "xg_avg": 3.0490839042180724,
      "hdc_avg": 8.875,
      "gs_avg": 4.203125000000001
    },
    "CGY": {
      "games_played": 13,
      "xg_sum": 40.628184416439794,
      "hdc_sum": 77.0,
      "gs_sum": 49.324999999999996,
      "xg_avg": 3.1252449551107535,
      "hdc_avg": 5.923076923076923,
      "gs_avg": 3.794230769230769
    },
    "NYI": {
      "games_played": 15,
      "xg_sum": 46.7568780233766,
      "hdc_sum": 107.0,
      "gs_sum": 66.20000000000002,
      "xg_avg": 3.11712520155844,
      "hdc_avg": 7.133333333333334,
      "gs_avg": 4.413333333333335
    },
    "VAN": {
      "games_played": 15,
      "xg_sum": 41.10324852437979,
      "hdc_sum": 87.0,
      "gs_sum": 56.52500000000001,
      "xg_avg": 2.7402165682919857,
      "hdc_avg": 5.8,
      "gs_avg": 3.768333333333334
    },
    "NYR": {
      "games_played": 13,
      "xg_sum": 39.167858108711876,
      "hdc_sum": 61.0,
      "gs_sum": 52.375000000000014,
      "xg_avg": 3.0129121622086057,
      "hdc_avg": 4.6923076923076925,
      "gs_avg": 4.028846153846155
    },
    "ANA": {
      "games_played": 14,
      "xg_sum": 46.642242170855056,
      "hdc_sum": 125.0,
      "gs_sum": 73.92500000000001,
      "xg_avg": 3.3315887264896467,
      "hdc_avg": 8.928571428571429,
      "gs_avg": 5.280357142857143
    },
    "MTL": {
      "games_played": 13,
      "xg_sum": 42.99001485522738,
      "hdc_sum": 84.0,
      "gs_sum": 67.82500000000002,
      "xg_avg": 3.3069242196328754,
      "hdc_avg": 6.461538461538462,
      "gs_avg": 5.217307692307694
    },
    "TBL": {
      "games_played": 15,
      "xg_sum": 50.19399228596247,
      "hdc_sum": 159.0,
      "gs_sum": 74.70000000000005,
      "xg_avg": 3.346266152397498,
      "hdc_avg": 10.6,
      "gs_avg": 4.980000000000003
    },
    "OTT": {
      "games_played": 13,
      "xg_sum": 41.507930806261605,
      "hdc_sum": 118.0,
      "gs_sum": 61.82500000000002,
      "xg_avg": 3.1929177543278158,
      "hdc_avg": 9.076923076923077,
      "gs_avg": 4.755769230769232
    },
    "CBJ": {
      "games_played": 14,
      "xg_sum": 39.32442524411544,
      "hdc_sum": 95.0,
      "gs_sum": 67.62500000000001,
      "xg_avg": 2.808887517436817,
      "hdc_avg": 6.785714285714286,
      "gs_avg": 4.830357142857144
    },
    "BOS": {
      "games_played": 13,
      "xg_sum": 42.46425271998547,
      "hdc_sum": 98.0,
      "gs_sum": 56.87500000000001,
      "xg_avg": 3.2664809784604207,
      "hdc_avg": 7.538461538461538,
      "gs_avg": 4.375000000000001
    },
    "DAL": {
      "games_played": 14,
      "xg_sum": 51.52696830424765,
      "hdc_sum": 107.0,
      "gs_sum": 72.72500000000001,
      "xg_avg": 3.6804977360176894,
      "hdc_avg": 7.642857142857143,
      "gs_avg": 5.194642857142858
    },
    "NSH": {
      "games_played": 15,
      "xg_sum": 52.689791049946244,
      "hdc_sum": 114.0,
      "gs_sum": 70.02500000000002,
      "xg_avg": 3.512652736663083,
      "hdc_avg": 7.6,
      "gs_avg": 4.668333333333335
    },
    "STL": {
      "games_played": 13,
      "xg_sum": 34.37563995236956,
      "hdc_sum": 104.0,
      "gs_sum": 56.80000000000002,
      "xg_avg": 2.64427999633612,
      "hdc_avg": 8.0,
      "gs_avg": 4.369230769230771
    },
    "EDM": {
      "games_played": 13,
      "xg_sum": 46.65314926297987,
      "hdc_sum": 134.0,
      "gs_sum": 69.85000000000001,
      "xg_avg": 3.5887037894599905,
      "hdc_avg": 10.307692307692308,
      "gs_avg": 5.3730769230769235
    },
    "LAK": {
      "games_played": 14,
      "xg_sum": 44.881313889145424,
      "hdc_sum": 80.0,
      "gs_sum": 60.10000000000002,
      "xg_avg": 3.205808134938959,
      "hdc_avg": 5.714285714285714,
      "gs_avg": 4.2928571428571445
    },
    "DET": {
      "games_played": 13,
      "xg_sum": 43.10428157992026,
      "hdc_sum": 76.0,
      "gs_sum": 53.7,
      "xg_avg": 3.315713967686174,
      "hdc_avg": 5.846153846153846,
      "gs_avg": 4.130769230769231
    },
    "UTA": {
      "games_played": 14,
      "xg_sum": 42.89285636951843,
      "hdc_sum": 100.0,
      "gs_sum": 60.05,
      "xg_avg": 3.0637754549656018,
      "hdc_avg": 7.142857142857143,
      "gs_avg": 4.289285714285714
    },
    "SVK": {
      "games_played": 3,
      "xg_sum": 0.03779617500000001,
      "hdc_sum": 0.0,
      "gs_sum": 5.250000000000001,
      "xg_avg": 0.012598725000000003,
      "hdc_avg": 0.0,