{"home_map": {"ANA": 0.6619322873658133, "BOS": 0.7072332448054991, "BUF": 0.5602119460500963, "CAR": 0.6435452793834296, "CBJ": 0.5602119460500963, "CGY": 0.4910170285892829, "CHI": 0.3829089204811748, "COL": 0.6225773546412785, "DAL": 0.6196828219949607, "DET": 0.476878612716763, "EDM": 0.5324341682723186, "FLA": 0.557042896257986, "LAK": 0.36871606235768084, "MIN": 0.5650641477513041, "MTL": 0.5044113173106176, "NJD": 0.557042896257986, "NSH": 0.5171187194308582, "NYI": 0.5602119460500963, "NYR": 0.3465165804685123, "OTT": 0.5343420605236314, "PHI": 0.4791907514450867, "PIT": 0.4910170285892829, "SEA": 0.4914776937898325, "SJS": 0.4910170285892829, "STL": 0.43696297453522887, "TBL": 0.5762180016515277, "TOR": 0.38891359122572994, "UTA": 0.5476465730800992, "VAN": 0.33763153994367867, "VGK": 0.45177973836324914, "WPG": 0.5046563904945408, "WSH": 0.5940417963539351}, "home_prior": 0.5167630057803468, "away_map": {"ANA": 0.5044113173106176, "BOS": 0.5833586857316702, "BUF": 0.4914776937898325, "CAR": 0.3991481594158807, "CBJ": 0.5307271067843018, "CGY": 0.6623060541527228, "CHI": 0.6096744752053544, "COL": 0.42919075144508667, "DAL": 0.37621800165152763, "DET": 0.4914776937898325, "EDM": 0.6096744752053544, "FLA": 0.572098109670364, "LAK": 0.491893416043987, "MIN": 0.42932212296374145, "MTL": 0.4755185311118667, "NJD": 0.4910170285892829, "NSH": 0.6333608587943848, "NYI": 0.4145546168667556, "NYR": 0.4639900015622559, "OTT": 0.4791907514450867, "PHI": 0.41148843930635837, "PIT": 0.4910170285892829, "SEA": 0.5860525825097893, "SJS": 0.5833586857316702, "STL": 0.5307271067843018, "TBL": 0.4914776937898325, "TOR": 0.5931655899353961, "UTA": 0.5039911918524635, "VAN": 0.5505342441758626, "VGK": 0.557042896257986, "WPG": 0.572098109670364, "WSH": 0.5343420605236314}, "away_prior": 0.5167630057803468}