{"home_map": {"ANA": 0.6527560176613018, "BOS": 0.6998251277912294, "BUF": 0.5609362389023406, "CAR": 0.6341058457281217, "CBJ": 0.5351089588377723, "CGY": 0.4626772742995503, "CHI": 0.4055344171566932, "COL": 0.6233442529554194, "DAL": 0.6538839081211962, "DET": 0.47628542942600766, "EDM": 0.5645207235436547, "FLA": 0.5577290684337963, "LAK": 0.3933453096930407, "MIN": 0.5690693487303656, "MTL": 0.49172174595903406, "NJD": 0.5577290684337963, "NSH": 0.49172174595903406, "NYI": 0.5483915600138362, "NYR": 0.36649179445789615, "OTT": 0.5060532687651331, "PHI": 0.4798426150121065, "PIT": 0.4912487028709789, "SEA": 0.4921462718072887, "SJS": 0.5198201314424075, "STL": 0.43766769190498, "TBL": 0.5769629885852646, "TOR": 0.3998343315916911, "UTA": 0.5513243818328564, "VAN": 0.356586610823899, "VGK": 0.46469471893200703, "WPG": 0.505380683346785, "WSH": 0.5998298540671422}, "home_prior": 0.5193704600484261, "away_map": {"ANA": 0.518748772986061, "BOS": 0.5998298540671422, "BUF": 0.505380683346785, "CAR": 0.4220473500134517, "CBJ": 0.518748772986061, "CGY": 0.6629922263285332, "CHI": 0.6268568810941691, "COL": 0.4524659105390595, "DAL": 0.3586383706024783, "DET": 0.4921462718072887, "EDM": 0.620351400012417, "FLA": 0.5769629885852646, "LAK": 0.4798426150121065, "MIN": 0.4301122606207352, "MTL": 0.4604152909237655, "NJD": 0.4912487028709789, "NSH": 0.6527560176613018, "NYI": 0.383613637850926, "NYR": 0.44982512779122946, "OTT": 0.47878170001274367, "PHI": 0.4397901533494754, "PIT": 0.4776029055690072, "SEA": 0.5584036069132503, "SJS": 0.5840448579074805, "STL": 0.5457758000130881, "TBL": 0.505380683346785, "TOR": 0.5816274121358866, "UTA": 0.5169196244020551, "VAN": 0.5513243818328564, "VGK": 0.5609362389023406, "WPG": 0.5645207235436547, "WSH": 0.5351089588377723}, "away_prior": 0.5193704600484261}