{"home_map": {"ANA": 0.6617511520737327, "BOS": 0.6884550084889643, "BUF": 0.5600358422939068, "CAR": 0.6433691756272402, "CBJ": 0.5600358422939068, "CGY": 0.49084568439407145, "CHI": 0.38273757628596333, "COL": 0.6223908918406071, "DAL": 0.6358234295415959, "DET": 0.4638186573670444, "EDM": 0.532258064516129, "FLA": 0.5682382133995036, "LAK": 0.3685239491691104, "MIN": 0.5649095200629426, "MTL": 0.5042444821731749, "NJD": 0.5568760611205432, "NSH": 0.5169561621174525, "NYI": 0.5600358422939068, "NYR": 0.3463497453310696, "OTT": 0.5341555977229602, "PHI": 0.46734854445318647, "PIT": 0.49084568439407145, "SEA": 0.4913151364764268, "SJS": 0.49084568439407145, "STL": 0.4367916303400174, "TBL": 0.576036866359447, "TOR": 0.3887510339123242, "UTA": 0.5474654377880185, "VAN": 0.3374689826302729, "VGK": 0.45161290322580644, "WPG": 0.5044802867383512, "WSH": 0.5938792390405293}, "home_prior": 0.5161290322580645, "away_map": {"ANA": 0.5042444821731749, "BOS": 0.5831918505942275, "BUF": 0.4913151364764268, "CAR": 0.398981324278438, "CBJ": 0.5169561621174525, "CGY": 0.6621392190152801, "CHI": 0.6095076400679117, "COL": 0.4290322580645161, "DAL": 0.376036866359447, "DET": 0.4913151364764268, "EDM": 0.6095076400679117, "FLA": 0.5719267654751525, "LAK": 0.49173878835562546, "MIN": 0.429130009775171, "MTL": 0.4753320683111954, "NJD": 0.5044802867383512, "NSH": 0.6331797235023041, "NYI": 0.41439205955334985, "NYR": 0.4638186573670444, "OTT": 0.46734854445318647, "PHI": 0.41129032258064513, "PIT": 0.49084568439407145, "SEA": 0.5987903225806451, "SJS": 0.5831918505942275, "STL": 0.530560271646859, "TBL": 0.4913151364764268, "TOR": 0.576036866359447, "UTA": 0.5038402457757296, "VAN": 0.5503421309872922, "VGK": 0.5568760611205432, "WPG": 0.5719267654751525, "WSH": 0.5341555977229602}, "away_prior": 0.5161290322580645}