{"home_map": {"ANA": 0.6727884909703091, "BOS": 0.7000561167227833, "BUF": 0.5486291486291487, "CAR": 0.6343434343434343, "CBJ": 0.5212733394551576, "CGY": 0.4471182412358883, "CHI": 0.417706476530006, "COL": 0.6625631313131313, "DAL": 0.6629148629148629, "DET": 0.46066727884909703, "EDM": 0.5375631313131313, "FLA": 0.5579479000531632, "LAK": 0.3936135549038775, "MIN": 0.6000546000546, "MTL": 0.505941770647653, "NJD": 0.5333894500561167, "NSH": 0.4919464919464919, "NYI": 0.5353535353535354, "NYR": 0.3882947118241236, "OTT": 0.47340067340067343, "PHI": 0.49235949235949233, "PIT": 0.49148629148629147, "SEA": 0.4919464919464919, "SJS": 0.52005772005772, "STL": 0.43789243789243787, "TBL": 0.5772005772005772, "TOR": 0.4108654108654109, "UTA": 0.5515763697581879, "VAN": 0.3389450056116723, "VGK": 0.47783389450056113, "WPG": 0.4909703091521273, "WSH": 0.61672278338945}, "home_prior": 0.5202020202020202, "away_map": {"ANA": 0.52005772005772, "BOS": 0.5941770647653, "BUF": 0.52005772005772, "CAR": 0.4057720057720058, "CBJ": 0.5333894500561167, "CGY": 0.6445005611672278, "CHI": 0.6270816270816271, "COL": 0.43789243789243787, "DAL": 0.36975818794000614, "DET": 0.47900053163211054, "EDM": 0.6205646205646206, "FLA": 0.5515763697581879, "LAK": 0.47900053163211054, "MIN": 0.4438131313131313, "MTL": 0.46066727884909703, "NJD": 0.505941770647653, "NSH": 0.6625631313131313, "NYI": 0.39450056116722787, "NYR": 0.4629148629148629, "OTT": 0.47900053163211054, "PHI": 0.4552420759317311, "PIT": 0.49148629148629147, "SEA": 0.5586903517938, "SJS": 0.5772005772005772, "STL": 0.52005772005772, "TBL": 0.52005772005772, "TOR": 0.5871619420006516, "UTA": 0.530050505050505, "VAN": 0.5515763697581879, "VGK": 0.5611672278338945, "WPG": 0.5647653000594177, "WSH": 0.5353535353535354}, "away_prior": 0.5202020202020202}