{"home_map": {"ANA": 0.6528430204024399, "BOS": 0.7080179106400799, "BUF": 0.5610184081578597, "CAR": 0.6443517414911932, "CBJ": 0.5484760769623703, "CGY": 0.4627617912480845, "CHI": 0.4056189341052273, "COL": 0.6234312556965576, "DAL": 0.6539638565860258, "DET": 0.49133321981951306, "EDM": 0.5484760769623703, "FLA": 0.5578069129916567, "LAK": 0.3811457091775924, "MIN": 0.554916567342074, "MTL": 0.4918016944238637, "NJD": 0.5578069129916567, "NSH": 0.5051753340442883, "NYI": 0.5484760769623703, "NYR": 0.36657396371341544, "OTT": 0.5211109907176653, "PHI": 0.4799165673420739, "PIT": 0.49133321981951306, "SEA": 0.49222212035084506, "SJS": 0.5054628526023044, "STL": 0.4377476403698096, "TBL": 0.5770475055337988, "TOR": 0.3999121761495515, "UTA": 0.5514140210206956, "VAN": 0.3472805972021831, "VGK": 0.4525437550969199, "WPG": 0.5054628526023044, "WSH": 0.6104384919390252}, "home_prior": 0.5196662693682956, "away_map": {"ANA": 0.5188287214508908, "BOS": 0.5999098025319718, "BUF": 0.4918016944238637, "CAR": 0.422129519268971, "CBJ": 0.5188287214508908, "CGY": 0.6630700708863936, "CHI": 0.6104384919390252, "COL": 0.4525437550969199, "DAL": 0.35872537334361637, "DET": 0.49222212035084506, "EDM": 0.6204272485559732, "FLA": 0.5610184081578597, "LAK": 0.4799165673420739, "MIN": 0.43020189980857443, "MTL": 0.47637243216714575, "NJD": 0.49133321981951306, "NSH": 0.6528430204024399, "NYI": 0.3999121761495515, "NYR": 0.46477466739683665, "OTT": 0.49222212035084506, "PHI": 0.4256987965704179, "PIT": 0.4918016944238637, "SEA": 0.5732220897894319, "SJS": 0.5841227024653409, "STL": 0.5458557484779177, "TBL": 0.4918016944238637, "TOR": 0.581717051323726, "UTA": 0.5046824450876894, "VAN": 0.5514140210206956, "VGK": 0.5610184081578597, "WPG": 0.5770475055337988, "WSH": 0.5351959615789105}, "away_prior": 0.5196662693682956}