{"home_map": {"ANA": 0.6526477574402683, "BOS": 0.7078384798099763, "BUF": 0.5608339931380311, "CAR": 0.6441673264713645, "CBJ": 0.5482863929419749, "CGY": 0.4625721072276892, "CHI": 0.3941673264713645, "COL": 0.6232359927343859, "DAL": 0.6537844257559222, "DET": 0.4911435357991178, "EDM": 0.5482863929419749, "FLA": 0.5576322040255032, "LAK": 0.38093824228028506, "MIN": 0.5547505938242281, "MTL": 0.49162226359376004, "NJD": 0.5576322040255032, "NSH": 0.5050006250781348, "NYI": 0.5482863929419749, "NYR": 0.3663895486935867, "OTT": 0.520909810696034, "PHI": 0.479750593824228, "PIT": 0.4911435357991178, "SEA": 0.49205189110177233, "SJS": 0.5052784375824756, "STL": 0.437568209539706, "TBL": 0.5768578215134035, "TOR": 0.3894877885376698, "UTA": 0.5512128409990642, "VAN": 0.3471058882360295, "VGK": 0.45236904613076634, "WPG": 0.5052784375824756, "WSH": 0.6202570193069006}, "home_prior": 0.5190023752969121, "away_map": {"ANA": 0.5186492906207871, "BOS": 0.5997303717018682, "BUF": 0.49162226359376004, "CAR": 0.41054118251267896, "CBJ": 0.5186492906207871, "CGY": 0.66289536192024, "CHI": 0.6102637829728716, "COL": 0.44076983981972107, "DAL": 0.3585301103814448, "DET": 0.49205189110177233, "EDM": 0.6202570193069006, "FLA": 0.5608339931380311, "LAK": 0.479750593824228, "MIN": 0.4300007197869431, "MTL": 0.47617716920497416, "NJD": 0.5052784375824756, "NSH": 0.6526477574402683, "NYI": 0.3997374671833979, "NYR": 0.464595236566733, "OTT": 0.49205189110177233, "PHI": 0.4254846371925523, "PIT": 0.49162226359376004, "SEA": 0.5730007917656373, "SJS": 0.5839479934991875, "STL": 0.5456763176478141, "TBL": 0.49162226359376004, "TOR": 0.5815158713020946, "UTA": 0.5045243750706934, "VAN": 0.5512128409990642, "VGK": 0.5608339931380311, "WPG": 0.5768578215134035, "WSH": 0.5350006986167388}, "away_prior": 0.5190023752969121}