{"home_map": {"ANA": 0.6944773342354533, "BOS": 0.703735596834379, "BUF": 0.5233314417914356, "CAR": 0.6431295362283184, "CBJ": 0.5382273342354533, "CGY": 0.44774337339807374, "CHI": 0.40070529380407593, "COL": 0.6741091565178169, "DAL": 0.6319773342354533, "DET": 0.46131135441013654, "EDM": 0.5382273342354533, "FLA": 0.5339798526537363, "LAK": 0.4074424898511502, "MIN": 0.6063792770152716, "MTL": 0.4916143847131669, "NJD": 0.5522204453192274, "NSH": 0.49252093771714883, "NYI": 0.5522204453192274, "NYR": 0.37040226350104566, "OTT": 0.49045774812187953, "PHI": 0.49252093771714883, "PIT": 0.4916143847131669, "SEA": 0.5206649913009859, "SJS": 0.5206649913009859, "STL": 0.4349507055867002, "TBL": 0.6007273342354533, "TOR": 0.4063792770152716, "UTA": 0.5878475708236938, "VAN": 0.3400992331980153, "VGK": 0.46131135441013654, "WPG": 0.5233314417914356, "WSH": 0.6063792770152716}, "home_prior": 0.5223274695534507, "away_map": {"ANA": 0.5219174150161972, "BOS": 0.5825234756222578, "BUF": 0.5206649913009859, "CAR": 0.4183316086921914, "CBJ": 0.5359786675157208, "CGY": 0.6431295362283184, "CHI": 0.6242139616333678, "COL": 0.45064651932040295, "DAL": 0.37040226350104566, "DET": 0.46352213415812876, "EDM": 0.6349507055867002, "FLA": 0.5522204453192274, "LAK": 0.47842429709818074, "MIN": 0.4265572482430486, "MTL": 0.49107337727530664, "NJD": 0.5065669028098384, "NSH": 0.6628715412253278, "NYI": 0.4063792770152716, "NYR": 0.4757273342354533, "OTT": 0.49252093771714883, "PHI": 0.48975091464942616, "PIT": 0.4757273342354533, "SEA": 0.5794026676976609, "SJS": 0.5825234756222578, "STL": 0.5522204453192274, "TBL": 0.5219174150161972, "TOR": 0.5741091565178169, "UTA": 0.5195479647441759, "VAN": 0.5522204453192274, "VGK": 0.5492364198724144, "WPG": 0.5653904322216031, "WSH": 0.5233314417914356}, "away_prior": 0.5223274695534507}