{"home_map": {"ANA": 0.3769063180827887, "BOS": 0.49158249158249157, "BUF": 0.6467236467236468, "CAR": 0.6938271604938272, "CBJ": 0.41595441595441596, "CGY": 0.5824915824915825, "CHI": 0.3862433862433862, "COL": 0.4576719576719577, "DAL": 0.6710239651416122, "DET": 0.40046296296296297, "EDM": 0.5291005291005291, "FLA": 0.6467236467236468, "LAK": 0.650462962962963, "MIN": 0.671957671957672, "MTL": 0.587962962962963, "NJD": 0.4357298474945534, "NSH": 0.5339506172839507, "NYI": 0.4576719576719577, "NYR": 0.5604938271604939, "OTT": 0.6710239651416122, "PHI": 0.5698005698005698, "PIT": 0.6005291005291006, "SEA": 0.4938271604938272, "SJS": 0.525462962962963, "STL": 0.4271604938271605, "TBL": 0.6005291005291006, "TOR": 0.41595441595441596, "UTA": 0.6271604938271605, "VAN": 0.3862433862433862, "VGK": 0.6172839506172839, "WPG": 0.5339506172839507, "WSH": 0.6467236467236468}, "home_prior": 0.5407407407407407, "away_map": {"ANA": 0.5824915824915825, "BOS": 0.6710239651416122, "BUF": 0.5291005291005291, "CAR": 0.4938271604938272, "CBJ": 0.46296296296296297, "CGY": 0.6710239651416122, "CHI": 0.5698005698005698, "COL": 0.36049382716049383, "DAL": 0.49158249158249157, "DET": 0.6005291005291006, "EDM": 0.6271604938271605, "FLA": 0.6710239651416122, "LAK": 0.49158249158249157, "MIN": 0.5604938271604939, "MTL": 0.3862433862433862, "NJD": 0.4928774928774929, "NSH": 0.4357298474945534, "NYI": 0.6172839506172839, "NYR": 0.6172839506172839, "OTT": 0.5698005698005698, "PHI": 0.4357298474945534, "PIT": 0.5698005698005698, "SEA": 0.6938271604938272, "SJS": 0.5339506172839507, "STL": 0.4576719576719577, "TBL": 0.650462962962963, "TOR": 0.6467236467236468, "UTA": 0.4928774928774929, "VAN": 0.4938271604938272, "VGK": 0.40046296296296297, "WPG": 0.4938271604938272, "WSH": 0.5291005291005291}, "away_prior": 0.5407407407407407}