{"home_map": {"ANA": 0.6732542819499342, "BOS": 0.7004830917874396, "BUF": 0.5615942028985507, "CAR": 0.6347826086956522, "CBJ": 0.5217391304347827, "CGY": 0.4475703324808184, "CHI": 0.41815856777493604, "COL": 0.6630434782608696, "DAL": 0.6727053140096619, "DET": 0.461133069828722, "EDM": 0.5520421607378129, "FLA": 0.5583524027459955, "LAK": 0.394109396914446, "MIN": 0.5696767001114827, "MTL": 0.4919254658385094, "NJD": 0.5464159811985899, "NSH": 0.4923619271445359, "NYI": 0.5490683229813665, "NYR": 0.38874680306905374, "OTT": 0.4908835904628331, "PHI": 0.4804347826086957, "PIT": 0.4919254658385094, "SEA": 0.505720823798627, "SJS": 0.520496894409938, "STL": 0.43830787309048186, "TBL": 0.5776397515527951, "TOR": 0.4112808460634548, "UTA": 0.5520421607378129, "VAN": 0.3393719806763285, "VGK": 0.47826086956521746, "WPG": 0.5063938618925832, "WSH": 0.600470035252644}, "home_prior": 0.5217391304347826, "away_map": {"ANA": 0.533816425120773, "BOS": 0.5776397515527951, "BUF": 0.520496894409938, "CAR": 0.4062111801242236, "CBJ": 0.5193889541715629, "CGY": 0.654524089306698, "CHI": 0.6274970622796711, "COL": 0.4530892448512586, "DAL": 0.3702239789196311, "DET": 0.4927536231884058, "EDM": 0.6209587513935341, "FLA": 0.5652173913043479, "LAK": 0.4927536231884058, "MIN": 0.44429347826086957, "MTL": 0.461133069828722, "NJD": 0.5063938618925832, "NSH": 0.6732542819499342, "NYI": 0.39492753623188404, "NYR": 0.45048309178743967, "OTT": 0.47940503432494286, "PHI": 0.45577211394302847, "PIT": 0.4919254658385094, "SEA": 0.5592203898050975, "SJS": 0.5615942028985507, "STL": 0.520496894409938, "TBL": 0.520496894409938, "TOR": 0.5823451910408433, "UTA": 0.5304347826086957, "VAN": 0.5520421607378129, "VGK": 0.5615942028985507, "WPG": 0.5652173913043479, "WSH": 0.5358056265984655}, "away_prior": 0.5217391304347826}