{"home_map": {"ANA": 0.43121693121693117, "BOS": 0.5740740740740741, "BUF": 0.5026455026455026, "CAR": 0.5740740740740741, "CBJ": 0.43981481481481477, "CGY": 0.6024691358024691, "CHI": 0.3874643874643874, "COL": 0.4643874643874643, "DAL": 0.4643874643874643, "DET": 0.43121693121693117, "EDM": 0.5023148148148148, "FLA": 0.5740740740740741, "LAK": 0.43981481481481477, "MIN": 0.5413105413105412, "MTL": 0.6182336182336182, "NJD": 0.5413105413105412, "NSH": 0.5358024691358024, "NYI": 0.5023148148148148, "NYR": 0.5023148148148148, "OTT": 0.5740740740740741, "PHI": 0.5026455026455026, "PIT": 0.5023148148148148, "SEA": 0.419753086419753, "SJS": 0.5023148148148148, "STL": 0.6182336182336182, "TBL": 0.5904139433551198, "TOR": 0.5030864197530863, "UTA": 0.43121693121693117, "VAN": 0.3358024691358024, "VGK": 0.4691358024691358, "WPG": 0.5030864197530863, "WSH": 0.5413105413105412}, "home_prior": 0.5037037037037037, "away_map": {"ANA": 0.4691358024691358, "BOS": 0.4691358024691358, "BUF": 0.5026455026455026, "CAR": 0.43121693121693117, "CBJ": 0.5740740740740741, "CGY": 0.5413105413105412, "CHI": 0.531590413943355, "COL": 0.3597883597883597, "DAL": 0.6024691358024691, "DET": 0.4643874643874643, "EDM": 0.419753086419753, "FLA": 0.6024691358024691, "LAK": 0.5413105413105412, "MIN": 0.5413105413105412, "MTL": 0.37731481481481477, "NJD": 0.5358024691358024, "NSH": 0.43121693121693117, "NYI": 0.6455026455026455, "NYR": 0.5864197530864197, "OTT": 0.5026455026455026, "PHI": 0.40246913580246907, "PIT": 0.4643874643874643, "SEA": 0.6273148148148148, "SJS": 0.5413105413105412, "STL": 0.5026455026455026, "TBL": 0.4643874643874643, "TOR": 0.5648148148148148, "UTA": 0.3597883597883597, "VAN": 0.5740740740740741, "VGK": 0.5026455026455026, "WPG": 0.4727668845315904, "WSH": 0.5026455026455026}, "away_prior": 0.5037037037037037}