{"home_map": {"ANA": 0.6622744578712134, "BOS": 0.7075569196079046, "BUF": 0.5605446118192352, "CAR": 0.6438779451525686, "CBJ": 0.5605446118192352, "CGY": 0.49134070339168834, "CHI": 0.3832325952835802, "COL": 0.6229295889850726, "DAL": 0.636305421723486, "DET": 0.4772112784859019, "EDM": 0.5327668340414574, "FLA": 0.5573580533024334, "LAK": 0.36907897046946875, "MIN": 0.5653562445242065, "MTL": 0.5047264743550649, "NJD": 0.5573580533024334, "NSH": 0.5174257955254479, "NYI": 0.5605446118192352, "NYR": 0.3562055682565532, "OTT": 0.5346942948674256, "PHI": 0.4794901506373117, "PIT": 0.49134070339168834, "SEA": 0.49178476988442227, "SJS": 0.49134070339168834, "STL": 0.4372866493376343, "TBL": 0.5765601721569277, "TOR": 0.3892206673203197, "UTA": 0.5479887435854991, "VAN": 0.3379386160382684, "VGK": 0.45209489540769654, "WPG": 0.5049890562636796, "WSH": 0.5943488724485249}, "home_prior": 0.5179606025492468, "away_map": {"ANA": 0.5047264743550649, "BOS": 0.5836738427761176, "BUF": 0.49178476988442227, "CAR": 0.3994633164603281, "CBJ": 0.5310422638287492, "CGY": 0.6626212111971702, "CHI": 0.6099896322498018, "COL": 0.4294901506373117, "DAL": 0.37656017215692766, "DET": 0.49178476988442227, "EDM": 0.6099896322498018, "FLA": 0.5724217844727694, "LAK": 0.4921855128168895, "MIN": 0.42968503107552936, "MTL": 0.4758707654556608, "NJD": 0.5049890562636796, "NSH": 0.6337030292997848, "NYI": 0.41486169296134534, "NYR": 0.4643136763646613, "OTT": 0.49178476988442227, "PHI": 0.41186268829663963, "PIT": 0.49134070339168834, "SEA": 0.5864389040481441, "SJS": 0.5836738427761176, "STL": 0.5310422638287492, "TBL": 0.49178476988442227, "TOR": 0.5935178242791902, "UTA": 0.5042763339402969, "VAN": 0.5508971522876506, "VGK": 0.5573580533024334, "WPG": 0.5724217844727694, "WSH": 0.5346942948674256}, "away_prior": 0.5179606025492468}