{"home_map": {"ANA": 0.673289183222958, "BOS": 0.7123100895987534, "BUF": 0.5520770620108367, "CAR": 0.6429861529199278, "CBJ": 0.5217740317078066, "CGY": 0.4476042072458122, "CHI": 0.4005619104956853, "COL": 0.684469130527665, "DAL": 0.6429861529199278, "DET": 0.4611679711017459, "EDM": 0.5380794701986755, "FLA": 0.5338484179543782, "LAK": 0.3941465498825037, "MIN": 0.6062440870387891, "MTL": 0.4914710014047763, "NJD": 0.5491012298959319, "NSH": 0.4923930553069626, "NYI": 0.5520770620108367, "NYR": 0.370258880192655, "OTT": 0.490294587805435, "PHI": 0.47943534332520044, "PIT": 0.49195837275307475, "SEA": 0.5205298013245033, "SJS": 0.5205298013245033, "STL": 0.4348155156102176, "TBL": 0.6005794701986755, "TOR": 0.3949595290654893, "UTA": 0.587694936979278, "VAN": 0.3399558498896247, "VGK": 0.4476042072458122, "WPG": 0.5231788079470199, "WSH": 0.6171817512877116}, "home_prior": 0.5218543046357615, "away_map": {"ANA": 0.5217740317078066, "BOS": 0.594663030775224, "BUF": 0.5205298013245033, "CAR": 0.4181924425399299, "CBJ": 0.5358395013634594, "CGY": 0.6534865601869887, "CHI": 0.6348155156102177, "COL": 0.4505150846210449, "DAL": 0.370258880192655, "DET": 0.4505150846210449, "EDM": 0.6171817512877116, "FLA": 0.5520770620108367, "LAK": 0.4782928623988227, "MIN": 0.44432947019867547, "MTL": 0.47557947019867547, "NJD": 0.506427736657577, "NSH": 0.6739514348785872, "NYI": 0.406244087038789, "NYR": 0.4770159719516946, "OTT": 0.4923930553069626, "PHI": 0.47209082308420053, "PIT": 0.47557947019867547, "SEA": 0.5792336802270578, "SJS": 0.5823800923138672, "STL": 0.5358395013634594, "TBL": 0.5205298013245033, "TOR": 0.5739514348785872, "UTA": 0.5057511327988846, "VAN": 0.5520770620108367, "VGK": 0.5491012298959319, "WPG": 0.5652512660693416, "WSH": 0.5380794701986755}, "away_prior": 0.5218543046357615}