{"home_map": {"ANA": 0.3333333333333333, "BOS": 0.611111111111111, "BUF": 0.5555555555555555, "CAR": 0.6666666666666666, "CBJ": 0.38095238095238093, "CGY": 0.5277777777777778, "CHI": 0.4848484848484848, "COL": 0.4523809523809524, "DAL": 0.6222222222222221, "DET": 0.3555555555555555, "EDM": 0.5952380952380951, "FLA": 0.5641025641025641, "LAK": 0.5555555555555555, "MIN": 0.6666666666666666, "MTL": 0.6222222222222221, "NJD": 0.4583333333333333, "NSH": 0.4444444444444444, "NYI": 0.5238095238095238, "NYR": 0.6078431372549019, "OTT": 0.6078431372549019, "PHI": 0.5952380952380951, "PIT": 0.5952380952380951, "SEA": 0.4444444444444444, "SJS": 0.5833333333333333, "STL": 0.4888888888888889, "TBL": 0.5833333333333333, "TOR": 0.5757575757575757, "UTA": 0.5555555555555555, "VAN": 0.3333333333333333, "VGK": 0.5238095238095238, "WPG": 0.5277777777777778, "WSH": 0.611111111111111}, "home_prior": 0.5333333333333333, "away_map": {"ANA": 0.5238095238095238, "BOS": 0.6296296296296295, "BUF": 0.5641025641025641, "CAR": 0.5277777777777778, "CBJ": 0.4888888888888889, "CGY": 0.6458333333333333, "CHI": 0.6458333333333333, "COL": 0.3555555555555555, "DAL": 0.5952380952380951, "DET": 0.5238095238095238, "EDM": 0.5208333333333333, "FLA": 0.7254901960784313, "LAK": 0.4848484848484848, "MIN": 0.4523809523809524, "MTL": 0.3555555555555555, "NJD": 0.5238095238095238, "NSH": 0.4313725490196078, "NYI": 0.611111111111111, "NYR": 0.5757575757575757, "OTT": 0.611111111111111, "PHI": 0.3958333333333333, "PIT": 0.48717948717948717, "SEA": 0.6666666666666666, "SJS": 0.5277777777777778, "STL": 0.5238095238095238, "TBL": 0.6666666666666666, "TOR": 0.5952380952380951, "UTA": 0.41025641025641024, "VAN": 0.5952380952380951, "VGK": 0.38095238095238093, "WPG": 0.4523809523809524, "WSH": 0.5238095238095238}, "away_prior": 0.5333333333333333}