{"home_map": {"ANA": 0.610005962382785, "BOS": 0.7045056642636458, "BUF": 0.5545056642636458, "CAR": 0.6545056642636458, "CBJ": 0.5045056642636457, "CGY": 0.5045056642636457, "CHI": 0.37316385711962713, "COL": 0.5836901729091007, "DAL": 0.6141518675742885, "DET": 0.44051863001399566, "EDM": 0.5545056642636458, "FLA": 0.5757196802510912, "LAK": 0.38324936677150895, "MIN": 0.5757196802510912, "MTL": 0.5295056642636458, "NJD": 0.5653713797694105, "NSH": 0.5042911088225198, "NYI": 0.5409811358669715, "NYR": 0.3995401528033914, "OTT": 0.5310585939617324, "PHI": 0.4928939237899073, "PIT": 0.5042911088225198, "SEA": 0.4678104041596544, "SJS": 0.5165908919645325, "STL": 0.47950566426364577, "TBL": 0.599529204060615, "TOR": 0.40450566426364576, "UTA": 0.5183845019066441, "VAN": 0.3138149183463293, "VGK": 0.45667206120347215, "WPG": 0.5047428044880482, "WSH": 0.6141518675742885}, "home_prior": 0.518022657054583, "away_map": {"ANA": 0.5042911088225198, "BOS": 0.5855866644312984, "BUF": 0.5165908919645325, "CAR": 0.4190299163547764, "CBJ": 0.5409811358669715, "CGY": 0.6629323553791666, "CHI": 0.6177324220578598, "COL": 0.3995401528033914, "DAL": 0.41487760437297, "DET": 0.4925634086173449, "EDM": 0.5795056642636458, "FLA": 0.6141518675742885, "LAK": 0.4925634086173449, "MIN": 0.42579543606699555, "MTL": 0.41487760437297, "NJD": 0.5045056642636457, "NSH": 0.610005962382785, "NYI": 0.44342016025721537, "NYR": 0.47842701501436397, "OTT": 0.4925634086173449, "PHI": 0.40514933058702374, "PIT": 0.47950566426364577, "SEA": 0.6051493305870237, "SJS": 0.5897616236718495, "STL": 0.5281006326320435, "TBL": 0.4918006812960469, "TOR": 0.5943647838601495, "UTA": 0.4706717015676851, "VAN": 0.5724385559606981, "VGK": 0.5545056642636458, "WPG": 0.5409811358669715, "WSH": 0.5310585939617324}, "away_prior": 0.518022657054583}