{"home_map": {"ANA": 0.39869281045751626, "BOS": 0.648148148148148, "BUF": 0.6518518518518518, "CAR": 0.6928104575163399, "CBJ": 0.4126984126984126, "CGY": 0.616161616161616, "CHI": 0.4814814814814814, "COL": 0.5185185185185185, "DAL": 0.673611111111111, "DET": 0.42361111111111105, "EDM": 0.6269841269841269, "FLA": 0.648148148148148, "LAK": 0.611111111111111, "MIN": 0.6984126984126984, "MTL": 0.6518518518518518, "NJD": 0.457516339869281, "NSH": 0.5252525252525252, "NYI": 0.5555555555555555, "NYR": 0.6339869281045751, "OTT": 0.6928104575163399, "PHI": 0.5982905982905982, "PIT": 0.6269841269841269, "SEA": 0.5213675213675213, "SJS": 0.611111111111111, "STL": 0.4518518518518518, "TBL": 0.6518518518518518, "TOR": 0.5252525252525252, "UTA": 0.6984126984126984, "VAN": 0.38518518518518513, "VGK": 0.5555555555555555, "WPG": 0.616161616161616, "WSH": 0.648148148148148}, "home_prior": 0.5777777777777777, "away_map": {"ANA": 0.648148148148148, "BOS": 0.6928104575163399, "BUF": 0.5982905982905982, "CAR": 0.5213675213675213, "CBJ": 0.5185185185185185, "CGY": 0.6928104575163399, "CHI": 0.6518518518518518, "COL": 0.4126984126984126, "DAL": 0.5982905982905982, "DET": 0.5555555555555555, "EDM": 0.5851851851851851, "FLA": 0.7654320987654321, "LAK": 0.5252525252525252, "MIN": 0.5555555555555555, "MTL": 0.38518518518518513, "NJD": 0.5982905982905982, "NSH": 0.48765432098765427, "NYI": 0.648148148148148, "OTT": 0.648148148148148, "PHI": 0.457516339869281, "PIT": 0.5213675213675213, "SEA": 0.736111111111111, "SJS": 0.5648148148148148, "STL": 0.5555555555555555, "TBL": 0.7185185185185184, "TOR": 0.6518518518518518, "UTA": 0.44444444444444436, "VAN": 0.6518518518518518, "VGK": 0.4518518518518518, "WPG": 0.4518518518518518, "WSH": 0.5555555555555555}, "away_prior": 0.5777777777777777}