{"home_map": {"ANA": 0.672855032538827, "BOS": 0.7118887080523909, "BUF": 0.5516429113267057, "CAR": 0.6425520022357967, "CBJ": 0.5213398810236755, "CGY": 0.4471828256994497, "CHI": 0.41777106099356737, "COL": 0.6840069701219771, "DAL": 0.6425520022357967, "DET": 0.4607338204176149, "EDM": 0.5376317523056653, "FLA": 0.5334504464939247, "LAK": 0.39368438947681583, "MIN": 0.6058347449651796, "MTL": 0.4910368507206451, "NJD": 0.5486918878223227, "NSH": 0.49200583983192675, "NYI": 0.5516429113267057, "NYR": 0.36982472950852396, "OTT": 0.48980055426832037, "PHI": 0.47905831773108654, "PIT": 0.4915490306794654, "SEA": 0.5056726687161469, "SJS": 0.520120459250894, "STL": 0.42233933538281365, "TBL": 0.6001317523056653, "TOR": 0.39456155760503586, "UTA": 0.58723277657359, "VAN": 0.32953576687592034, "VGK": 0.4471828256994497, "WPG": 0.522716647541332, "WSH": 0.6167837798272581}, "home_prior": 0.5204216073781291, "away_map": {"ANA": 0.5213398810236755, "BOS": 0.5942416492288615, "BUF": 0.520120459250894, "CAR": 0.41777106099356737, "CBJ": 0.5354181198170967, "CGY": 0.6530651786406262, "CHI": 0.6344061735366082, "COL": 0.4501171131605914, "DAL": 0.36982472950852396, "DET": 0.4501171131605914, "EDM": 0.6167837798272581, "FLA": 0.5516429113267057, "LAK": 0.4778948909383691, "MIN": 0.44388175230566534, "MTL": 0.47513175230566534, "NJD": 0.5060063551112144, "NSH": 0.6517489056058481, "NYI": 0.39456155760503586, "NYR": 0.47659459040533203, "OTT": 0.47905831773108654, "PHI": 0.471579145492189, "PIT": 0.47513175230566534, "SEA": 0.578722002635046, "SJS": 0.581945941629736, "STL": 0.5354181198170967, "TBL": 0.520120459250894, "TOR": 0.5734738691260429, "UTA": 0.5180568224046486, "VAN": 0.5516429113267057, "VGK": 0.5486918878223227, "WPG": 0.5648298845229791, "WSH": 0.5376317523056653}, "away_prior": 0.5204216073781291}