{"home_map": {"ANA": 0.673562674863065, "BOS": 0.7207876648708899, "BUF": 0.5655167138376807, "CAR": 0.6537520079553277, "CBJ": 0.5220475233479134, "CGY": 0.4478696550141513, "CHI": 0.41845789030826896, "COL": 0.6633615084525357, "DAL": 0.6537520079553277, "DET": 0.4614414627418529, "EDM": 0.5383615084525357, "FLA": 0.5466910343373282, "LAK": 0.39443768614455305, "MIN": 0.6174324519578095, "MTL": 0.5066931844259159, "NJD": 0.5493590934423185, "NSH": 0.49263698028327413, "NYI": 0.5523505536509438, "NYR": 0.37053237183276194, "OTT": 0.4906058024303843, "PHI": 0.479672849223188, "PIT": 0.4922162362994612, "SEA": 0.5063213408466984, "SJS": 0.5207876648708898, "STL": 0.4229880075133651, "TBL": 0.582653583953974, "TOR": 0.39521022973558734, "UTA": 0.5879860732413272, "VAN": 0.3302225961906219, "VGK": 0.4478696550141513, "WPG": 0.5071115084525357, "WSH": 0.6174324519578095}, "home_prior": 0.5227568270481144, "away_map": {"ANA": 0.5066931844259159, "BOS": 0.594928478543563, "BUF": 0.5207876648708898, "CAR": 0.41845789030826896, "CBJ": 0.5207876648708898, "CGY": 0.6537520079553277, "CHI": 0.6350733791566041, "COL": 0.45076578529114286, "DAL": 0.37053237183276194, "DET": 0.4656099532562471, "EDM": 0.6007450883913823, "FLA": 0.5523505536509438, "LAK": 0.49263698028327413, "MIN": 0.4446115084525358, "MTL": 0.4758615084525358, "NJD": 0.5066931844259159, "NSH": 0.6525022022735852, "NYI": 0.39521022973558734, "NYR": 0.47728141972003363, "OTT": 0.479672849223188, "PHI": 0.47241315251718374, "PIT": 0.4917444930448831, "SEA": 0.5795560096600408, "SJS": 0.594928478543563, "STL": 0.5361049491317983, "TBL": 0.5207876648708898, "TOR": 0.5879860732413272, "UTA": 0.5306892067620286, "VAN": 0.5523505536509438, "VGK": 0.561876896402254, "WPG": 0.5655167138376807, "WSH": 0.5383615084525357}, "away_prior": 0.5227568270481144}