{"home_map": {"ANA": 0.673613458000075, "BOS": 0.7008123365000688, "BUF": 0.5619234476111798, "CAR": 0.6351212604000708, "CBJ": 0.5220983064849235, "CGY": 0.44791894452948466, "CHI": 0.4185071798236023, "COL": 0.6634138785625774, "DAL": 0.673034558722291, "DET": 0.46149224587886295, "EDM": 0.5524013367879538, "FLA": 0.5586643187895388, "LAK": 0.39449174561298317, "MIN": 0.5699806183077558, "MTL": 0.49226411754292787, "NJD": 0.5467363274054723, "NSH": 0.4926822733514183, "NYI": 0.5494069746857851, "NYR": 0.38909541511771994, "OTT": 0.5071638785625774, "PHI": 0.48073110285006193, "PIT": 0.49226411754292787, "SEA": 0.5060327398421705, "SJS": 0.5208355461143565, "STL": 0.43862821929736423, "TBL": 0.5779784032572136, "TOR": 0.41160119227033726, "UTA": 0.5524013367879538, "VAN": 0.33970122538895775, "VGK": 0.4785901142778466, "WPG": 0.5208355461143565, "WSH": 0.6007903814595263}, "home_prior": 0.5229244114002478, "away_map": {"ANA": 0.5341456698334022, "BOS": 0.5779784032572136, "BUF": 0.5208355461143565, "CAR": 0.40654983182864224, "CBJ": 0.5197093003784453, "CGY": 0.6548444355135804, "CHI": 0.6278174084865534, "COL": 0.45340116089480204, "DAL": 0.37058315496977207, "DET": 0.4930575413846789, "EDM": 0.6212626695898071, "FLA": 0.565566003353014, "LAK": 0.4930575413846789, "MIN": 0.44466387856257744, "MTL": 0.46149224587886295, "NJD": 0.5067424739412493, "NSH": 0.673613458000075, "NYI": 0.3952567809445133, "NYR": 0.4508123365000688, "OTT": 0.4797169503684862, "PHI": 0.45618083151732686, "PIT": 0.49226411754292787, "SEA": 0.5596291073793958, "SJS": 0.5737633544324994, "STL": 0.5341456698334022, "TBL": 0.5208355461143565, "TOR": 0.5827043670909842, "UTA": 0.5307311028500619, "VAN": 0.5524013367879538, "VGK": 0.5619234476111798, "WPG": 0.565566003353014, "WSH": 0.5361542386471316}, "away_prior": 0.5229244114002478}