{"home_map": {"ANA": 0.6860717930514265, "BOS": 0.7050977449877037, "BUF": 0.5247814704707814, "CAR": 0.6444916843816432, "CBJ": 0.5396320495185695, "CGY": 0.432370472260431, "CHI": 0.41463204951856947, "COL": 0.6756075194864741, "DAL": 0.6538137285352975, "DET": 0.47713204951856947, "EDM": 0.5570395349869104, "FLA": 0.5352284884609506, "LAK": 0.4089408528198074, "MIN": 0.6076635881312635, "MTL": 0.4929765328664916, "NJD": 0.5535825934725521, "NSH": 0.4937358266106547, "NYI": 0.5535825934725521, "NYR": 0.3717644116543704, "OTT": 0.4920077787791111, "PHI": 0.4937358266106547, "PIT": 0.5083820495185695, "SEA": 0.5373007524880654, "SJS": 0.5535825934725521, "STL": 0.4362350167026921, "TBL": 0.6021320495185695, "TOR": 0.4076635881312635, "UTA": 0.5892975995030395, "VAN": 0.3414613813513401, "VGK": 0.47713204951856947, "WPG": 0.5089408528198074, "WSH": 0.6076635881312635}, "home_prior": 0.5268225584594223, "away_map": {"ANA": 0.523279563169522, "BOS": 0.5838856237755825, "BUF": 0.5373007524880654, "CAR": 0.41463204951856947, "CBJ": 0.5373007524880654, "CGY": 0.6444916843816432, "CHI": 0.6255360466057125, "COL": 0.4648064452741207, "DAL": 0.3717644116543704, "DET": 0.4648064452741207, "EDM": 0.6362350167026921, "FLA": 0.5708820495185695, "LAK": 0.4796729329053951, "MIN": 0.4422741861531408, "MTL": 0.4756075194864741, "NJD": 0.507888987782183, "NSH": 0.6644215718825595, "NYI": 0.419653693664536, "NYR": 0.47713204951856947, "OTT": 0.5074507106831728, "PHI": 0.4914157623923786, "PIT": 0.47713204951856947, "SEA": 0.5810080565926509, "SJS": 0.5838856237755825, "STL": 0.5708820495185695, "TBL": 0.523279563169522, "TOR": 0.5756075194864742, "UTA": 0.5207628536376817, "VAN": 0.5570395349869104, "VGK": 0.5505207309884065, "WPG": 0.5667125171939478, "WSH": 0.5247814704707814}, "away_prior": 0.5268225584594223}