{"home_map": {"ANA": 0.6729718369062632, "BOS": 0.7002241838307413, "BUF": 0.5488020176544767, "CAR": 0.6345163033687624, "CBJ": 0.5214566853911117, "CGY": 0.4472961946443142, "CHI": 0.4178844299384319, "COL": 0.6627522068095839, "DAL": 0.6724464060529635, "DET": 0.460850624785051, "EDM": 0.5377522068095839, "FLA": 0.5581071215238601, "LAK": 0.393808729609893, "MIN": 0.6002181248082887, "MTL": 0.506119724056079, "NJD": 0.5335575171640746, "NSH": 0.4921100167001807, "NYI": 0.5355314887619613, "NYR": 0.38847266523254953, "OTT": 0.47360235393022276, "PHI": 0.48020176544766713, "PIT": 0.49165916051161956, "SEA": 0.4921100167001807, "SJS": 0.5202305890830482, "STL": 0.4380559626461266, "TBL": 0.594355018173726, "TOR": 0.41102893561909953, "UTA": 0.5517597156941418, "VAN": 0.3391130727196301, "VGK": 0.47800196160851904, "WPG": 0.49115365508808134, "WSH": 0.6168908504974079}, "home_prior": 0.5208070617906684, "away_map": {"ANA": 0.5202305890830482, "BOS": 0.594355018173726, "BUF": 0.5202305890830482, "CAR": 0.4178844299384319, "CBJ": 0.5191370437272077, "CGY": 0.6446686282751857, "CHI": 0.6272451518353158, "COL": 0.4380559626461266, "DAL": 0.3699415338759601, "DET": 0.4925146312283765, "EDM": 0.6207197594335048, "FLA": 0.5517597156941418, "LAK": 0.4791597531028075, "MIN": 0.44400220680958385, "MTL": 0.460850624785051, "NJD": 0.506119724056079, "NSH": 0.6627522068095839, "NYI": 0.3946686282751857, "NYR": 0.463087731940191, "OTT": 0.4791597531028075, "PHI": 0.45545071096229944, "PIT": 0.49165916051161956, "SEA": 0.5588989868243684, "SJS": 0.5773734462259053, "STL": 0.5202305890830482, "TBL": 0.5202305890830482, "TOR": 0.5873571167066672, "UTA": 0.5302017654476672, "VAN": 0.5517597156941418, "VGK": 0.5613352949418523, "WPG": 0.5649432534678437, "WSH": 0.5355314887619613}, "away_prior": 0.5208070617906684}