{"home_map": {"ANA": 0.37254901960784315, "BOS": 0.4848484848484848, "BUF": 0.611111111111111, "CAR": 0.6888888888888888, "CBJ": 0.41025641025641024, "CGY": 0.5277777777777778, "CHI": 0.38095238095238093, "COL": 0.4523809523809524, "DAL": 0.6666666666666666, "DET": 0.3958333333333333, "EDM": 0.5238095238095238, "FLA": 0.611111111111111, "LAK": 0.6458333333333333, "MIN": 0.6888888888888888, "MTL": 0.5833333333333333, "NJD": 0.4313725490196078, "NSH": 0.5277777777777778, "NYI": 0.4222222222222222, "NYR": 0.5238095238095238, "OTT": 0.6666666666666666, "PHI": 0.5641025641025641, "PIT": 0.5641025641025641, "SEA": 0.4888888888888889, "SJS": 0.5208333333333333, "STL": 0.4583333333333333, "TBL": 0.641025641025641, "TOR": 0.41025641025641024, "UTA": 0.6458333333333333, "VAN": 0.4222222222222222, "VGK": 0.611111111111111, "WPG": 0.5277777777777778, "WSH": 0.611111111111111}, "home_prior": 0.5333333333333333, "away_map": {"ANA": 0.611111111111111, "BOS": 0.6666666666666666, "BUF": 0.5238095238095238, "CAR": 0.4583333333333333, "CBJ": 0.4583333333333333, "CGY": 0.6666666666666666, "CHI": 0.5641025641025641, "COL": 0.3333333333333333, "DAL": 0.4848484848484848, "DET": 0.5641025641025641, "EDM": 0.6222222222222221, "FLA": 0.6666666666666666, "LAK": 0.5277777777777778, "MIN": 0.5555555555555555, "MTL": 0.41025641025641024, "NJD": 0.4444444444444444, "NSH": 0.4313725490196078, "NYI": 0.5757575757575757, "NYR": 0.611111111111111, "OTT": 0.5277777777777778, "PHI": 0.3958333333333333, "PIT": 0.5952380952380951, "SEA": 0.6888888888888888, "SJS": 0.5277777777777778, "STL": 0.4523809523809524, "TBL": 0.6458333333333333, "TOR": 0.641025641025641, "UTA": 0.48717948717948717, "VAN": 0.4888888888888889, "VGK": 0.3958333333333333, "WPG": 0.5208333333333333, "WSH": 0.5238095238095238}, "away_prior": 0.5333333333333333}