{"home_map": {"ANA": 0.6729490022172949, "BOS": 0.7002032520325203, "BUF": 0.5613143631436314, "CAR": 0.6344947735191637, "CBJ": 0.5214338507021434, "CGY": 0.44727403156384504, "CHI": 0.4178622668579627, "COL": 0.6426459719142645, "DAL": 0.6542518127883982, "DET": 0.4766857962697274, "EDM": 0.5649210903873745, "FLA": 0.5580872913992297, "LAK": 0.3937844217151849, "MIN": 0.5694183864915572, "MTL": 0.492089650626236, "NJD": 0.5580872913992297, "NSH": 0.492089650626236, "NYI": 0.5487804878048781, "NYR": 0.3773519163763066, "OTT": 0.5064786585365854, "PHI": 0.4801829268292683, "PIT": 0.4916376306620209, "SEA": 0.4924953095684803, "SJS": 0.5202090592334495, "STL": 0.43803559657218194, "TBL": 0.5773519163763066, "TOR": 0.4001925545571245, "UTA": 0.5517368810051736, "VAN": 0.35695451549110085, "VGK": 0.46506262359920897, "WPG": 0.5057588075880759, "WSH": 0.6001977587343441}, "home_prior": 0.5207317073170732, "away_map": {"ANA": 0.519116677653263, "BOS": 0.6001977587343441, "BUF": 0.5057588075880759, "CAR": 0.4059233449477352, "CBJ": 0.519116677653263, "CGY": 0.6633504492939666, "CHI": 0.6272247857613711, "COL": 0.4528241335044929, "DAL": 0.3699186991869919, "DET": 0.4924953095684803, "EDM": 0.6207004377736085, "FLA": 0.5773519163763066, "LAK": 0.4801829268292683, "MIN": 0.44397865853658536, "MTL": 0.46082779009608277, "NJD": 0.5060975609756098, "NSH": 0.6531563845050216, "NYI": 0.3839815425181279, "NYR": 0.4502032520325203, "OTT": 0.47913992297817715, "PHI": 0.4554247266610597, "PIT": 0.4779810298102981, "SEA": 0.5588730025231287, "SJS": 0.584403080872914, "STL": 0.5335365853658537, "TBL": 0.5057588075880759, "TOR": 0.582039911308204, "UTA": 0.5172516359309934, "VAN": 0.5517368810051736, "VGK": 0.5613143631436314, "WPG": 0.5649210903873745, "WSH": 0.5355093256814921}, "away_prior": 0.5207317073170732}