{
  "VGK": 1.4377730010186742,
  "NJD": 1.141930038323035,
  "BUF": 1.1315479869630003,
  "WPG": 1.6799718094873954,
  "SJS": 1.3358282272274322,
  "DAL": 1.4709390924450663,
  "UTA": 1.3316444654446198,
  "VAN": 1.025440724543897,
  "WSH": 1.2744270557821185,
  "ANA": 1.4067950649818506,
  "COL": 1.5701549126229117,
  "NYR": 1.3774250509550074,
  "CBJ": 1.351368423368591,
  "FLA": 1.4014273658889873,
  "BOS": 1.4716725405899396,
  "MTL": 1.3547014815957268,
  "TOR": 1.6919086177426748,
  "STL": 1.3041266030088254,
  "OTT": 1.3663683712325265,
  "NYI": 1.4669247514479655,
  "TBL": 1.3793231152963306,
  "NSH": 1.374459088376992,
  "CAR": 1.3929285529729594,
  "CGY": 1.3818206395361077,
  "CHI": 1.3909128367678614,
  "LAK": 1.3142660022763233,
  "EDM": 1.3389677284801134,
  "DET": 1.3934357910881414,
  "SEA": 1.4564968030465333,
  "MIN": 1.4814372317552562,
  "PHI": 1.322921880413405,
  "PIT": 1.405769766493534
}