{"home_map": {"ANA": 0.6526345135210482, "BOS": 0.7078263097220443, "BUF": 0.560821484992101, "CAR": 0.6441548183254344, "CBJ": 0.5482735274204469, "CGY": 0.47748815165876773, "CHI": 0.3941548183254344, "COL": 0.6232227488151658, "DAL": 0.6537722556679902, "DET": 0.49113067027758966, "EDM": 0.5482735274204469, "FLA": 0.5576203542030431, "LAK": 0.3809241706161137, "MIN": 0.554739336492891, "MTL": 0.49161009350582807, "NJD": 0.5576203542030431, "NSH": 0.5049887752556748, "NYI": 0.5482735274204469, "NYR": 0.36637704054765663, "OTT": 0.5208961654459284, "PHI": 0.47973933649289097, "PIT": 0.49113067027758966, "SEA": 0.4920403451209138, "SJS": 0.5052659294365456, "STL": 0.437556039451774, "TBL": 0.5768449559918754, "TOR": 0.38947624255681124, "UTA": 0.5349874546975188, "VAN": 0.34709403841356945, "VGK": 0.4523571963083063, "WPG": 0.5052659294365456, "WSH": 0.6202454733260421}, "home_prior": 0.518957345971564, "away_map": {"ANA": 0.5049887752556748, "BOS": 0.5997182016139362, "BUF": 0.49161009350582807, "CAR": 0.410529012424747, "CBJ": 0.5186371205328552, "CGY": 0.66288351209778, "CHI": 0.6102519331504116, "COL": 0.44075829383886256, "DAL": 0.3585168664622247, "DET": 0.4920403451209138, "EDM": 0.6202454733260421, "FLA": 0.5726911745869092, "LAK": 0.47973933649289097, "MIN": 0.42998707453683754, "MTL": 0.4761639252857541, "NJD": 0.5052659294365456, "NSH": 0.6526345135210482, "NYI": 0.39972561736093787, "NYR": 0.46458306647880104, "OTT": 0.4920403451209138, "PHI": 0.42547011160373027, "PIT": 0.49161009350582807, "SEA": 0.5729857819905213, "SJS": 0.5839361436767273, "STL": 0.5456641475598821, "TBL": 0.49161009350582807, "TOR": 0.5815022260519891, "UTA": 0.5045136538027533, "VAN": 0.5511991957489588, "VGK": 0.560821484992101, "WPG": 0.5768449559918754, "WSH": 0.5349874546975188}, "away_prior": 0.518957345971564}