{"home_map": {"ANA": 0.6524032825322391, "BOS": 0.7076138271917873, "BUF": 0.5606031001693369, "CAR": 0.6439364335026703, "CBJ": 0.5480489030313181, "CGY": 0.4772697668360036, "CHI": 0.3939364335026703, "COL": 0.6229915178263568, "DAL": 0.6535597731377333, "DET": 0.4772697668360036, "EDM": 0.5328253223915591, "FLA": 0.5574134633183192, "LAK": 0.369142775942307, "MIN": 0.5654076001486861, "MTL": 0.5047818843709507, "NJD": 0.5574134633183192, "NSH": 0.5174797847716958, "NYI": 0.5480489030313181, "NYR": 0.36615865572489253, "OTT": 0.5347562237087097, "PHI": 0.47954279015240325, "PIT": 0.5050475446137814, "SEA": 0.49183875913067, "SJS": 0.49139761097557105, "STL": 0.437343556921517, "TBL": 0.5766203316027466, "TOR": 0.38927465656656746, "UTA": 0.5347562237087097, "VAN": 0.3379926052845162, "VGK": 0.45215030542358237, "WPG": 0.5050475446137814, "WSH": 0.6100450422656877}, "home_prior": 0.5181711606096131, "away_map": {"ANA": 0.5047818843709507, "BOS": 0.5837292527920034, "BUF": 0.47846609489726655, "CAR": 0.41031652989449, "CBJ": 0.5184246380025981, "CGY": 0.662676621213056, "CHI": 0.6100450422656877, "COL": 0.4405567078486187, "DAL": 0.3766203316027466, "DET": 0.49183875913067, "EDM": 0.6100450422656877, "FLA": 0.5724786920566521, "LAK": 0.47954279015240325, "MIN": 0.4297488365483676, "MTL": 0.475932694296945, "NJD": 0.5050475446137814, "NSH": 0.6524032825322391, "NYI": 0.41491568220759306, "NYR": 0.464370583948544, "OTT": 0.49183875913067, "PHI": 0.4119284876905041, "PIT": 0.49139761097557105, "SEA": 0.5727237202032043, "SJS": 0.5837292527920034, "STL": 0.531097673844635, "TBL": 0.47846609489726655, "TOR": 0.5935797531204744, "UTA": 0.5043264668118126, "VAN": 0.5509609577604888, "VGK": 0.5724786920566521, "WPG": 0.5883808779471147, "WSH": 0.5347562237087097}, "away_prior": 0.5181711606096131}