{"home_map": {"ANA": 0.6628170894526034, "BOS": 0.7080702197524626, "BUF": 0.5610721703011422, "CAR": 0.6444055036344756, "CBJ": 0.5610721703011422, "CGY": 0.4777388369678089, "CHI": 0.3944055036344756, "COL": 0.6234881803188564, "DAL": 0.6540161656984086, "DET": 0.4777388369678089, "EDM": 0.5332943925233644, "FLA": 0.5578578455484505, "LAK": 0.3696544888133673, "MIN": 0.565819466605881, "MTL": 0.505226266601082, "NJD": 0.5578578455484505, "NSH": 0.5179127725856698, "NYI": 0.5485313751668892, "NYR": 0.36662772585669784, "OTT": 0.5352528862012094, "PHI": 0.479964953271028, "PIT": 0.5055166147455866, "SEA": 0.4922717469446441, "SJS": 0.4918540035362465, "STL": 0.4377999494821924, "TBL": 0.5771028037383177, "TOR": 0.38970764438054156, "UTA": 0.5352528862012094, "VAN": 0.3384255930984903, "VGK": 0.4525946876537137, "WPG": 0.5055166147455866, "WSH": 0.6204768751497723}, "home_prior": 0.5198598130841121, "away_map": {"ANA": 0.505226266601082, "BOS": 0.5841736350221347, "BUF": 0.4922717469446441, "CAR": 0.41077292245516545, "CBJ": 0.5188810305632735, "CGY": 0.6631210034431874, "CHI": 0.6104894244958189, "COL": 0.44098969566259283, "DAL": 0.3771028037383178, "DET": 0.4922717469446441, "EDM": 0.6204768751497723, "FLA": 0.5729350846173276, "LAK": 0.479964953271028, "MIN": 0.43026054941942793, "MTL": 0.4764293567894447, "NJD": 0.5055166147455866, "NSH": 0.6528999450247388, "NYI": 0.41534867002156717, "NYR": 0.46482697650921945, "OTT": 0.4922717469446441, "PHI": 0.41245619158878505, "PIT": 0.4918540035362465, "SEA": 0.5870515526077781, "SJS": 0.5841736350221347, "STL": 0.5315420560747663, "TBL": 0.47891047712739787, "TOR": 0.5940764156129741, "UTA": 0.5047285269247885, "VAN": 0.551472670631549, "VGK": 0.5729350846173276, "WPG": 0.58884994807892, "WSH": 0.5352528862012094}, "away_prior": 0.5198598130841121}