{"home_map": {"ANA": 0.6734916734916734, "BOS": 0.7207207207207207, "BUF": 0.5654478007419184, "CAR": 0.6536830948595654, "CBJ": 0.5219765219765219, "CGY": 0.447800741918389, "CHI": 0.4183889772125066, "COL": 0.6632882882882882, "DAL": 0.6536830948595654, "DET": 0.4613704613704614, "EDM": 0.5382882882882882, "FLA": 0.5466277087898709, "LAK": 0.3943621040395234, "MIN": 0.6173673673673673, "MTL": 0.5066242713301536, "NJD": 0.5492921492921493, "NSH": 0.4925736547358168, "NYI": 0.5522795522795523, "NYR": 0.38897721250662426, "OTT": 0.4741741741741742, "PHI": 0.4929544929544929, "PIT": 0.4921492921492921, "SEA": 0.4925736547358168, "SJS": 0.5207207207207206, "STL": 0.42292292292292294, "TBL": 0.5825825825825826, "TOR": 0.39514514514514515, "UTA": 0.5695382882882882, "VAN": 0.34929214929214936, "VGK": 0.4635778635778635, "WPG": 0.4916734916734916, "WSH": 0.6173673673673673}, "home_prior": 0.5225225225225225, "away_map": {"ANA": 0.5066242713301536, "BOS": 0.5948595654478007, "BUF": 0.5207207207207206, "CAR": 0.4183889772125066, "CBJ": 0.5207207207207206, "CGY": 0.6635778635778635, "CHI": 0.6173673673673673, "COL": 0.43851960068176277, "DAL": 0.37046137046137045, "DET": 0.4655466277087898, "EDM": 0.6006817628439249, "FLA": 0.5522795522795523, "LAK": 0.4925736547358168, "MIN": 0.4445382882882883, "MTL": 0.4613704613704614, "NJD": 0.5066242713301536, "NSH": 0.6632882882882882, "NYI": 0.39514514514514515, "NYR": 0.4635778635778635, "OTT": 0.47961119013750586, "PHI": 0.4723294723294723, "PIT": 0.5066242713301536, "SEA": 0.5794723294723294, "SJS": 0.5948595654478007, "STL": 0.536036036036036, "TBL": 0.5207207207207206, "TOR": 0.5879104911362976, "UTA": 0.5306306306306305, "VAN": 0.5522795522795523, "VGK": 0.5618118118118117, "WPG": 0.5654478007419184, "WSH": 0.5522795522795523}, "away_prior": 0.5225225225225225}