{"home_map": {"ANA": 0.6944211409395973, "BOS": 0.7123963679431504, "BUF": 0.5381711409395973, "CAR": 0.6430750457596095, "CBJ": 0.5218629245474883, "CGY": 0.44769048559020924, "CHI": 0.4006508033353671, "COL": 0.6740492170022371, "DAL": 0.6319211409395973, "DET": 0.46125686394142773, "EDM": 0.5381711409395973, "FLA": 0.5339299030574198, "LAK": 0.40738255033557047, "MIN": 0.6063279002876318, "MTL": 0.49155989424445795, "NJD": 0.5653375444137386, "NSH": 0.49247233810992197, "NYI": 0.5521659548505186, "NYR": 0.3703477730323368, "OTT": 0.49039574172645223, "PHI": 0.49247233810992197, "PIT": 0.47710225029609155, "SEA": 0.5206136145733461, "SJS": 0.5206136145733461, "STL": 0.4348993288590604, "TBL": 0.6006711409395973, "TOR": 0.395041014168531, "UTA": 0.5877895648408746, "VAN": 0.3400447427293065, "VGK": 0.46125686394142773, "WPG": 0.5232734358086165, "WSH": 0.6063279002876318}, "home_prior": 0.5221476510067115, "away_map": {"ANA": 0.5218629245474883, "BOS": 0.5824689851535488, "BUF": 0.5206136145733461, "CAR": 0.4182787208843269, "CBJ": 0.5359257797078563, "CGY": 0.6430750457596095, "CHI": 0.6241610738255033, "COL": 0.45059656972408646, "DAL": 0.3703477730323368, "DET": 0.46347075743048893, "EDM": 0.6348993288590604, "FLA": 0.5521659548505186, "LAK": 0.47837434750186425, "MIN": 0.4264992422602295, "MTL": 0.49101537129248757, "NJD": 0.5065140150019739, "NSH": 0.6740492170022371, "NYI": 0.4063279002876318, "NYR": 0.49155989424445795, "OTT": 0.49247233810992197, "PHI": 0.4721955896452541, "PIT": 0.47567114093959734, "SEA": 0.5793384467881112, "SJS": 0.5824689851535488, "STL": 0.5521659548505186, "TBL": 0.5065140150019739, "TOR": 0.5740492170022371, "UTA": 0.5058283292122925, "VAN": 0.5521659548505186, "VGK": 0.5491850431447748, "WPG": 0.5653375444137386, "WSH": 0.5381711409395973}, "away_prior": 0.5221476510067115}