{"home_map": {"ANA": 0.3899782135076253, "BOS": 0.6358024691358025, "BUF": 0.6878306878306878, "CAR": 0.6840958605664488, "CBJ": 0.40211640211640215, "CGY": 0.6026936026936027, "CHI": 0.46913580246913583, "COL": 0.47685185185185186, "DAL": 0.6643518518518519, "DET": 0.41435185185185186, "EDM": 0.6164021164021164, "FLA": 0.6358024691358025, "LAK": 0.6018518518518519, "MIN": 0.6878306878306878, "MTL": 0.6018518518518519, "NJD": 0.44880174291939, "NSH": 0.5117845117845118, "NYI": 0.50997150997151, "NYR": 0.6018518518518519, "OTT": 0.6840958605664488, "PHI": 0.586894586894587, "PIT": 0.6164021164021164, "SEA": 0.544973544973545, "SJS": 0.5664488017429194, "STL": 0.4419753086419753, "TBL": 0.6164021164021164, "TOR": 0.46913580246913583, "UTA": 0.6878306878306878, "VAN": 0.40211640211640215, "VGK": 0.586894586894587, "WPG": 0.5524691358024691, "WSH": 0.6358024691358025}, "home_prior": 0.562962962962963, "away_map": {"ANA": 0.6358024691358025, "BOS": 0.6840958605664488, "BUF": 0.586894586894587, "CAR": 0.50997150997151, "CBJ": 0.47685185185185186, "CGY": 0.7016460905349794, "CHI": 0.6164021164021164, "COL": 0.40211640211640215, "DAL": 0.586894586894587, "DET": 0.586894586894587, "EDM": 0.6164021164021164, "FLA": 0.7016460905349794, "MIN": 0.544973544973545, "MTL": 0.37530864197530867, "NJD": 0.586894586894587, "NSH": 0.4794238683127572, "NYI": 0.6358024691358025, "OTT": 0.6026936026936027, "PHI": 0.42386831275720166, "PIT": 0.50997150997151, "SEA": 0.7268518518518519, "SJS": 0.5524691358024691, "STL": 0.544973544973545, "TBL": 0.708641975308642, "TOR": 0.6419753086419753, "UTA": 0.43304843304843305, "VAN": 0.6018518518518519, "VGK": 0.41435185185185186, "WPG": 0.4419753086419753, "WSH": 0.544973544973545}, "away_prior": 0.562962962962963}