{"home_map": {"ANA": 0.6522736754276178, "BOS": 0.7074947287713245, "BUF": 0.5604806934594168, "CAR": 0.6438140267927501, "CBJ": 0.5479229989868288, "CGY": 0.47714736012608344, "CHI": 0.3938140267927502, "COL": 0.6228619107217355, "DAL": 0.6534406747172704, "DET": 0.47714736012608344, "EDM": 0.532702915681639, "FLA": 0.5572974990668159, "LAK": 0.38054078014184395, "MIN": 0.5544326241134752, "MTL": 0.49127851255510824, "NJD": 0.5572974990668159, "NSH": 0.5046659201194474, "NYI": 0.5479229989868288, "NYR": 0.3660362490149724, "OTT": 0.5205243928648183, "PHI": 0.4794326241134751, "PIT": 0.49078014184397156, "SEA": 0.49172576832151293, "SJS": 0.5049251379038613, "STL": 0.4372244585010542, "TBL": 0.5764944275582573, "TOR": 0.3891616657574104, "UTA": 0.5346266166040884, "VAN": 0.3467711832773423, "VGK": 0.4520343411720791, "WPG": 0.5049251379038613, "WSH": 0.6199308965266411}, "home_prior": 0.5177304964539007, "away_map": {"ANA": 0.5046659201194474, "BOS": 0.5836132885405001, "BUF": 0.49127851255510824, "CAR": 0.4101974314740272, "CBJ": 0.5183055395821352, "CGY": 0.6625606569615528, "CHI": 0.6099290780141843, "COL": 0.44044371703946167, "DAL": 0.3581560283687943, "DET": 0.49172576832151293, "EDM": 0.6199308965266411, "FLA": 0.5723595936361893, "LAK": 0.4794326241134751, "MIN": 0.42961530195572745, "MTL": 0.47580308719232367, "NJD": 0.5049251379038613, "NSH": 0.6522736754276178, "NYI": 0.3994027622247107, "NYR": 0.4642514855280812, "OTT": 0.49172576832151293, "PHI": 0.4250743536948067, "PIT": 0.49127851255510824, "SEA": 0.5725768321513002, "SJS": 0.5836132885405001, "STL": 0.5453325666091623, "TBL": 0.47835013064576326, "TOR": 0.5811304534708789, "UTA": 0.5042215467747382, "VAN": 0.5508274231678486, "VGK": 0.5604806934594168, "WPG": 0.5764944275582573, "WSH": 0.5346266166040884}, "away_prior": 0.5177304964539007}