{"home_map": {"ANA": 0.3856209150326797, "BOS": 0.5462962962962963, "BUF": 0.6581196581196581, "CAR": 0.6597222222222222, "CBJ": 0.42735042735042733, "CGY": 0.6296296296296297, "CHI": 0.42735042735042733, "COL": 0.5037037037037037, "DAL": 0.6797385620915033, "DET": 0.4097222222222222, "EDM": 0.5811965811965811, "FLA": 0.6296296296296297, "LAK": 0.6209150326797386, "MIN": 0.6825396825396826, "MTL": 0.5972222222222222, "NJD": 0.4444444444444444, "NSH": 0.5959595959595959, "NYI": 0.46825396825396826, "NYR": 0.5972222222222222, "OTT": 0.6797385620915033, "PHI": 0.5811965811965811, "PIT": 0.611111111111111, "SEA": 0.5396825396825397, "SJS": 0.5620915032679739, "STL": 0.3968253968253968, "TBL": 0.611111111111111, "TOR": 0.46296296296296297, "UTA": 0.6370370370370371, "VAN": 0.3968253968253968, "VGK": 0.5811965811965811, "WPG": 0.5462962962962963, "WSH": 0.6296296296296297}, "home_prior": 0.5555555555555556, "away_map": {"ANA": 0.5959595959595959, "BOS": 0.6797385620915033, "BUF": 0.5811965811965811, "CAR": 0.46825396825396826, "CBJ": 0.4722222222222222, "CGY": 0.6975308641975309, "CHI": 0.611111111111111, "COL": 0.3968253968253968, "DAL": 0.6296296296296297, "DET": 0.5811965811965811, "EDM": 0.6370370370370371, "FLA": 0.6975308641975309, "MIN": 0.5396825396825397, "MTL": 0.3968253968253968, "NJD": 0.5042735042735043, "NSH": 0.47530864197530864, "NYI": 0.6296296296296297, "NYR": 0.5959595959595959, "OTT": 0.5462962962962963, "PHI": 0.4444444444444444, "PIT": 0.5042735042735043, "SEA": 0.7037037037037037, "SJS": 0.5959595959595959, "STL": 0.5037037037037037, "TBL": 0.6597222222222222, "TOR": 0.611111111111111, "UTA": 0.46825396825396826, "VAN": 0.5972222222222222, "VGK": 0.4097222222222222, "WPG": 0.46825396825396826, "WSH": 0.5037037037037037}, "away_prior": 0.5555555555555556}