{"home_map": {"ANA": 0.68514187370372, "BOS": 0.704224184388343, "BUF": 0.5238515511230749, "CAR": 0.6436181237822824, "CBJ": 0.5387311901504788, "CGY": 0.4314969116610703, "CHI": 0.41373119015047877, "COL": 0.6746466028271774, "DAL": 0.652883809187591, "DET": 0.47623119015047877, "EDM": 0.5387311901504788, "FLA": 0.5344277245782033, "LAK": 0.4079799361605107, "MIN": 0.6068399452804377, "MTL": 0.4921029722671309, "NJD": 0.5527090328731915, "NSH": 0.49295670499500865, "NYI": 0.5527090328731915, "NYR": 0.37089085105500974, "OTT": 0.49101372706259727, "PHI": 0.49295670499500865, "PIT": 0.4921029722671309, "SEA": 0.5364528848475094, "SJS": 0.5364528848475094, "STL": 0.4354113738518663, "TBL": 0.6012311901504788, "TOR": 0.4068399452804377, "UTA": 0.5883676801553329, "VAN": 0.3405878207519794, "VGK": 0.4617999419641006, "WPG": 0.5079799361605107, "WSH": 0.6068399452804377}, "home_prior": 0.5239398084815321, "away_map": {"ANA": 0.5224060025701612, "BOS": 0.5830120631762218, "BUF": 0.521125659566152, "CAR": 0.40119388135804, "CBJ": 0.5364528848475094, "CGY": 0.6436181237822824, "CHI": 0.6246881789651565, "COL": 0.46398280242329487, "DAL": 0.37089085105500974, "DET": 0.46398280242329487, "EDM": 0.6354113738518663, "FLA": 0.5699811901504788, "LAK": 0.4788721690226478, "MIN": 0.42707735757468773, "MTL": 0.47464660282717736, "NJD": 0.507041120141627, "NSH": 0.6634275201660456, "NYI": 0.41880582602398003, "NYR": 0.47623119015047877, "OTT": 0.5066499468004255, "PHI": 0.49034807721538226, "PIT": 0.47623119015047877, "SEA": 0.5799785030291186, "SJS": 0.5830120631762218, "STL": 0.5527090328731915, "TBL": 0.5224060025701612, "TOR": 0.5746466028271774, "UTA": 0.5199837320220357, "VAN": 0.5561096156392039, "VGK": 0.5496970881375806, "WPG": 0.5658646495533918, "WSH": 0.5238515511230749}, "away_prior": 0.5239398084815321}