{"home_map": {"ANA": 0.6527285613040398, "BOS": 0.6997991967871486, "BUF": 0.5609103078982597, "CAR": 0.6442436412315931, "CBJ": 0.5350815024805103, "CGY": 0.4626506024096386, "CHI": 0.4055077452667814, "COL": 0.6233167965981574, "DAL": 0.6538586779550636, "DET": 0.4762579730687456, "EDM": 0.5644932671863927, "FLA": 0.557704502219404, "LAK": 0.3810240963855422, "MIN": 0.5690454124189065, "MTL": 0.4916965157929014, "NJD": 0.557704502219404, "NSH": 0.4916965157929014, "NYI": 0.5483648881239244, "NYR": 0.36646586345381527, "OTT": 0.5060240963855422, "PHI": 0.4798192771084338, "PIT": 0.4912220309810672, "SEA": 0.4921223354958295, "SJS": 0.5053547523427042, "STL": 0.43764246173884735, "TBL": 0.576936316695353, "TOR": 0.3998097653772987, "UTA": 0.5512960934647682, "VAN": 0.3565613806577662, "VGK": 0.4646694887658744, "WPG": 0.5053547523427042, "WSH": 0.6103360811667724}, "home_prior": 0.519277108433735, "away_map": {"ANA": 0.5187235428199284, "BOS": 0.5998046239010095, "BUF": 0.4916965157929014, "CAR": 0.42202141900937085, "CBJ": 0.5187235428199284, "CGY": 0.6629676601141409, "CHI": 0.6268316509280365, "COL": 0.45244134432466715, "DAL": 0.3586109142452162, "DET": 0.4921223354958295, "EDM": 0.6203274637009577, "FLA": 0.576936316695353, "LAK": 0.4798192771084338, "MIN": 0.430083972252647, "MTL": 0.46038700255567727, "NJD": 0.4912220309810672, "NSH": 0.6527285613040398, "NYI": 0.38358840768479324, "NYR": 0.44979919678714864, "OTT": 0.4921223354958295, "PHI": 0.4255732607850758, "PIT": 0.4916965157929014, "SEA": 0.558371416701288, "SJS": 0.5840202916930882, "STL": 0.5457505698469555, "TBL": 0.5053547523427042, "TOR": 0.5815991237677985, "UTA": 0.5168968557155451, "VAN": 0.5512960934647682, "VGK": 0.5609103078982597, "WPG": 0.5644932671863927, "WSH": 0.5350815024805103}, "away_prior": 0.519277108433735}