{"home_map": {"ANA": 0.6732881514372517, "BOS": 0.7205288284979802, "BUF": 0.5652502646302737, "CAR": 0.6534855587479208, "CBJ": 0.5217729999221002, "CGY": 0.44760320580674434, "CHI": 0.418191441100862, "COL": 0.6630784061696658, "DAL": 0.6534855587479208, "DET": 0.4611669393160396, "EDM": 0.5380784061696658, "FLA": 0.546446189119711, "LAK": 0.39414545152997765, "MIN": 0.600500243173765, "MTL": 0.506426735218509, "NJD": 0.5491002570694088, "NSH": 0.49239213506565693, "NYI": 0.5520760302251304, "NYR": 0.3887796763949796, "OTT": 0.47395029991431026, "PHI": 0.49278228198536683, "PIT": 0.49195739992655163, "SEA": 0.49239213506565693, "SJS": 0.5205288284979802, "STL": 0.42273636103970297, "TBL": 0.5823790605281608, "TOR": 0.3949585832619252, "UTA": 0.5693284061696658, "VAN": 0.3491002570694088, "VGK": 0.46338597135512305, "WPG": 0.4914699696190699, "WSH": 0.6171808054841474}, "home_prior": 0.5218508997429306, "away_map": {"ANA": 0.506426735218509, "BOS": 0.5946620293361561, "BUF": 0.5205288284979802, "CAR": 0.418191441100862, "CBJ": 0.5205288284979802, "CGY": 0.663385971355123, "CHI": 0.6171808054841474, "COL": 0.4383380810116029, "DAL": 0.3702578484069487, "DET": 0.4653651080386299, "EDM": 0.600500243173765, "FLA": 0.5520760302251304, "LAK": 0.49239213506565693, "MIN": 0.44432840616966585, "MTL": 0.4611669393160396, "NJD": 0.506426735218509, "NSH": 0.6630784061696658, "NYI": 0.3949585832619252, "NYR": 0.46338597135512305, "OTT": 0.4794344473007712, "PHI": 0.4558106550837692, "PIT": 0.506426735218509, "SEA": 0.5792324641939038, "SJS": 0.5946620293361561, "STL": 0.5358384999243914, "TBL": 0.5205288284979802, "TOR": 0.5876938386267518, "UTA": 0.5304627249357327, "VAN": 0.5520760302251304, "VGK": 0.5616252499285918, "WPG": 0.5652502646302737, "WSH": 0.5520760302251304}, "away_prior": 0.5218508997429306}