{"home_map": {"ANA": 0.6537593454648046, "BOS": 0.7088599390757664, "BUF": 0.5618838262723155, "CAR": 0.6452171596056488, "CBJ": 0.5493662213086673, "CGY": 0.4636519355943816, "CHI": 0.40650907845152445, "COL": 0.6243475807589223, "DAL": 0.6548058850217123, "DET": 0.4922233641658102, "EDM": 0.5655240513471576, "FLA": 0.5586267827842989, "LAK": 0.39444573373559216, "MIN": 0.5556954436450839, "MTL": 0.49264372285955016, "NJD": 0.5586267827842989, "NSH": 0.5059952038369304, "NYI": 0.5493662213086673, "NYR": 0.367439381827871, "OTT": 0.5220550832061623, "PHI": 0.48069544364508393, "PIT": 0.4922233641658102, "SEA": 0.4930209678411117, "SJS": 0.5207947927372387, "STL": 0.4385896688054961, "TBL": 0.5779376498800959, "TOR": 0.4007320459421936, "UTA": 0.5523581135091926, "VAN": 0.3575085877244151, "VGK": 0.46561669583252313, "WPG": 0.5063282707167599, "WSH": 0.6112583617316673}, "home_prior": 0.5227817745803357, "away_map": {"ANA": 0.5196707498865772, "BOS": 0.6007518309676583, "BUF": 0.5063282707167599, "CAR": 0.4229949373834266, "CBJ": 0.5196707498865772, "CGY": 0.6638899406790357, "CHI": 0.6112583617316673, "COL": 0.453363624889562, "DAL": 0.3596416984059811, "DET": 0.4930209678411117, "EDM": 0.6212260960462399, "FLA": 0.5779376498800959, "LAK": 0.48069544364508393, "MIN": 0.4311459922970714, "MTL": 0.4772887572295105, "NJD": 0.4922233641658102, "NSH": 0.6537593454648046, "NYI": 0.4007320459421936, "NYR": 0.46561669583252313, "OTT": 0.4930209678411117, "PHI": 0.44092725819344525, "PIT": 0.49264372285955016, "SEA": 0.5742605915267786, "SJS": 0.5849425722579831, "STL": 0.5466977769136042, "TBL": 0.5063282707167599, "TOR": 0.5826611438122229, "UTA": 0.5177516523366672, "VAN": 0.5523581135091926, "VGK": 0.5618838262723155, "WPG": 0.5779376498800959, "WSH": 0.5361122866412752}, "away_prior": 0.5227817745803357}