{
  "meta": {
    "generated_at_utc": "2026-04-17T22:11:18.490671+00:00",
    "rows_playoff_teams": 80,
    "seasons": [
      "20202021",
      "20212022",
      "20222023",
      "20232024",
      "20242025"
    ],
    "source": "train_regular_season_playoff_round_models_5yr.py",
    "features_used": [
      "points_pct",
      "goal_diff",
      "goals_for",
      "goals_against",
      "league_rank_points",
      "division_rank",
      "conference_rank"
    ]
  },
  "targets": {
    "won_round_1": {
      "description": "Won at least one playoff series (advanced past R1)",
      "positives": 40,
      "negatives": 40,
      "logistic": {
        "intercept": -0.02156867223385682,
        "coef": {
          "points_pct": -0.5647822013481058,
          "goal_diff": 0.4887070190019625,
          "goals_for": 0.18713024180662913,
          "goals_against": -0.13515560435932025,
          "league_rank_points": -0.5597314813399016,
          "division_rank": -0.5250477857643462,
          "conference_rank": 0.15830896764722824
        }
      },
      "scaler": {
        "mean": {
          "points_pct": 0.6435023,
          "goal_diff": 39.5375,
          "goals_for": 255.2875,
          "goals_against": 215.75,
          "league_rank_points": 8.575,
          "division_rank": 2.5375,
          "conference_rank": 23.4
        },
        "scale": {
          "points_pct": 0.053140545205944203,
          "goal_diff": 27.55900204561116,
          "goals_for": 44.39684497517814,
          "goals_against": 38.180328704713894,
          "league_rank_points": 4.737549472037205,
          "division_rank": 1.1826215582340784,
          "conference_rank": 37.85551478978987
        }
      }
    },
    "won_round_2": {
      "description": "Won at least two playoff series",
      "positives": 20,
      "negatives": 60,
      "logistic": {
        "intercept": -0.05242008301077359,
        "coef": {
          "points_pct": -0.3833292058602948,
          "goal_diff": 0.21364992133364397,
          "goals_for": -0.030580433768143216,
          "goals_against": -0.18977451588733857,
          "league_rank_points": -0.04970515599019849,
          "division_rank": -0.4488669267239242,
          "conference_rank": -0.07505323983340821
        }
      },
      "scaler": {
        "mean": {
          "points_pct": 0.6435023,
          "goal_diff": 39.5375,
          "goals_for": 255.2875,
          "goals_against": 215.75,
          "league_rank_points": 8.575,
          "division_rank": 2.5375,
          "conference_rank": 23.4
        },
        "scale": {
          "points_pct": 0.053140545205944203,
          "goal_diff": 27.55900204561116,
          "goals_for": 44.39684497517814,
          "goals_against": 38.180328704713894,
          "league_rank_points": 4.737549472037205,
          "division_rank": 1.1826215582340784,
          "conference_rank": 37.85551478978987
        }
      }
    },
    "won_conference": {
      "description": "Won conference finals (Stanley Cup Finalist; three series wins)",
      "positives": 10,
      "negatives": 70,
      "logistic": {
        "intercept": -0.05041962618480013,
        "coef": {
          "points_pct": -0.3674565472158791,
          "goal_diff": 0.23883917007454294,
          "goals_for": 0.17521819911734474,
          "goals_against": 0.031350333718799674,
          "league_rank_points": 0.30045913091614673,
          "division_rank": -0.38427409082189745,
          "conference_rank": 0.20989046695895594
        }
      },
      "scaler": {
        "mean": {
          "points_pct": 0.6435023,
          "goal_diff": 39.5375,
          "goals_for": 255.2875,
          "goals_against": 215.75,
          "league_rank_points": 8.575,
          "division_rank": 2.5375,
          "conference_rank": 23.4
        },
        "scale": {
          "points_pct": 0.053140545205944203,
          "goal_diff": 27.55900204561116,
          "goals_for": 44.39684497517814,
          "goals_against": 38.180328704713894,
          "league_rank_points": 4.737549472037205,
          "division_rank": 1.1826215582340784,
          "conference_rank": 37.85551478978987
        }
      }
    },
    "won_cup": {
      "description": "Won Stanley Cup (four series)",
      "positives": 5,
      "negatives": 75,
      "logistic": {
        "intercept": -0.27773285400802833,
        "coef": {
          "points_pct": 0.05953006331566636,
          "goal_diff": -0.006183243310191303,
          "goals_for": -0.3311750738600487,
          "goals_against": -0.3806338209178229,
          "league_rank_points": -0.16572274574087534,
          "division_rank": -0.5658701351997638,
          "conference_rank": -0.4194043882860911
        }
      },
      "scaler": {
        "mean": {
          "points_pct": 0.6435023,
          "goal_diff": 39.5375,
          "goals_for": 255.2875,
          "goals_against": 215.75,
          "league_rank_points": 8.575,
          "division_rank": 2.5375,
          "conference_rank": 23.4
        },
        "scale": {
          "points_pct": 0.053140545205944203,
          "goal_diff": 27.55900204561116,
          "goals_for": 44.39684497517814,
          "goals_against": 38.180328704713894,
          "league_rank_points": 4.737549472037205,
          "division_rank": 1.1826215582340784,
          "conference_rank": 37.85551478978987
        }
      }
    }
  }
}